datetime,A_Leq,A_L10,A_L95,C_Leq,C_L10,C_L95,source_file,noise_class
2013-09-10 10:05:00,59.18,63.37,53.51,63.04,66.45,58.02,DCC-NOISE-001003-2013-09-10T00-00-00.txt,0
2013-11-26 15:46:00,63.1,67.4,56.88,66.47,70.27,61.45,DCC-NOISE-001003-2013-11-26T00-00-00.txt,1
2013-04-28 14:40:00,71.76,73.71,69.28,71.09,73.4,68.41,DCC-NOISE-001003-2013-04-28T00-00-00.txt,1
2013-04-03 13:05:00,64.49,67.37,58.44,64.91,67.25,60.62,DCC-NOISE-001003-2013-04-03T00-00-00.txt,1
2013-03-19 15:45:00,63.85,68.43,56.54,67.49,73.04,59.31,DCC-NOISE-001003-2013-03-19T00-00-00.txt,1
2013-04-18 18:30:00,63.34,65.76,58.45,67.39,70.64,62.05,DCC-NOISE-001003-2013-04-18T00-00-00.txt,1
2013-08-13 15:25:00,56.19,58.73,51.13,60.91,64.59,55.54,DCC-NOISE-001003-2013-08-13T00-00-00.txt,0
2013-01-14 15:41:00,61.18,63.95,56.18,64.31,67.02,59.87,DCC-NOISE-001003-2013-01-14T00-00-00.txt,0
2013-01-25 13:55:00,63.86,66.28,60.24,71.13,75.82,64.76,DCC-NOISE-001014-2013-01-25T00-00-00.txt,1
2013-01-25 18:15:00,63.8,66.65,58.09,65.5,67.91,60.61,DCC-NOISE-001014-2013-01-25T00-00-00.txt,1
2013-03-07 18:00:00,61.65,64.0,55.87,63.45,65.62,58.45,DCC-NOISE-001003-2013-03-07T00-00-00.txt,0
2013-02-04 20:15:00,61.32,64.0,56.18,64.2,66.84,60.2,DCC-NOISE-001014-2013-02-04T00-00-00.txt,0
2013-08-31 01:30:00,52.7,57.28,47.57,55.4,59.92,50.7,DCC-NOISE-001003-2013-08-31T00-00-00.txt,0
2013-01-08 11:10:00,59.19,61.81,55.29,62.4,64.46,58.65,DCC-NOISE-001003-2013-01-08T00-00-00.txt,0
2013-04-02 22:45:00,54.79,59.22,47.5,58.79,62.43,51.07,DCC-NOISE-001003-2013-04-02T00-00-00.txt,0
2013-01-31 21:30:00,58.83,61.6,54.99,60.93,63.21,57.68,DCC-NOISE-001014-2013-01-31T00-00-00.txt,0
2013-08-02 09:15:00,59.44,61.08,52.0,63.59,66.28,56.07,DCC-NOISE-001003-2013-08-02T00-00-00.txt,0
2013-10-01 17:17:00,61.37,61.87,53.66,64.11,68.07,57.69,DCC-NOISE-001003-2013-10-01T00-00-00.txt,0
2013-12-13 13:57:00,63.85,65.11,61.53,64.33,65.68,62.04,DCC-NOISE-001003-2013-12-13T00-02-00.txt,1
2013-03-22 12:50:00,62.96,66.45,57.27,65.44,68.96,60.21,DCC-NOISE-001003-2013-03-22T00-00-00.txt,0
2013-11-29 01:00:00,53.67,57.95,47.24,56.19,60.15,50.79,DCC-NOISE-001003-2013-11-29T00-00-00.txt,0
2013-05-25 15:00:00,54.81,58.15,49.06,59.52,63.11,55.08,DCC-NOISE-001003-2013-05-25T00-00-00.txt,0
2013-01-02 12:45:00,59.4,62.11,56.05,63.3,65.96,59.34,DCC-NOISE-001003-2013-01-02T00-00-00.txt,0
2013-08-05 10:10:00,56.17,59.6,50.88,59.59,62.17,53.87,DCC-NOISE-001003-2013-08-05T00-00-00.txt,0
2013-12-26 23:05:00,64.32,67.96,57.35,73.59,79.88,61.92,DCC-NOISE-001003-2013-12-26T00-00-00.txt,1
2013-11-02 16:32:00,63.58,66.5,59.6,68.26,72.26,61.98,DCC-NOISE-001003-2013-11-02T00-00-00.txt,1
2013-02-01 21:40:00,56.46,58.97,51.86,59.72,62.19,56.09,DCC-NOISE-001014-2013-02-01T00-00-00.txt,0
2013-12-18 16:35:00,63.44,65.93,58.72,67.47,70.87,62.21,DCC-NOISE-001003-2013-12-18T00-00-00.txt,1
2013-12-05 07:22:00,64.83,68.81,59.0,74.15,80.93,64.47,DCC-NOISE-001003-2013-12-05T00-00-00.txt,1
2013-10-21 13:22:00,60.57,62.41,54.66,62.68,65.08,57.5,DCC-NOISE-001003-2013-10-21T00-00-00.txt,0
2013-12-27 15:02:00,64.72,67.87,59.66,70.29,74.73,63.64,DCC-NOISE-001003-2013-12-27T00-02-00.txt,1
2013-10-31 15:21:00,64.36,68.45,58.37,72.09,77.78,63.46,DCC-NOISE-001003-2013-10-31T00-00-00.txt,1
2013-03-22 16:25:00,63.66,65.42,60.97,67.96,71.71,62.74,DCC-NOISE-001003-2013-03-22T00-00-00.txt,1
2013-06-16 16:15:00,54.79,57.99,49.81,58.21,60.77,53.6,DCC-NOISE-001003-2013-06-16T00-00-00.txt,0
2013-12-30 15:00:00,63.3,65.04,59.83,65.49,67.95,61.55,DCC-NOISE-001003-2013-12-30T00-00-00.txt,1
2013-04-03 14:30:00,63.8,66.61,60.34,64.81,66.84,61.2,DCC-NOISE-001003-2013-04-03T00-00-00.txt,1
2013-12-12 11:55:00,61.59,63.45,59.05,65.89,69.04,61.67,DCC-NOISE-001003-2013-12-12T00-00-00.txt,0
2013-03-10 15:35:00,61.93,64.44,57.23,66.34,71.97,59.66,DCC-NOISE-001003-2013-03-10T00-00-00.txt,0
2013-02-18 21:55:00,54.4,58.8,45.62,56.85,60.51,49.83,DCC-NOISE-001003-2013-02-18T11-40-00.txt,0
2013-12-30 10:55:00,63.42,65.37,61.1,64.44,66.42,62.01,DCC-NOISE-001003-2013-12-30T00-00-00.txt,1
2013-01-29 15:25:00,63.24,66.03,59.51,72.55,78.64,64.68,DCC-NOISE-001014-2013-01-29T00-00-00.txt,1
2013-03-24 13:10:00,61.48,65.02,55.08,63.31,65.88,58.68,DCC-NOISE-001003-2013-03-24T00-00-00.txt,0
2013-01-15 10:56:00,60.87,63.38,54.21,64.14,67.17,58.32,DCC-NOISE-001003-2013-01-15T00-00-00.txt,0
2013-02-25 17:00:00,57.24,60.66,50.69,60.75,64.19,54.37,DCC-NOISE-001003-2013-02-25T00-00-00.txt,0
2013-04-26 07:10:00,61.5,67.84,55.67,63.44,67.59,59.2,DCC-NOISE-001003-2013-04-26T00-00-00.txt,0
2013-12-20 14:50:00,63.32,64.88,60.46,66.88,69.8,62.09,DCC-NOISE-001003-2013-12-20T00-00-00.txt,1
2013-03-29 15:30:00,63.02,64.77,59.95,64.17,67.23,60.25,DCC-NOISE-001003-2013-03-29T00-00-00.txt,0
2013-04-07 09:45:00,67.13,77.44,48.89,67.75,77.01,52.56,DCC-NOISE-001003-2013-04-07T00-00-00.txt,1
2013-09-24 10:35:00,65.85,70.24,58.02,71.15,76.08,63.19,DCC-NOISE-001003-2013-09-24T00-00-00.txt,1
2013-12-05 09:37:00,68.36,73.67,59.42,78.93,85.78,65.36,DCC-NOISE-001003-2013-12-05T00-00-00.txt,1
2013-02-05 15:20:00,63.98,64.06,57.43,69.32,72.94,61.29,DCC-NOISE-001014-2013-02-05T00-00-00.txt,1
2013-10-21 09:42:00,60.79,64.48,55.46,63.16,66.2,58.54,DCC-NOISE-001003-2013-10-21T00-00-00.txt,0
2013-01-31 13:15:00,61.99,65.29,56.76,70.06,76.94,61.86,DCC-NOISE-001014-2013-01-31T00-00-00.txt,0
2013-12-20 10:40:00,63.87,66.75,60.17,66.91,69.53,63.15,DCC-NOISE-001003-2013-12-20T00-00-00.txt,1
2013-08-18 15:45:00,79.68,85.48,68.56,82.17,87.55,72.77,DCC-NOISE-001003-2013-08-18T00-00-00.txt,1
2013-05-12 13:00:00,60.41,62.25,57.09,66.26,71.17,60.07,DCC-NOISE-001003-2013-05-12T00-00-00.txt,0
2013-05-13 11:00:00,64.8,68.64,59.52,70.28,74.74,64.3,DCC-NOISE-001003-2013-05-13T00-00-00.txt,1
2013-02-13 09:30:00,60.84,63.88,56.2,64.21,67.34,60.21,DCC-NOISE-001014-2013-02-13T00-00-00.txt,0
2013-09-24 12:10:00,55.3,58.57,48.69,59.98,62.86,54.31,DCC-NOISE-001003-2013-09-24T00-00-00.txt,0
2013-03-21 17:40:00,60.24,62.78,56.47,64.68,66.78,60.9,DCC-NOISE-001003-2013-03-21T00-00-00.txt,0
2013-11-22 06:46:00,57.63,60.14,53.77,60.85,62.92,57.09,DCC-NOISE-001003-2013-11-22T00-00-00.txt,0
2013-04-16 10:30:00,63.97,67.7,58.36,73.32,80.13,63.94,DCC-NOISE-001003-2013-04-16T00-00-00.txt,1
2013-07-30 05:45:00,51.91,56.23,47.81,55.47,59.09,51.9,DCC-NOISE-001003-2013-07-30T00-00-00.txt,0
2013-05-10 14:25:00,68.67,70.65,66.13,68.99,70.35,66.25,DCC-NOISE-001003-2013-05-10T00-00-00.txt,1
2013-09-03 15:15:00,53.53,57.12,48.11,58.63,61.7,53.82,DCC-NOISE-001003-2013-09-03T00-00-00.txt,0
2013-11-20 11:26:00,63.28,66.27,57.49,69.82,74.18,62.06,DCC-NOISE-001003-2013-11-20T00-00-00.txt,1
2013-03-07 13:10:00,60.63,64.14,54.85,62.75,65.81,58.03,DCC-NOISE-001003-2013-03-07T00-00-00.txt,0
2013-02-04 18:30:00,62.06,63.5,58.41,66.97,71.02,62.04,DCC-NOISE-001014-2013-02-04T00-00-00.txt,0
2013-01-31 09:45:00,60.69,62.89,57.06,65.58,68.42,61.64,DCC-NOISE-001014-2013-01-31T00-00-00.txt,0
2013-02-20 07:20:00,56.81,60.26,51.9,59.96,63.44,55.13,DCC-NOISE-001003-2013-02-20T00-00-00.txt,0
2013-11-19 12:21:00,68.37,75.16,59.82,70.63,76.47,63.28,DCC-NOISE-001003-2013-11-19T00-00-00.txt,1
2013-09-11 15:00:00,63.15,62.09,53.67,65.16,66.44,57.71,DCC-NOISE-001003-2013-09-11T00-00-00.txt,1
2013-03-10 13:20:00,61.2,63.99,56.08,67.0,72.57,60.18,DCC-NOISE-001003-2013-03-10T00-00-00.txt,0
2013-08-02 13:20:00,68.23,74.16,55.34,69.55,74.16,59.69,DCC-NOISE-001003-2013-08-02T00-00-00.txt,1
2013-12-26 21:20:00,65.4,69.39,59.77,75.05,80.4,64.58,DCC-NOISE-001003-2013-12-26T00-00-00.txt,1
2013-02-08 13:45:00,59.74,62.46,55.29,63.74,66.1,60.0,DCC-NOISE-001014-2013-02-08T00-00-00.txt,0
2013-04-11 05:30:00,52.86,58.32,44.91,54.05,59.34,46.78,DCC-NOISE-001003-2013-04-11T00-00-00.txt,0
2013-01-28 12:40:00,66.55,70.73,59.89,79.64,85.7,67.33,DCC-NOISE-001014-2013-01-28T00-00-00.txt,1
2013-12-27 11:42:00,65.18,69.28,59.88,73.53,80.18,63.25,DCC-NOISE-001003-2013-12-27T00-02-00.txt,1
2013-03-20 09:25:00,65.3,67.26,58.85,69.42,71.89,61.78,DCC-NOISE-001003-2013-03-20T00-00-00.txt,1
2013-05-06 02:40:00,50.41,56.52,41.78,52.57,57.9,44.7,DCC-NOISE-001003-2013-05-06T00-00-00.txt,0
2013-08-28 15:25:00,66.71,71.17,61.32,72.12,76.02,67.32,DCC-NOISE-001003-2013-08-28T00-00-00.txt,1
2013-08-12 09:15:00,73.95,80.54,64.17,79.75,86.31,70.31,DCC-NOISE-001003-2013-08-12T00-00-00.txt,1
2013-12-19 00:58:00,56.26,60.94,48.87,58.89,62.81,53.05,DCC-NOISE-001003-2013-12-19T00-03-00.txt,0
2013-03-10 13:25:00,60.71,63.38,55.41,66.81,71.72,59.59,DCC-NOISE-001003-2013-03-10T00-00-00.txt,0
2013-12-17 10:13:00,60.88,62.98,57.58,62.43,64.46,59.66,DCC-NOISE-001003-2013-12-17T00-03-00.txt,0
2013-01-18 14:06:00,61.42,64.03,57.43,64.05,66.72,59.77,DCC-NOISE-001003-2013-01-18T00-00-00.txt,0
2013-10-31 06:56:00,57.04,59.78,53.52,60.82,64.39,56.76,DCC-NOISE-001003-2013-10-31T00-00-00.txt,0
2013-04-09 20:00:00,58.3,61.38,52.86,60.98,63.95,56.15,DCC-NOISE-001003-2013-04-09T00-00-00.txt,0
2013-12-05 06:22:00,66.34,71.64,58.84,76.27,82.89,64.47,DCC-NOISE-001003-2013-12-05T00-00-00.txt,1
2013-04-05 05:30:00,51.53,56.95,45.62,53.73,58.93,48.96,DCC-NOISE-001003-2013-04-05T00-00-00.txt,0
2013-04-13 14:05:00,61.16,63.44,56.48,64.28,66.35,59.76,DCC-NOISE-001003-2013-04-13T00-00-00.txt,0
2013-05-20 06:45:00,56.55,59.94,51.24,59.94,63.57,54.47,DCC-NOISE-001003-2013-05-20T00-00-00.txt,0
2013-12-05 08:32:00,67.61,73.14,60.23,77.81,85.22,65.1,DCC-NOISE-001003-2013-12-05T00-00-00.txt,1
2013-09-11 10:55:00,64.72,71.08,57.47,69.45,75.75,61.84,DCC-NOISE-001003-2013-09-11T00-00-00.txt,1
2013-02-28 10:05:00,58.92,61.77,51.16,63.0,65.55,56.48,DCC-NOISE-001003-2013-02-28T00-00-00.txt,0
2013-04-23 17:55:00,66.02,72.84,52.88,66.21,71.58,58.15,DCC-NOISE-001003-2013-04-23T00-00-00.txt,1
2013-12-30 10:20:00,63.12,63.81,57.64,65.11,67.01,60.24,DCC-NOISE-001003-2013-12-30T00-00-00.txt,1
2013-09-24 22:25:00,52.18,57.7,40.54,54.4,59.02,45.35,DCC-NOISE-001003-2013-09-24T17-00-00.txt,0
2013-01-26 13:30:00,60.44,63.17,56.05,63.41,66.15,59.25,DCC-NOISE-001014-2013-01-26T00-00-00.txt,0
2013-02-26 16:05:00,66.11,74.69,54.83,69.28,77.93,57.13,DCC-NOISE-001003-2013-02-26T00-00-00.txt,1
2013-09-19 09:05:00,60.78,62.69,57.07,64.59,67.13,60.5,DCC-NOISE-001003-2013-09-19T00-00-00.txt,0
2013-04-11 09:45:00,60.21,63.51,53.83,62.41,65.35,57.52,DCC-NOISE-001003-2013-04-11T00-00-00.txt,0
2013-02-04 01:20:00,61.49,64.99,53.72,70.98,76.37,59.04,DCC-NOISE-001014-2013-02-04T00-00-00.txt,0
2013-12-18 18:20:00,60.95,63.29,56.38,65.91,68.8,60.29,DCC-NOISE-001003-2013-12-18T00-00-00.txt,0
2013-05-22 05:00:00,58.04,60.35,54.08,57.76,59.65,54.82,DCC-NOISE-001003-2013-05-22T00-00-00.txt,0
2013-09-15 03:45:00,55.44,59.44,48.52,57.17,60.79,50.34,DCC-NOISE-001003-2013-09-15T00-00-00.txt,0
2013-03-30 10:45:00,61.05,65.69,55.24,63.19,67.46,57.33,DCC-NOISE-001003-2013-03-30T00-00-00.txt,0
2013-05-30 04:05:00,69.9,82.58,49.03,69.19,81.48,51.73,DCC-NOISE-001003-2013-05-30T00-00-00.txt,1
2013-04-14 18:10:00,64.26,67.22,60.08,73.26,78.54,63.97,DCC-NOISE-001003-2013-04-14T00-00-00.txt,1
2013-02-14 11:50:00,63.51,66.71,55.66,66.64,70.55,59.59,DCC-NOISE-001014-2013-02-14T00-00-00.txt,1
2013-05-05 14:45:00,64.92,71.8,51.96,65.78,70.71,55.06,DCC-NOISE-001003-2013-05-05T00-00-00.txt,1
2013-04-26 14:30:00,60.45,62.8,55.79,64.65,67.23,60.49,DCC-NOISE-001003-2013-04-26T00-00-00.txt,0
2013-03-30 17:10:00,57.69,61.15,50.71,62.09,64.96,54.21,DCC-NOISE-001003-2013-03-30T00-00-00.txt,0
2013-02-13 16:30:00,60.36,62.81,56.01,65.41,68.9,60.49,DCC-NOISE-001014-2013-02-13T00-00-00.txt,0
2013-10-27 12:46:00,61.36,63.66,57.9,65.75,69.53,60.4,DCC-NOISE-001003-2013-10-27T00-00-00.txt,0
2013-11-16 19:02:00,58.76,61.53,55.57,62.21,64.58,58.77,DCC-NOISE-001003-2013-11-16T00-00-00.txt,0
2013-11-02 11:57:00,64.01,66.2,59.67,68.41,71.48,62.19,DCC-NOISE-001003-2013-11-02T00-00-00.txt,1
2013-04-18 17:35:00,62.74,66.39,57.75,70.82,76.75,62.62,DCC-NOISE-001003-2013-04-18T00-00-00.txt,0
2013-11-12 08:36:00,60.53,62.59,57.85,64.63,66.84,62.23,DCC-NOISE-001003-2013-11-12T00-00-00.txt,0
2013-03-21 09:10:00,63.86,67.19,58.07,69.14,73.8,63.15,DCC-NOISE-001003-2013-03-21T00-00-00.txt,1
2013-08-23 03:00:00,42.88,43.28,39.3,47.77,49.43,44.89,DCC-NOISE-001003-2013-08-23T00-00-00.txt,0
2013-05-01 07:30:00,61.05,65.47,54.5,65.39,70.86,58.48,DCC-NOISE-001003-2013-05-01T00-00-00.txt,0
2013-05-14 13:50:00,55.65,58.51,51.53,60.2,62.97,56.59,DCC-NOISE-001003-2013-05-14T00-00-00.txt,0
2013-04-16 18:05:00,60.45,63.47,52.86,65.3,70.48,58.07,DCC-NOISE-001003-2013-04-16T00-00-00.txt,0
2013-12-20 20:15:00,61.34,63.9,57.18,66.22,68.99,60.85,DCC-NOISE-001003-2013-12-20T00-00-00.txt,0
2013-03-15 21:15:00,56.93,60.18,52.09,59.91,62.98,55.22,DCC-NOISE-001003-2013-03-15T00-00-00.txt,0
2013-11-08 10:01:00,57.33,60.17,52.89,60.84,63.32,56.85,DCC-NOISE-001003-2013-11-08T00-00-00.txt,0
2013-05-04 20:50:00,57.24,60.0,52.77,59.9,62.67,56.01,DCC-NOISE-001003-2013-05-04T00-00-00.txt,0
2013-06-23 14:15:00,60.96,63.73,56.05,63.71,66.32,58.68,DCC-NOISE-001003-2013-06-23T00-00-00.txt,0
2013-05-09 17:15:00,63.25,65.27,60.17,66.32,69.05,62.64,DCC-NOISE-001003-2013-05-09T00-00-00.txt,1
2013-02-07 15:40:00,61.71,63.65,58.81,65.96,68.53,62.48,DCC-NOISE-001014-2013-02-07T00-00-00.txt,0
2013-12-10 10:45:00,60.68,64.64,55.57,65.0,68.73,59.49,DCC-NOISE-001003-2013-12-10T00-00-00.txt,0
2013-05-30 08:55:00,64.64,66.68,58.35,69.57,72.56,64.11,DCC-NOISE-001003-2013-05-30T00-00-00.txt,1
2013-05-13 14:55:00,60.74,63.61,55.16,66.45,70.05,60.12,DCC-NOISE-001003-2013-05-13T00-00-00.txt,0
2013-01-11 22:38:00,56.5,60.83,48.86,58.68,62.41,52.31,DCC-NOISE-001003-2013-01-11T00-00-00.txt,0
2013-12-30 07:05:00,60.39,65.22,54.44,63.71,68.35,57.78,DCC-NOISE-001003-2013-12-30T00-00-00.txt,0
2013-12-24 11:35:00,62.15,63.49,59.63,68.35,73.23,63.31,DCC-NOISE-001003-2013-12-24T00-00-00.txt,0
2013-04-03 15:10:00,64.08,66.63,59.97,65.4,68.16,61.83,DCC-NOISE-001003-2013-04-03T00-00-00.txt,1
2013-12-05 10:57:00,64.13,68.28,60.16,73.12,80.35,64.75,DCC-NOISE-001003-2013-12-05T00-00-00.txt,1
2013-10-31 17:36:00,62.64,68.75,56.28,66.76,73.83,59.52,DCC-NOISE-001003-2013-10-31T00-00-00.txt,0
2013-03-22 14:20:00,64.05,66.54,60.3,64.7,67.33,60.63,DCC-NOISE-001003-2013-03-22T00-00-00.txt,1
2013-12-31 13:47:00,66.88,68.91,63.93,71.61,75.87,65.8,DCC-NOISE-001003-2013-12-31T00-02-00.txt,1
2013-10-27 02:56:00,56.49,60.26,50.03,58.08,61.92,51.43,DCC-NOISE-001003-2013-10-27T00-00-00.txt,0
2013-12-21 15:03:00,65.04,66.84,61.15,66.35,67.96,62.36,DCC-NOISE-001003-2013-12-21T00-03-00.txt,1
2013-04-16 09:45:00,63.24,66.16,58.36,72.03,77.69,63.18,DCC-NOISE-001003-2013-04-16T00-00-00.txt,1
2013-12-14 10:45:00,67.06,70.69,61.54,76.15,83.05,65.61,DCC-NOISE-001003-2013-12-14T00-00-00.txt,1
2013-12-07 15:02:00,63.09,64.63,60.12,63.69,65.39,60.45,DCC-NOISE-001003-2013-12-07T00-02-00.txt,1
2013-10-15 07:46:00,64.8,64.76,53.43,66.38,66.86,57.27,DCC-NOISE-001003-2013-10-15T00-00-00.txt,1
2013-03-21 10:30:00,67.73,71.41,60.43,70.89,73.83,64.66,DCC-NOISE-001003-2013-03-21T00-00-00.txt,1
2013-12-31 13:42:00,67.29,70.01,63.63,74.82,80.19,65.12,DCC-NOISE-001003-2013-12-31T00-02-00.txt,1
2013-08-12 23:15:00,53.32,58.2,46.57,55.34,59.39,50.21,DCC-NOISE-001003-2013-08-12T00-00-00.txt,0
2013-12-09 12:57:00,64.09,71.8,53.2,65.89,71.25,58.79,DCC-NOISE-001003-2013-12-09T00-02-00.txt,1
2013-03-22 18:45:00,60.38,62.9,56.55,64.26,67.23,59.89,DCC-NOISE-001003-2013-03-22T00-00-00.txt,0
2013-10-31 11:56:00,78.24,81.64,67.56,79.91,82.55,73.13,DCC-NOISE-001003-2013-10-31T00-00-00.txt,1
2013-12-08 23:50:00,55.15,59.1,49.38,59.53,63.34,52.39,DCC-NOISE-001003-2013-12-08T00-00-00.txt,0
2013-02-19 11:55:00,69.17,70.53,67.1,68.39,69.62,66.32,DCC-NOISE-001003-2013-02-19T00-00-00.txt,1
2013-12-09 08:22:00,59.77,62.97,55.57,63.65,66.91,59.74,DCC-NOISE-001003-2013-12-09T00-02-00.txt,0
2013-12-27 05:47:00,64.66,69.84,57.01,74.1,81.95,62.13,DCC-NOISE-001003-2013-12-27T00-02-00.txt,1
2013-01-18 02:31:00,64.11,72.01,49.03,70.02,78.15,54.58,DCC-NOISE-001003-2013-01-18T00-00-00.txt,1
2013-06-10 20:40:00,55.28,58.54,48.53,58.25,61.1,52.52,DCC-NOISE-001003-2013-06-10T00-00-00.txt,0
2013-12-27 09:12:00,64.72,68.5,57.51,73.65,79.45,61.56,DCC-NOISE-001003-2013-12-27T00-02-00.txt,1
2013-12-31 14:17:00,66.76,68.13,64.89,66.54,68.27,64.63,DCC-NOISE-001003-2013-12-31T00-02-00.txt,1
2013-12-04 21:47:00,59.05,62.23,54.88,61.44,64.35,57.54,DCC-NOISE-001003-2013-12-04T00-00-00.txt,0
2013-11-20 15:11:00,61.51,63.92,57.31,66.43,69.75,61.27,DCC-NOISE-001003-2013-11-20T00-00-00.txt,0
2013-01-14 19:06:00,60.48,63.14,57.0,63.67,66.15,60.53,DCC-NOISE-001003-2013-01-14T00-00-00.txt,0
2013-06-10 03:35:00,45.88,52.35,38.36,48.84,54.25,42.99,DCC-NOISE-001003-2013-06-10T00-00-00.txt,0
2013-05-02 08:40:00,56.65,60.93,50.64,63.69,68.73,56.92,DCC-NOISE-001003-2013-05-02T00-00-00.txt,0
2013-02-01 11:35:00,63.22,66.88,58.88,74.21,81.26,63.62,DCC-NOISE-001014-2013-02-01T00-00-00.txt,1
2013-01-08 12:15:00,73.28,74.85,70.73,72.25,74.09,69.95,DCC-NOISE-001003-2013-01-08T00-00-00.txt,1
2013-08-16 10:45:00,65.8,69.15,60.27,70.45,73.3,64.87,DCC-NOISE-001003-2013-08-16T00-00-00.txt,1
2013-03-25 14:25:00,70.23,74.09,65.41,76.38,79.78,72.27,DCC-NOISE-001003-2013-03-25T00-00-00.txt,1
2013-02-13 12:55:00,61.27,63.22,56.04,64.34,66.22,60.15,DCC-NOISE-001014-2013-02-13T00-00-00.txt,0
2013-08-22 23:35:00,51.41,57.5,43.06,55.25,60.45,48.08,DCC-NOISE-001003-2013-08-22T00-00-00.txt,0
2013-08-18 15:35:00,80.2,82.81,73.47,83.95,86.01,76.62,DCC-NOISE-001003-2013-08-18T00-00-00.txt,1
2013-01-03 11:10:00,59.12,62.51,53.78,62.24,65.17,57.99,DCC-NOISE-001003-2013-01-03T00-00-00.txt,0
2013-05-21 09:20:00,67.52,72.43,58.14,73.35,78.6,64.08,DCC-NOISE-001003-2013-05-21T00-00-00.txt,1
2013-04-27 10:25:00,56.39,59.68,51.8,59.74,62.25,56.33,DCC-NOISE-001003-2013-04-27T00-00-00.txt,0
2013-01-30 13:00:00,64.55,68.03,59.18,75.1,82.38,64.48,DCC-NOISE-001014-2013-01-30T00-00-00.txt,1
2013-11-29 10:11:00,61.35,64.26,57.32,66.21,69.08,60.5,DCC-NOISE-001003-2013-11-29T00-00-00.txt,0
2013-01-27 05:15:00,63.14,68.79,51.37,74.91,82.5,57.1,DCC-NOISE-001014-2013-01-27T00-00-00.txt,1
2013-11-06 23:57:00,54.11,57.78,49.61,56.74,60.07,52.94,DCC-NOISE-001003-2013-11-06T00-00-00.txt,0
2013-08-18 17:00:00,73.15,80.77,57.44,77.06,84.01,60.66,DCC-NOISE-001003-2013-08-18T00-00-00.txt,1
2013-04-18 01:05:00,64.01,67.59,58.41,72.5,78.01,63.89,DCC-NOISE-001003-2013-04-18T00-00-00.txt,1
2013-12-21 09:13:00,63.26,65.62,59.76,64.64,66.85,61.22,DCC-NOISE-001003-2013-12-21T00-03-00.txt,1
2013-02-04 08:50:00,63.34,66.02,57.65,69.93,74.41,62.68,DCC-NOISE-001014-2013-02-04T00-00-00.txt,1
2013-12-18 05:30:00,51.93,56.56,45.84,58.36,63.2,50.9,DCC-NOISE-001003-2013-12-18T00-00-00.txt,0
2013-02-04 18:05:00,60.41,62.44,56.85,65.62,68.83,61.53,DCC-NOISE-001014-2013-02-04T00-00-00.txt,0
2013-03-13 14:15:00,57.49,60.22,52.69,62.34,65.57,57.86,DCC-NOISE-001003-2013-03-13T00-00-00.txt,0
2013-05-11 15:30:00,60.61,62.77,56.39,64.61,67.58,58.85,DCC-NOISE-001003-2013-05-11T00-00-00.txt,0
2013-09-19 04:35:00,44.43,46.9,41.17,48.23,49.67,45.67,DCC-NOISE-001003-2013-09-19T00-00-00.txt,0
2013-09-20 11:00:00,60.65,62.62,56.47,64.65,66.91,59.82,DCC-NOISE-001003-2013-09-20T00-00-00.txt,0
2013-01-28 13:00:00,69.9,75.17,62.17,82.2,89.41,68.85,DCC-NOISE-001014-2013-01-28T00-00-00.txt,1
2013-06-30 07:55:00,54.12,59.53,47.97,57.82,63.68,50.21,DCC-NOISE-001003-2013-06-30T00-00-00.txt,0
2013-06-06 09:10:00,67.99,71.17,64.12,74.03,77.95,68.39,DCC-NOISE-001003-2013-06-06T00-00-00.txt,1
2013-07-26 14:30:00,54.95,58.38,47.99,59.43,63.01,53.23,DCC-NOISE-001003-2013-07-26T00-00-00.txt,0
2013-08-18 15:20:00,84.05,89.61,62.36,87.9,92.53,65.34,DCC-NOISE-001003-2013-08-18T00-00-00.txt,1
2013-06-27 05:35:00,57.91,61.08,50.03,58.7,62.07,53.44,DCC-NOISE-001003-2013-06-27T00-00-00.txt,0
2013-11-09 02:11:00,54.86,59.38,48.15,56.65,60.33,51.02,DCC-NOISE-001003-2013-11-09T00-00-00.txt,0
2013-01-06 16:55:00,57.54,60.28,52.46,61.35,63.4,56.04,DCC-NOISE-001003-2013-01-06T00-00-00.txt,0
2013-04-29 10:00:00,60.3,62.81,56.6,65.12,69.01,60.25,DCC-NOISE-001003-2013-04-29T00-00-00.txt,0
2013-04-30 23:10:00,53.18,58.04,46.33,55.72,59.52,49.7,DCC-NOISE-001003-2013-04-30T00-00-00.txt,0
2013-10-27 00:40:00,55.22,59.81,49.03,57.1,61.27,50.99,DCC-NOISE-001003-2013-10-27T00-00-00.txt,0
2013-01-20 11:57:00,60.8,61.87,53.56,61.86,63.63,54.95,DCC-NOISE-001003-2013-01-20T00-00-00.txt,0
2013-03-08 15:40:00,61.37,63.89,56.63,64.37,67.08,60.51,DCC-NOISE-001003-2013-03-08T00-00-00.txt,0
2013-12-18 16:40:00,64.85,67.22,61.38,68.81,72.76,63.95,DCC-NOISE-001003-2013-12-18T00-00-00.txt,1
2013-06-30 14:35:00,58.45,62.02,53.2,62.08,65.82,56.66,DCC-NOISE-001003-2013-06-30T00-00-00.txt,0
2013-03-11 12:25:00,60.46,62.97,56.1,63.32,65.63,58.43,DCC-NOISE-001003-2013-03-11T00-00-00.txt,0
2013-08-12 18:30:00,56.49,59.44,50.99,59.91,62.78,55.05,DCC-NOISE-001003-2013-08-12T00-00-00.txt,0
2013-07-01 01:20:00,50.53,55.57,45.17,53.12,57.53,48.0,DCC-NOISE-001003-2013-07-01T00-00-00.txt,0
2013-02-16 14:30:00,63.37,69.43,53.49,63.95,68.67,56.45,DCC-NOISE-001014-2013-02-16T00-00-00.txt,1
2013-12-21 17:28:00,61.58,63.91,57.72,64.33,66.66,59.86,DCC-NOISE-001003-2013-12-21T00-03-00.txt,0
2013-11-13 20:21:00,59.48,62.13,56.13,62.63,65.21,59.1,DCC-NOISE-001003-2013-11-13T00-00-00.txt,0
2013-03-12 10:30:00,64.47,61.32,51.47,66.5,66.37,57.48,DCC-NOISE-001003-2013-03-12T00-00-00.txt,1
2013-01-30 12:35:00,64.14,66.69,60.13,72.28,77.85,64.23,DCC-NOISE-001014-2013-01-30T00-00-00.txt,1
2013-02-21 11:15:00,59.74,62.69,54.19,63.85,66.8,58.75,DCC-NOISE-001003-2013-02-21T00-00-00.txt,0
2013-04-07 12:35:00,63.72,66.6,59.44,64.38,66.67,60.73,DCC-NOISE-001003-2013-04-07T00-00-00.txt,1
2013-12-04 09:57:00,63.79,65.59,60.8,67.06,69.15,63.3,DCC-NOISE-001003-2013-12-04T00-00-00.txt,1
2013-01-25 14:50:00,63.54,66.73,59.01,72.12,78.73,64.0,DCC-NOISE-001014-2013-01-25T00-00-00.txt,1
2013-12-25 14:37:00,61.3,63.26,56.39,61.83,63.7,57.55,DCC-NOISE-001003-2013-12-25T00-02-00.txt,0
2013-04-03 15:35:00,63.12,65.52,58.86,63.73,66.11,59.27,DCC-NOISE-001003-2013-04-03T00-00-00.txt,1
2013-03-10 12:20:00,61.16,63.58,57.4,66.48,70.83,61.42,DCC-NOISE-001003-2013-03-10T00-00-00.txt,0
2013-03-29 09:05:00,56.77,60.28,49.81,59.21,62.75,53.93,DCC-NOISE-001003-2013-03-29T00-00-00.txt,0
2013-05-13 11:20:00,61.52,63.52,56.3,66.42,68.44,61.28,DCC-NOISE-001003-2013-05-13T00-00-00.txt,0
2013-10-27 03:46:00,55.35,59.46,50.06,57.45,62.11,51.86,DCC-NOISE-001003-2013-10-27T00-00-00.txt,0
2013-08-31 10:35:00,54.86,57.91,50.18,58.15,60.83,54.09,DCC-NOISE-001003-2013-08-31T00-00-00.txt,0
2013-06-20 06:35:00,65.26,71.79,48.35,64.29,70.06,52.13,DCC-NOISE-001003-2013-06-20T00-00-00.txt,1
2013-12-05 13:17:00,61.01,62.8,58.1,64.53,66.68,61.3,DCC-NOISE-001003-2013-12-05T00-00-00.txt,0
2013-09-15 19:50:00,60.93,64.33,56.86,62.73,65.42,58.78,DCC-NOISE-001003-2013-09-15T00-00-00.txt,0
2013-11-27 12:06:00,57.81,60.54,53.42,61.52,64.65,57.82,DCC-NOISE-001003-2013-11-27T00-00-00.txt,0
2013-11-11 20:51:00,65.1,68.94,56.85,68.26,71.9,59.88,DCC-NOISE-001003-2013-11-11T00-00-00.txt,1
2013-04-20 08:45:00,54.9,59.28,46.95,58.35,62.29,50.68,DCC-NOISE-001003-2013-04-20T00-00-00.txt,0
2013-04-18 15:20:00,63.96,68.98,57.79,73.58,80.52,62.22,DCC-NOISE-001003-2013-04-18T00-00-00.txt,1
2013-01-17 20:36:00,62.66,69.23,53.92,68.14,75.33,58.39,DCC-NOISE-001003-2013-01-17T00-00-00.txt,0
2013-12-27 08:32:00,63.48,67.06,57.47,72.13,77.62,62.16,DCC-NOISE-001003-2013-12-27T00-02-00.txt,1
2013-03-28 16:35:00,61.07,63.75,56.24,63.58,66.6,58.99,DCC-NOISE-001003-2013-03-28T00-00-00.txt,0
2013-03-14 15:50:00,60.68,62.81,56.95,64.18,66.18,61.15,DCC-NOISE-001003-2013-03-14T00-00-00.txt,0
2013-02-14 10:40:00,64.37,65.08,55.61,67.4,70.27,60.2,DCC-NOISE-001014-2013-02-14T00-00-00.txt,1
2013-05-28 11:10:00,66.11,68.49,63.24,67.68,69.8,65.32,DCC-NOISE-001003-2013-05-28T00-00-00.txt,1
2013-02-15 15:35:00,71.6,74.18,67.8,70.71,73.16,66.56,DCC-NOISE-001014-2013-02-15T00-00-00.txt,1
2013-08-18 13:45:00,66.75,70.25,60.9,72.13,76.57,65.31,DCC-NOISE-001003-2013-08-18T00-00-00.txt,1
2013-09-22 14:00:00,53.86,57.39,47.73,58.14,60.98,52.99,DCC-NOISE-001003-2013-09-22T00-00-00.txt,0
2013-04-29 11:25:00,65.94,71.94,58.47,71.47,77.51,64.65,DCC-NOISE-001003-2013-04-29T00-00-00.txt,1
2013-02-07 15:05:00,63.16,65.23,58.93,66.89,70.03,62.08,DCC-NOISE-001014-2013-02-07T00-00-00.txt,1
2013-07-06 17:55:00,52.96,56.45,46.96,57.11,59.95,51.77,DCC-NOISE-001003-2013-07-06T00-00-00.txt,0
2013-03-19 10:55:00,65.93,70.36,57.06,67.4,70.7,60.66,DCC-NOISE-001003-2013-03-19T00-00-00.txt,1
2013-01-30 12:25:00,63.48,65.39,60.3,70.19,74.86,63.79,DCC-NOISE-001014-2013-01-30T00-00-00.txt,1
2013-08-15 08:00:00,64.7,70.68,58.18,69.47,73.72,65.75,DCC-NOISE-001003-2013-08-15T00-00-00.txt,1
2013-03-21 11:40:00,64.35,70.54,59.05,68.77,73.19,62.67,DCC-NOISE-001003-2013-03-21T00-00-00.txt,1
2013-08-14 22:30:00,53.06,57.78,45.99,55.51,59.66,49.71,DCC-NOISE-001003-2013-08-14T00-00-00.txt,0
2013-02-04 01:05:00,55.47,60.68,48.13,60.34,64.85,52.33,DCC-NOISE-001014-2013-02-04T00-00-00.txt,0
2013-12-31 14:22:00,65.03,66.47,62.59,65.93,67.33,63.5,DCC-NOISE-001003-2013-12-31T00-02-00.txt,1
2013-03-04 14:10:00,57.13,60.05,52.49,61.1,63.88,57.15,DCC-NOISE-001003-2013-03-04T00-00-00.txt,0
2013-02-11 14:30:00,59.2,62.1,52.53,61.77,65.05,55.97,DCC-NOISE-001014-2013-02-11T00-00-00.txt,0
2013-02-12 18:15:00,59.22,62.21,51.62,62.28,64.9,56.57,DCC-NOISE-001014-2013-02-12T00-00-00.txt,0
2013-05-15 13:05:00,57.75,60.2,53.31,61.24,63.51,57.69,DCC-NOISE-001003-2013-05-15T00-00-00.txt,0
2013-12-13 09:02:00,59.83,62.79,56.12,64.2,66.99,60.43,DCC-NOISE-001003-2013-12-13T00-02-00.txt,0
2013-07-25 12:45:00,64.4,66.5,60.43,65.13,67.72,60.45,DCC-NOISE-001003-2013-07-25T00-00-00.txt,1
2013-06-19 20:55:00,56.11,59.75,48.91,58.2,60.94,52.17,DCC-NOISE-001003-2013-06-19T00-00-00.txt,0
2013-12-19 20:18:00,61.54,63.6,58.0,64.9,67.32,61.45,DCC-NOISE-001003-2013-12-19T00-03-00.txt,0
2013-02-21 11:35:00,63.64,65.72,55.16,68.15,73.2,59.75,DCC-NOISE-001003-2013-02-21T00-00-00.txt,1
2013-01-28 11:20:00,65.95,70.05,59.74,78.28,84.78,65.56,DCC-NOISE-001014-2013-01-28T00-00-00.txt,1
2013-09-16 00:20:00,55.54,59.31,49.57,57.87,61.96,51.99,DCC-NOISE-001003-2013-09-16T00-00-00.txt,0
2013-01-24 04:16:00,48.15,56.05,36.95,51.23,57.91,41.34,DCC-NOISE-001014-2013-01-24T00-00-00.txt,0
2013-05-15 08:20:00,58.18,60.0,54.45,62.23,64.41,59.07,DCC-NOISE-001003-2013-05-15T00-00-00.txt,0
2013-11-15 18:52:00,64.23,63.27,55.35,65.63,66.67,58.83,DCC-NOISE-001003-2013-11-15T00-00-00.txt,1
2013-02-10 18:15:00,60.39,62.74,56.77,62.64,64.81,59.27,DCC-NOISE-001014-2013-02-10T00-00-00.txt,0
2013-06-16 12:45:00,54.84,58.7,47.74,58.05,61.4,52.53,DCC-NOISE-001003-2013-06-16T00-00-00.txt,0
2013-11-23 19:36:00,58.25,61.42,54.57,61.5,63.97,58.26,DCC-NOISE-001003-2013-11-23T00-00-00.txt,0
2013-12-21 00:43:00,56.64,60.32,50.92,61.39,64.7,54.21,DCC-NOISE-001003-2013-12-21T00-03-00.txt,0
2013-12-31 13:52:00,65.18,67.37,62.18,67.47,69.56,63.45,DCC-NOISE-001003-2013-12-31T00-02-00.txt,1
2013-12-26 20:35:00,71.25,78.14,59.59,79.51,86.39,63.54,DCC-NOISE-001003-2013-12-26T00-00-00.txt,1
2013-07-08 23:30:00,49.19,54.73,40.75,53.08,57.51,46.47,DCC-NOISE-001003-2013-07-08T00-00-00.txt,0
2013-03-15 09:15:00,59.94,62.41,55.97,62.53,64.98,58.84,DCC-NOISE-001003-2013-03-15T00-00-00.txt,0
2013-12-05 09:42:00,65.81,69.69,58.45,75.21,81.34,63.92,DCC-NOISE-001003-2013-12-05T00-00-00.txt,1
2013-12-05 06:02:00,66.39,73.46,56.77,76.76,85.0,62.19,DCC-NOISE-001003-2013-12-05T00-00-00.txt,1
2013-07-25 18:35:00,70.63,72.03,68.6,70.25,71.52,68.23,DCC-NOISE-001003-2013-07-25T00-00-00.txt,1
2013-03-20 15:30:00,64.87,72.65,54.89,68.56,76.38,60.28,DCC-NOISE-001003-2013-03-20T00-00-00.txt,1
2013-04-16 11:10:00,68.38,70.86,64.49,77.22,80.59,71.29,DCC-NOISE-001003-2013-04-16T00-00-00.txt,1
2013-11-26 14:26:00,68.75,71.83,64.66,75.16,78.26,71.13,DCC-NOISE-001003-2013-11-26T00-00-00.txt,1
2013-09-21 19:30:00,55.38,57.69,52.08,59.06,60.87,56.37,DCC-NOISE-001003-2013-09-21T00-00-00.txt,0
2013-04-17 11:30:00,60.62,62.58,57.19,68.32,72.42,62.71,DCC-NOISE-001003-2013-04-17T00-00-00.txt,0
2013-12-07 18:27:00,60.19,62.72,56.57,62.94,65.02,59.64,DCC-NOISE-001003-2013-12-07T00-02-00.txt,0
2013-12-23 09:22:00,63.33,64.84,60.6,68.81,72.15,62.25,DCC-NOISE-001003-2013-12-23T00-02-00.txt,1
2013-10-16 08:22:00,60.96,64.02,56.31,63.14,66.06,58.7,DCC-NOISE-001003-2013-10-16T00-00-00.txt,0
2013-02-14 08:05:00,61.47,63.75,58.35,64.33,66.72,61.58,DCC-NOISE-001014-2013-02-14T00-00-00.txt,0
2013-03-07 15:20:00,64.0,66.49,58.34,65.31,67.71,60.49,DCC-NOISE-001003-2013-03-07T00-00-00.txt,1
2013-07-26 19:45:00,55.32,58.21,48.59,59.31,61.64,53.19,DCC-NOISE-001003-2013-07-26T00-00-00.txt,0
2013-05-21 09:10:00,65.44,69.13,59.98,70.74,74.51,65.58,DCC-NOISE-001003-2013-05-21T00-00-00.txt,1
2013-03-22 15:10:00,63.14,65.59,59.47,65.64,67.94,61.89,DCC-NOISE-001003-2013-03-22T00-00-00.txt,1
2013-01-08 14:25:00,60.36,62.86,55.67,63.2,65.79,59.65,DCC-NOISE-001003-2013-01-08T00-00-00.txt,0
2013-09-02 04:40:00,48.92,51.72,45.32,52.56,56.2,48.24,DCC-NOISE-001003-2013-09-02T00-00-00.txt,0
2013-06-06 09:05:00,64.92,69.42,57.74,70.53,75.59,64.53,DCC-NOISE-001003-2013-06-06T00-00-00.txt,1
2013-12-11 19:02:00,56.26,59.45,51.52,60.46,62.86,56.6,DCC-NOISE-001003-2013-12-11T00-02-00.txt,0
2013-08-28 15:05:00,64.97,70.77,57.79,70.32,77.26,62.71,DCC-NOISE-001003-2013-08-28T00-00-00.txt,1
2013-04-14 16:25:00,61.08,62.97,57.61,68.05,73.89,60.73,DCC-NOISE-001003-2013-04-14T00-00-00.txt,0
2013-03-30 13:35:00,63.41,66.52,57.96,63.77,65.98,60.03,DCC-NOISE-001003-2013-03-30T00-00-00.txt,1
2013-07-29 16:45:00,58.67,61.37,54.86,62.65,65.48,58.11,DCC-NOISE-001003-2013-07-29T00-00-00.txt,0
2013-03-20 14:20:00,64.73,66.05,63.18,68.14,69.37,66.77,DCC-NOISE-001003-2013-03-20T00-00-00.txt,1
2013-12-27 14:42:00,63.58,65.67,60.06,68.48,73.15,63.08,DCC-NOISE-001003-2013-12-27T00-02-00.txt,1
2013-12-05 09:07:00,69.87,75.97,60.28,80.71,88.19,65.26,DCC-NOISE-001003-2013-12-05T00-00-00.txt,1
2013-01-18 15:21:00,62.62,66.38,55.39,66.66,71.13,59.53,DCC-NOISE-001003-2013-01-18T00-00-00.txt,0
2013-06-22 14:55:00,58.88,61.41,55.43,62.44,64.93,58.13,DCC-NOISE-001003-2013-06-22T00-00-00.txt,0
2013-12-05 11:17:00,65.89,69.93,60.47,75.02,81.21,65.4,DCC-NOISE-001003-2013-12-05T00-00-00.txt,1
2013-01-28 11:35:00,65.64,68.84,59.04,77.02,83.88,64.59,DCC-NOISE-001014-2013-01-28T00-00-00.txt,1
2013-03-01 15:45:00,62.79,64.1,60.83,65.3,66.52,63.57,DCC-NOISE-001003-2013-03-01T11-05-00.txt,0
2013-09-03 14:40:00,54.58,56.6,50.26,60.25,62.87,56.14,DCC-NOISE-001003-2013-09-03T00-00-00.txt,0
2013-12-17 16:03:00,60.91,63.83,54.68,64.87,68.28,59.22,DCC-NOISE-001003-2013-12-17T00-03-00.txt,0
2013-03-30 14:40:00,60.1,62.74,54.46,62.12,64.97,56.77,DCC-NOISE-001003-2013-03-30T00-00-00.txt,0
2013-01-25 14:00:00,64.93,67.44,60.57,71.78,76.33,63.91,DCC-NOISE-001014-2013-01-25T00-00-00.txt,1
2013-11-13 22:01:00,58.29,61.3,53.45,60.36,63.32,56.5,DCC-NOISE-001003-2013-11-13T00-00-00.txt,0
2013-04-30 20:40:00,57.38,60.96,51.71,61.08,63.72,56.67,DCC-NOISE-001003-2013-04-30T00-00-00.txt,0
2013-02-04 19:45:00,60.9,64.25,55.65,66.87,71.6,59.78,DCC-NOISE-001014-2013-02-04T00-00-00.txt,0
2013-01-09 07:45:00,59.49,62.26,55.83,63.46,65.79,59.84,DCC-NOISE-001003-2013-01-09T00-00-00.txt,0
2013-12-24 11:45:00,63.2,66.04,58.5,71.04,77.16,61.86,DCC-NOISE-001003-2013-12-24T00-00-00.txt,1
2013-06-16 04:50:00,53.21,58.13,44.9,54.7,60.11,47.26,DCC-NOISE-001003-2013-06-16T00-00-00.txt,0
2013-08-13 18:00:00,56.02,58.44,51.99,59.4,61.92,55.35,DCC-NOISE-001003-2013-08-13T00-00-00.txt,0
2013-05-10 17:10:00,58.67,60.7,55.77,63.91,67.18,59.64,DCC-NOISE-001003-2013-05-10T00-00-00.txt,0
2013-10-09 13:11:00,57.92,60.31,54.4,61.64,64.08,58.02,DCC-NOISE-001003-2013-10-09T00-00-00.txt,0
2013-12-19 09:38:00,61.58,63.92,58.14,64.28,66.74,61.07,DCC-NOISE-001003-2013-12-19T00-03-00.txt,0
2013-02-01 07:30:00,60.01,61.98,57.41,64.87,67.57,61.37,DCC-NOISE-001014-2013-02-01T00-00-00.txt,0
2013-05-13 09:25:00,70.75,74.02,66.13,76.13,79.24,70.95,DCC-NOISE-001003-2013-05-13T00-00-00.txt,1
2013-10-25 14:01:00,59.68,62.01,54.86,62.58,65.01,58.19,DCC-NOISE-001003-2013-10-25T00-00-00.txt,0
2013-04-17 19:55:00,62.13,64.72,57.6,71.0,76.31,62.09,DCC-NOISE-001003-2013-04-17T00-00-00.txt,0
2013-04-15 11:55:00,61.68,62.77,54.47,65.42,68.46,59.74,DCC-NOISE-001003-2013-04-15T00-00-00.txt,0
2013-12-14 10:30:00,65.86,69.25,60.66,76.37,82.67,64.96,DCC-NOISE-001003-2013-12-14T00-00-00.txt,1
2013-10-28 22:51:00,53.74,57.34,49.26,56.23,60.49,51.62,DCC-NOISE-001003-2013-10-28T00-00-00.txt,0
2013-05-06 21:45:00,54.58,58.95,46.53,58.05,62.17,49.27,DCC-NOISE-001003-2013-05-06T00-00-00.txt,0
2013-03-22 12:40:00,63.65,66.47,58.99,65.41,67.72,61.57,DCC-NOISE-001003-2013-03-22T00-00-00.txt,1
2013-06-02 14:15:00,55.78,59.17,49.66,61.16,65.02,55.68,DCC-NOISE-001003-2013-06-02T00-00-00.txt,0
2013-02-10 14:05:00,63.64,65.47,59.36,64.98,66.55,61.17,DCC-NOISE-001014-2013-02-10T00-00-00.txt,1
2013-11-30 00:15:00,56.65,61.07,51.51,59.32,63.1,55.02,DCC-NOISE-001003-2013-11-30T00-00-00.txt,0
2013-08-29 10:15:00,66.38,68.94,57.24,70.33,72.34,64.2,DCC-NOISE-001003-2013-08-29T00-00-00.txt,1
2013-09-26 14:26:00,58.15,60.7,53.7,61.47,63.77,57.38,DCC-NOISE-001003-2013-09-26T00-00-00.txt,0
2013-05-06 13:15:00,70.8,72.66,68.29,69.63,71.38,67.14,DCC-NOISE-001003-2013-05-06T00-00-00.txt,1
2013-12-14 11:20:00,65.54,67.46,60.68,73.47,79.58,63.61,DCC-NOISE-001003-2013-12-14T00-00-00.txt,1
2013-04-18 13:20:00,66.63,73.23,57.33,77.71,85.11,64.19,DCC-NOISE-001003-2013-04-18T00-00-00.txt,1
2013-01-28 12:20:00,65.13,69.41,59.63,77.78,85.15,66.2,DCC-NOISE-001014-2013-01-28T00-00-00.txt,1
2013-08-18 15:10:00,70.01,76.01,62.24,72.71,78.45,64.77,DCC-NOISE-001003-2013-08-18T00-00-00.txt,1
2013-07-24 01:10:00,42.6,50.82,34.36,45.72,52.96,39.86,DCC-NOISE-001003-2013-07-24T00-00-00.txt,0
2013-12-18 18:45:00,63.43,64.96,60.1,69.83,73.42,64.08,DCC-NOISE-001003-2013-12-18T00-00-00.txt,1
2013-02-06 12:00:00,59.09,61.62,54.99,63.43,65.76,60.36,DCC-NOISE-001014-2013-02-06T00-00-00.txt,0
2013-12-04 08:02:00,65.86,66.22,59.09,67.42,67.8,62.31,DCC-NOISE-001003-2013-12-04T00-00-00.txt,1
2013-10-09 05:46:00,53.0,56.92,48.77,55.65,58.72,52.24,DCC-NOISE-001003-2013-10-09T00-00-00.txt,0
2013-01-17 23:56:00,63.63,71.79,48.66,69.23,76.8,53.94,DCC-NOISE-001003-2013-01-17T00-00-00.txt,1
2013-11-21 11:51:00,57.15,60.39,51.89,60.91,63.75,57.11,DCC-NOISE-001003-2013-11-21T00-00-00.txt,0
2013-06-05 19:15:00,53.55,56.88,47.34,57.9,60.75,53.22,DCC-NOISE-001003-2013-06-05T00-00-00.txt,0
2013-08-05 02:10:00,50.99,56.84,39.8,54.23,59.53,43.41,DCC-NOISE-001003-2013-08-05T00-00-00.txt,0
2013-02-12 07:30:00,59.16,63.71,51.36,62.62,66.62,55.48,DCC-NOISE-001014-2013-02-12T00-00-00.txt,0
2013-12-12 04:10:00,48.17,53.02,43.11,53.48,59.11,48.16,DCC-NOISE-001003-2013-12-12T00-00-00.txt,0
2013-12-18 15:00:00,61.76,63.52,58.65,68.8,74.29,62.58,DCC-NOISE-001003-2013-12-18T00-00-00.txt,0
2013-03-30 14:50:00,63.35,66.8,53.02,63.78,66.77,56.35,DCC-NOISE-001003-2013-03-30T00-00-00.txt,1
2013-03-19 12:20:00,63.3,67.24,55.8,66.76,70.98,59.23,DCC-NOISE-001003-2013-03-19T00-00-00.txt,1
2013-11-15 19:47:00,58.12,61.19,53.75,60.45,62.97,57.02,DCC-NOISE-001003-2013-11-15T00-00-00.txt,0
2013-03-21 12:05:00,64.87,67.95,58.3,69.83,73.12,62.9,DCC-NOISE-001003-2013-03-21T00-00-00.txt,1
2013-04-22 09:45:00,61.59,63.23,55.55,65.81,68.09,60.44,DCC-NOISE-001003-2013-04-22T00-00-00.txt,0
2013-05-02 11:20:00,57.25,59.2,54.0,61.97,64.05,58.38,DCC-NOISE-001003-2013-05-02T00-00-00.txt,0
2013-10-16 10:47:00,63.47,66.12,60.04,64.66,67.09,60.83,DCC-NOISE-001003-2013-10-16T00-00-00.txt,1
2013-07-12 22:30:00,49.83,54.41,42.28,53.24,57.78,47.23,DCC-NOISE-001003-2013-07-12T00-00-00.txt,0
2013-04-28 15:50:00,71.84,74.01,68.75,71.03,73.28,67.78,DCC-NOISE-001003-2013-04-28T00-00-00.txt,1
2013-12-24 15:00:00,62.82,65.01,59.25,66.11,68.56,61.79,DCC-NOISE-001003-2013-12-24T00-00-00.txt,0
2013-05-10 21:25:00,59.3,61.48,54.23,60.89,63.04,56.92,DCC-NOISE-001003-2013-05-10T00-00-00.txt,0
2013-04-03 20:50:00,55.13,59.6,48.78,59.27,63.09,52.8,DCC-NOISE-001003-2013-04-03T00-00-00.txt,0
2013-01-30 11:10:00,64.07,66.39,60.03,72.16,77.98,64.3,DCC-NOISE-001014-2013-01-30T00-00-00.txt,1
2013-03-17 15:05:00,63.32,65.88,59.36,63.52,65.95,59.76,DCC-NOISE-001003-2013-03-17T00-00-00.txt,1
2013-01-18 04:36:00,64.77,73.3,49.5,70.51,78.94,54.97,DCC-NOISE-001003-2013-01-18T00-00-00.txt,1
2013-01-08 13:55:00,64.82,72.91,52.67,65.35,71.62,56.68,DCC-NOISE-001003-2013-01-08T00-00-00.txt,1
2013-02-07 18:55:00,62.17,65.88,56.87,66.2,71.29,60.51,DCC-NOISE-001014-2013-02-07T00-00-00.txt,0
2013-12-27 04:07:00,64.41,67.59,57.91,74.19,81.65,63.35,DCC-NOISE-001003-2013-12-27T00-02-00.txt,1
2013-04-19 07:05:00,61.59,64.76,58.51,64.85,67.51,61.77,DCC-NOISE-001003-2013-04-19T00-00-00.txt,0
2013-05-30 04:00:00,74.67,84.65,47.49,73.83,83.58,50.47,DCC-NOISE-001003-2013-05-30T00-00-00.txt,1
2013-03-19 11:05:00,65.05,70.86,54.29,67.19,71.14,58.51,DCC-NOISE-001003-2013-03-19T00-00-00.txt,1
2013-12-19 17:53:00,64.45,66.54,56.59,66.5,67.74,60.13,DCC-NOISE-001003-2013-12-19T00-03-00.txt,1
2013-03-22 13:10:00,64.8,67.05,60.9,66.01,67.92,62.53,DCC-NOISE-001003-2013-03-22T00-00-00.txt,1
2013-05-11 13:35:00,68.44,73.49,58.17,74.45,81.53,61.37,DCC-NOISE-001003-2013-05-11T00-00-00.txt,1
2013-02-04 16:40:00,62.45,65.48,58.44,71.37,76.37,62.78,DCC-NOISE-001014-2013-02-04T00-00-00.txt,0
2013-05-04 13:05:00,59.64,62.13,55.49,65.2,69.6,59.1,DCC-NOISE-001003-2013-05-04T00-00-00.txt,0
2013-12-21 15:08:00,64.32,66.58,60.77,65.52,67.4,62.27,DCC-NOISE-001003-2013-12-21T00-03-00.txt,1
2013-01-17 22:51:00,64.99,74.11,51.98,70.22,79.14,57.41,DCC-NOISE-001003-2013-01-17T00-00-00.txt,1
2013-12-20 15:05:00,63.54,65.26,61.08,69.21,74.37,63.16,DCC-NOISE-001003-2013-12-20T00-00-00.txt,1
2013-07-18 09:35:00,52.97,56.76,46.44,59.76,62.94,54.06,DCC-NOISE-001003-2013-07-18T00-00-00.txt,0
2013-01-18 02:41:00,66.52,74.65,49.73,72.45,79.98,56.44,DCC-NOISE-001003-2013-01-18T00-00-00.txt,1
2013-11-27 15:06:00,60.46,62.04,57.27,62.44,64.01,59.06,DCC-NOISE-001003-2013-11-27T00-00-00.txt,0
2013-04-18 18:50:00,63.5,65.48,59.51,66.77,71.18,62.11,DCC-NOISE-001003-2013-04-18T00-00-00.txt,1
2013-03-20 12:20:00,65.56,67.35,59.01,69.94,72.13,62.2,DCC-NOISE-001003-2013-03-20T00-00-00.txt,1
2013-02-02 11:35:00,63.12,63.21,52.26,64.82,67.45,56.93,DCC-NOISE-001014-2013-02-02T00-00-00.txt,1
2013-05-05 15:10:00,68.01,72.51,50.84,67.22,71.16,54.88,DCC-NOISE-001003-2013-05-05T00-00-00.txt,1
2013-05-24 18:40:00,56.8,60.57,49.66,59.94,63.35,54.37,DCC-NOISE-001003-2013-05-24T00-00-00.txt,0
2013-12-07 11:32:00,63.28,64.39,58.5,64.13,65.51,59.76,DCC-NOISE-001003-2013-12-07T00-02-00.txt,1
2013-02-26 11:10:00,63.45,67.47,58.5,68.76,72.94,62.15,DCC-NOISE-001003-2013-02-26T00-00-00.txt,1
2013-05-28 04:30:00,64.14,59.92,48.44,63.8,59.82,51.44,DCC-NOISE-001003-2013-05-28T00-00-00.txt,1
2013-01-18 01:51:00,60.58,68.82,44.59,66.29,74.73,49.6,DCC-NOISE-001003-2013-01-18T00-00-00.txt,0
2013-12-21 14:38:00,65.13,66.58,63.31,65.45,67.05,63.3,DCC-NOISE-001003-2013-12-21T00-03-00.txt,1
2013-05-30 08:50:00,71.94,80.27,59.84,76.89,85.19,65.23,DCC-NOISE-001003-2013-05-30T00-00-00.txt,1
2013-10-15 08:36:00,63.52,66.51,54.01,65.71,68.23,58.95,DCC-NOISE-001003-2013-10-15T00-00-00.txt,1
2013-01-24 14:30:00,60.22,62.72,55.36,64.55,67.11,58.77,DCC-NOISE-001014-2013-01-24T00-00-00.txt,0
2013-01-05 19:15:00,57.39,60.54,52.25,60.51,63.23,55.63,DCC-NOISE-001003-2013-01-05T00-00-00.txt,0
2013-07-29 13:00:00,56.29,59.12,52.7,60.23,62.7,56.64,DCC-NOISE-001003-2013-07-29T00-00-00.txt,0
2013-04-03 12:40:00,63.31,66.19,58.66,63.84,66.12,59.96,DCC-NOISE-001003-2013-04-03T00-00-00.txt,1
2013-04-18 15:35:00,65.17,70.29,57.66,75.53,81.98,63.34,DCC-NOISE-001003-2013-04-18T00-00-00.txt,1
2013-06-27 19:35:00,56.85,60.15,51.82,59.54,62.53,55.25,DCC-NOISE-001003-2013-06-27T00-00-00.txt,0
2013-12-22 12:20:00,63.36,65.2,60.49,64.04,65.72,61.25,DCC-NOISE-001003-2013-12-22T00-00-00.txt,1
2013-12-20 13:35:00,63.55,65.41,61.19,67.93,71.71,63.08,DCC-NOISE-001003-2013-12-20T00-00-00.txt,1
2013-03-22 09:50:00,61.68,64.0,57.39,66.08,68.78,61.81,DCC-NOISE-001003-2013-03-22T00-00-00.txt,0
2013-02-12 00:40:00,47.98,56.88,37.55,49.3,57.42,40.06,DCC-NOISE-001014-2013-02-12T00-00-00.txt,0
2013-05-31 21:10:00,63.21,64.09,51.68,63.99,65.05,54.76,DCC-NOISE-001003-2013-05-31T00-00-00.txt,1
2013-12-05 07:52:00,63.4,65.96,57.99,72.48,77.38,62.74,DCC-NOISE-001003-2013-12-05T00-00-00.txt,1
2013-01-31 14:40:00,70.16,77.07,57.79,73.97,80.81,60.6,DCC-NOISE-001014-2013-01-31T00-00-00.txt,1
2013-01-27 16:40:00,60.98,63.19,57.64,65.47,68.54,60.78,DCC-NOISE-001014-2013-01-27T00-00-00.txt,0
2013-03-13 17:15:00,60.67,62.78,56.97,64.63,66.46,61.22,DCC-NOISE-001003-2013-03-13T00-00-00.txt,0
2013-05-30 23:00:00,52.81,56.91,47.62,56.38,60.5,51.21,DCC-NOISE-001003-2013-05-30T00-00-00.txt,0
2013-12-24 17:55:00,60.77,63.38,56.5,63.51,65.69,58.98,DCC-NOISE-001003-2013-12-24T00-00-00.txt,0
2013-05-12 02:25:00,54.37,59.14,46.34,56.33,60.48,49.07,DCC-NOISE-001003-2013-05-12T00-00-00.txt,0
2013-11-19 14:21:00,66.44,70.29,56.67,68.89,72.53,62.11,DCC-NOISE-001003-2013-11-19T00-00-00.txt,1
2013-10-26 12:51:00,61.98,65.11,56.99,68.09,72.64,59.76,DCC-NOISE-001003-2013-10-26T00-00-00.txt,0
2013-10-04 11:02:00,63.32,66.73,59.11,71.08,75.0,65.44,DCC-NOISE-001003-2013-10-04T00-00-00.txt,1
2013-01-28 12:05:00,64.46,68.28,59.3,76.67,83.15,66.26,DCC-NOISE-001014-2013-01-28T00-00-00.txt,1
2013-12-05 17:07:00,58.74,60.93,55.4,63.13,65.49,59.5,DCC-NOISE-001003-2013-12-05T00-00-00.txt,0
2013-07-25 16:25:00,55.93,58.66,48.85,60.42,63.66,53.74,DCC-NOISE-001003-2013-07-25T00-00-00.txt,0
2013-12-27 13:02:00,66.35,69.75,60.87,74.71,82.42,65.36,DCC-NOISE-001003-2013-12-27T00-02-00.txt,1
2013-01-30 15:05:00,63.77,66.51,58.15,71.2,77.12,61.64,DCC-NOISE-001014-2013-01-30T00-00-00.txt,1
2013-10-10 10:51:00,67.71,75.15,53.54,68.55,75.21,57.52,DCC-NOISE-001003-2013-10-10T00-00-00.txt,1
2013-10-03 16:07:00,59.53,62.82,55.3,63.07,66.35,57.9,DCC-NOISE-001003-2013-10-03T00-00-00.txt,0
2013-12-14 11:15:00,64.68,67.39,61.02,72.97,78.74,64.39,DCC-NOISE-001003-2013-12-14T00-00-00.txt,1
2013-12-27 05:02:00,63.94,66.53,56.96,73.2,79.35,62.31,DCC-NOISE-001003-2013-12-27T00-02-00.txt,1
2013-12-14 12:00:00,65.4,67.67,61.61,72.64,78.13,65.53,DCC-NOISE-001003-2013-12-14T00-00-00.txt,1
2013-01-18 15:06:00,62.92,65.9,57.17,66.75,71.15,60.8,DCC-NOISE-001003-2013-01-18T00-00-00.txt,0
2013-08-02 11:00:00,64.91,68.84,60.07,71.41,75.1,66.63,DCC-NOISE-001003-2013-08-02T00-00-00.txt,1
2013-11-26 14:46:00,64.98,66.38,62.86,71.6,73.31,69.08,DCC-NOISE-001003-2013-11-26T00-00-00.txt,1
2013-09-02 08:00:00,58.06,60.24,54.92,61.53,63.95,58.27,DCC-NOISE-001003-2013-09-02T00-00-00.txt,0
2013-04-09 12:00:00,64.83,67.49,60.1,71.73,75.19,66.95,DCC-NOISE-001003-2013-04-09T00-00-00.txt,1
2013-04-28 12:30:00,63.09,66.1,57.72,64.41,67.36,59.95,DCC-NOISE-001003-2013-04-28T00-00-00.txt,1
2013-01-18 02:26:00,69.59,78.42,46.6,75.22,83.57,53.46,DCC-NOISE-001003-2013-01-18T00-00-00.txt,1
2013-12-20 18:00:00,66.2,70.13,61.42,75.26,81.25,65.18,DCC-NOISE-001003-2013-12-20T00-00-00.txt,1
2013-04-03 08:50:00,58.5,61.78,53.95,61.5,64.91,57.31,DCC-NOISE-001003-2013-04-03T00-00-00.txt,0
2013-12-27 03:52:00,63.85,67.36,56.24,73.94,79.83,62.3,DCC-NOISE-001003-2013-12-27T00-02-00.txt,1
2013-09-10 22:30:00,53.4,57.91,46.62,55.74,60.13,49.73,DCC-NOISE-001003-2013-09-10T00-00-00.txt,0
2013-12-11 05:27:00,50.12,56.36,41.14,54.69,60.21,46.53,DCC-NOISE-001003-2013-12-11T00-02-00.txt,0
2013-12-08 02:15:00,55.54,59.56,49.04,57.85,61.33,52.07,DCC-NOISE-001003-2013-12-08T00-00-00.txt,0
2013-10-03 10:12:00,57.27,60.29,53.37,61.32,64.12,57.19,DCC-NOISE-001003-2013-10-03T00-00-00.txt,0
2013-09-03 15:10:00,54.42,57.49,49.58,59.5,63.65,54.21,DCC-NOISE-001003-2013-09-03T00-00-00.txt,0
2013-01-26 19:50:00,60.19,63.07,55.57,68.02,72.6,60.98,DCC-NOISE-001014-2013-01-26T00-00-00.txt,0
2013-03-17 11:15:00,60.23,62.93,55.61,61.3,64.0,56.12,DCC-NOISE-001003-2013-03-17T00-00-00.txt,0
2013-03-20 09:20:00,63.07,65.38,58.38,66.68,69.04,62.22,DCC-NOISE-001003-2013-03-20T00-00-00.txt,1
2013-06-11 15:20:00,67.18,72.87,59.08,74.03,78.68,66.34,DCC-NOISE-001003-2013-06-11T00-00-00.txt,1
2013-08-12 07:45:00,68.46,72.14,59.03,74.06,78.42,64.96,DCC-NOISE-001003-2013-08-12T00-00-00.txt,1
2013-12-15 15:02:00,65.18,66.49,62.56,65.42,66.95,63.15,DCC-NOISE-001003-2013-12-15T00-02-00.txt,1
2013-12-06 16:55:00,60.35,62.41,57.43,63.89,66.04,61.17,DCC-NOISE-001003-2013-12-06T14-40-00.txt,0
2013-03-20 11:55:00,63.88,66.89,54.4,68.52,73.24,59.34,DCC-NOISE-001003-2013-03-20T00-00-00.txt,1
2013-02-06 10:50:00,68.86,70.78,66.0,68.41,69.98,66.13,DCC-NOISE-001014-2013-02-06T00-00-00.txt,1
2013-04-16 14:40:00,63.23,69.01,56.01,72.62,80.82,62.51,DCC-NOISE-001003-2013-04-16T00-00-00.txt,1
2013-01-14 12:11:00,63.39,62.59,56.11,65.79,68.08,59.69,DCC-NOISE-001003-2013-01-14T00-00-00.txt,1
2013-04-18 00:20:00,64.6,69.37,54.99,73.59,80.77,60.61,DCC-NOISE-001003-2013-04-18T00-00-00.txt,1
2013-01-23 12:20:00,77.81,86.05,28.83,81.1,91.01,27.77,DCC-NOISE-001014-2013-01-23T12-15-00.txt,1
2013-12-24 01:30:00,63.59,67.53,56.0,72.47,78.18,60.51,DCC-NOISE-001003-2013-12-24T00-00-00.txt,1
2013-04-20 23:45:00,55.17,59.52,47.62,59.38,64.35,51.22,DCC-NOISE-001003-2013-04-20T00-00-00.txt,0
2013-04-18 12:25:00,62.88,66.67,58.16,69.66,74.93,62.95,DCC-NOISE-001003-2013-04-18T00-00-00.txt,0
2013-02-08 11:15:00,60.56,63.06,57.81,64.15,66.47,61.86,DCC-NOISE-001014-2013-02-08T00-00-00.txt,0
2013-03-31 21:45:00,54.98,59.31,47.15,58.43,61.67,51.56,DCC-NOISE-001003-2013-03-31T00-00-00.txt,0
2013-04-25 14:05:00,58.7,61.43,54.29,61.94,64.51,58.38,DCC-NOISE-001003-2013-04-25T00-15-00.txt,0
2013-12-02 18:57:00,57.98,60.74,52.1,60.9,63.56,55.13,DCC-NOISE-001003-2013-12-02T00-00-00.txt,0
2013-01-29 14:20:00,60.93,62.9,57.69,70.15,75.03,63.31,DCC-NOISE-001014-2013-01-29T00-00-00.txt,0
2013-10-31 15:26:00,66.78,73.21,57.69,74.09,80.1,63.38,DCC-NOISE-001003-2013-10-31T00-00-00.txt,1
2013-01-16 11:30:00,64.44,64.89,53.28,65.82,67.08,56.09,DCC-NOISE-001003-2013-01-16T00-00-00.txt,1
2013-04-08 11:00:00,58.25,61.49,52.68,62.25,65.91,57.77,DCC-NOISE-001003-2013-04-08T00-00-00.txt,0
2013-02-25 17:50:00,57.4,60.72,50.67,60.77,63.26,56.0,DCC-NOISE-001003-2013-02-25T00-00-00.txt,0
2013-03-08 12:55:00,60.43,63.01,56.3,62.44,65.15,58.71,DCC-NOISE-001003-2013-03-08T00-00-00.txt,0
2013-03-07 16:15:00,64.05,66.12,60.37,65.46,68.28,60.61,DCC-NOISE-001003-2013-03-07T00-00-00.txt,1
2013-01-26 18:40:00,61.15,63.31,56.24,67.63,69.54,60.26,DCC-NOISE-001014-2013-01-26T00-00-00.txt,0
2013-03-29 17:30:00,57.54,60.57,52.6,62.38,65.62,56.7,DCC-NOISE-001003-2013-03-29T00-00-00.txt,0
2013-08-15 13:50:00,64.89,62.6,54.2,65.97,64.52,58.68,DCC-NOISE-001003-2013-08-15T00-00-00.txt,1
2013-05-11 12:35:00,63.93,66.03,58.54,68.72,73.1,61.5,DCC-NOISE-001003-2013-05-11T00-00-00.txt,1
2013-08-03 12:45:00,57.3,59.64,53.34,61.68,64.02,57.18,DCC-NOISE-001003-2013-08-03T00-00-00.txt,0
2013-08-22 08:40:00,58.36,64.21,50.84,63.82,68.95,55.84,DCC-NOISE-001003-2013-08-22T00-00-00.txt,0
2013-07-01 17:00:00,63.18,72.05,51.46,64.68,72.15,56.1,DCC-NOISE-001003-2013-07-01T00-00-00.txt,1
2013-12-22 12:50:00,63.08,64.94,59.76,64.54,66.6,61.83,DCC-NOISE-001003-2013-12-22T00-00-00.txt,1
2013-03-14 11:40:00,63.12,66.61,58.26,68.9,71.9,64.48,DCC-NOISE-001003-2013-03-14T00-00-00.txt,1
2013-12-14 14:15:00,66.99,70.1,61.45,76.27,82.78,65.55,DCC-NOISE-001003-2013-12-14T00-00-00.txt,1
2013-03-19 15:40:00,67.02,69.04,58.91,70.06,72.48,63.04,DCC-NOISE-001003-2013-03-19T00-00-00.txt,1
2013-01-31 15:00:00,71.43,74.87,59.75,71.11,73.96,62.67,DCC-NOISE-001014-2013-01-31T00-00-00.txt,1
2013-06-04 19:35:00,54.93,59.14,45.83,58.71,62.77,49.98,DCC-NOISE-001003-2013-06-04T00-00-00.txt,0
2013-11-30 18:37:00,58.84,62.38,53.95,61.54,64.38,57.2,DCC-NOISE-001003-2013-11-30T00-00-00.txt,0
2013-04-22 15:40:00,72.68,74.98,69.09,73.52,76.9,69.24,DCC-NOISE-001003-2013-04-22T00-00-00.txt,1
2013-01-31 11:00:00,63.47,66.74,57.34,67.0,71.22,61.53,DCC-NOISE-001014-2013-01-31T00-00-00.txt,1
2013-05-05 19:05:00,57.01,60.21,51.05,60.6,63.86,54.5,DCC-NOISE-001003-2013-05-05T00-00-00.txt,0
2013-08-20 09:55:00,56.18,59.08,52.73,61.52,64.11,58.56,DCC-NOISE-001003-2013-08-20T00-55-00.txt,0
2013-04-16 12:45:00,70.31,78.7,59.64,82.25,90.64,64.68,DCC-NOISE-001003-2013-04-16T00-00-00.txt,1
2013-12-27 06:52:00,65.52,69.41,57.92,74.02,78.48,62.73,DCC-NOISE-001003-2013-12-27T00-02-00.txt,1
2013-12-18 16:55:00,69.03,70.83,66.51,71.63,74.69,67.82,DCC-NOISE-001003-2013-12-18T00-00-00.txt,1
2013-10-31 15:41:00,66.03,69.06,61.8,74.86,78.77,69.55,DCC-NOISE-001003-2013-10-31T00-00-00.txt,1
2013-01-29 13:10:00,62.27,64.5,58.1,71.92,77.59,63.85,DCC-NOISE-001014-2013-01-29T00-00-00.txt,0
2013-08-16 10:35:00,66.64,72.28,60.37,71.54,76.42,65.31,DCC-NOISE-001003-2013-08-16T00-00-00.txt,1
2013-12-18 06:20:00,54.0,58.39,49.16,58.51,62.29,53.26,DCC-NOISE-001003-2013-12-18T00-00-00.txt,0
2013-01-16 00:05:00,53.27,57.87,42.63,56.12,61.07,46.48,DCC-NOISE-001003-2013-01-16T00-00-00.txt,0
2013-02-14 19:20:00,60.42,62.55,56.28,63.32,65.36,59.87,DCC-NOISE-001014-2013-02-14T00-00-00.txt,0
2013-07-31 03:25:00,45.3,49.14,39.89,49.33,53.69,45.15,DCC-NOISE-001003-2013-07-31T00-00-00.txt,0
2013-08-12 08:20:00,60.26,63.14,56.81,66.27,69.3,61.72,DCC-NOISE-001003-2013-08-12T00-00-00.txt,0
2013-12-24 01:15:00,63.71,68.59,55.79,72.89,78.41,60.72,DCC-NOISE-001003-2013-12-24T00-00-00.txt,1
2013-02-10 15:45:00,63.42,66.13,58.77,64.07,66.63,60.08,DCC-NOISE-001014-2013-02-10T00-00-00.txt,1
2013-05-12 15:30:00,61.59,64.12,56.87,68.02,73.59,60.47,DCC-NOISE-001003-2013-05-12T00-00-00.txt,0
2013-10-31 14:36:00,66.82,70.65,61.65,73.79,76.65,69.63,DCC-NOISE-001003-2013-10-31T00-00-00.txt,1
2013-03-24 13:20:00,64.08,66.56,57.68,64.14,66.36,60.02,DCC-NOISE-001003-2013-03-24T00-00-00.txt,1
2013-03-07 17:05:00,60.51,63.84,53.06,62.63,65.38,56.5,DCC-NOISE-001003-2013-03-07T00-00-00.txt,0
2013-07-12 10:45:00,53.61,57.01,45.77,58.6,61.69,52.29,DCC-NOISE-001003-2013-07-12T00-00-00.txt,0
2013-01-18 03:41:00,65.2,73.15,48.19,71.08,78.9,53.81,DCC-NOISE-001003-2013-01-18T00-00-00.txt,1
2013-02-03 05:35:00,53.91,60.01,46.27,59.05,63.53,51.05,DCC-NOISE-001014-2013-02-03T00-00-00.txt,0
2013-09-30 16:37:00,57.35,60.05,52.67,59.82,62.9,54.42,DCC-NOISE-001003-2013-09-30T00-00-00.txt,0
2013-04-17 18:25:00,64.97,68.71,58.72,75.24,82.09,63.28,DCC-NOISE-001003-2013-04-17T00-00-00.txt,1
2013-10-31 17:21:00,60.18,62.12,57.18,63.36,65.05,60.85,DCC-NOISE-001003-2013-10-31T00-00-00.txt,0
2013-04-23 16:55:00,69.87,73.4,54.59,69.58,72.65,58.05,DCC-NOISE-001003-2013-04-23T00-00-00.txt,1
2013-03-10 13:15:00,60.93,63.92,56.08,66.16,71.05,59.5,DCC-NOISE-001003-2013-03-10T00-00-00.txt,0
2013-12-08 19:10:00,59.11,61.51,55.94,63.17,65.7,58.99,DCC-NOISE-001003-2013-12-08T00-00-00.txt,0
2013-04-01 18:35:00,57.13,60.76,50.61,61.07,64.84,54.56,DCC-NOISE-001003-2013-04-01T01-00-00.txt,0
2013-10-23 19:36:00,63.29,63.84,55.71,65.5,67.04,59.31,DCC-NOISE-001003-2013-10-23T00-00-00.txt,1
2013-03-09 14:40:00,63.33,64.96,60.36,63.85,65.73,60.29,DCC-NOISE-001003-2013-03-09T00-00-00.txt,1
2013-09-14 10:45:00,56.41,59.49,50.54,60.47,63.42,53.63,DCC-NOISE-001003-2013-09-14T00-00-00.txt,0
2013-03-22 11:20:00,63.97,66.15,60.25,68.86,72.98,63.55,DCC-NOISE-001003-2013-03-22T00-00-00.txt,1
2013-01-04 03:45:00,47.6,54.7,38.34,50.91,57.13,43.41,DCC-NOISE-001003-2013-01-04T00-00-00.txt,0
2013-02-08 07:40:00,60.69,63.08,57.92,64.03,66.03,61.7,DCC-NOISE-001014-2013-02-08T00-00-00.txt,0
2013-04-18 10:05:00,62.23,65.55,57.3,70.1,76.65,60.91,DCC-NOISE-001003-2013-04-18T00-00-00.txt,0
2013-04-18 11:20:00,62.86,66.16,57.8,71.75,77.63,62.57,DCC-NOISE-001003-2013-04-18T00-00-00.txt,0
2013-03-21 13:35:00,67.02,69.92,63.1,71.27,73.75,67.07,DCC-NOISE-001003-2013-03-21T00-00-00.txt,1
2013-02-07 14:50:00,63.07,65.47,60.0,65.83,67.82,63.18,DCC-NOISE-001014-2013-02-07T00-00-00.txt,1
2013-02-14 07:50:00,61.16,63.62,57.38,63.79,65.73,61.15,DCC-NOISE-001014-2013-02-14T00-00-00.txt,0
2013-01-07 15:35:00,60.52,63.53,56.45,63.84,66.95,59.82,DCC-NOISE-001003-2013-01-07T00-00-00.txt,0
2013-04-11 16:25:00,63.27,66.63,57.06,64.33,67.26,59.08,DCC-NOISE-001003-2013-04-11T00-00-00.txt,1
2013-05-05 14:25:00,69.07,72.45,51.76,68.42,71.63,55.6,DCC-NOISE-001003-2013-05-05T00-00-00.txt,1
2013-04-09 12:25:00,64.31,67.29,60.71,71.72,74.19,68.39,DCC-NOISE-001003-2013-04-09T00-00-00.txt,1
2013-04-17 22:15:00,61.96,64.11,57.73,69.46,74.35,62.52,DCC-NOISE-001003-2013-04-17T00-00-00.txt,0
2013-10-30 00:25:00,52.99,57.59,48.47,55.92,59.69,52.71,DCC-NOISE-001003-2013-10-30T00-00-00.txt,0
2013-04-18 02:25:00,65.85,72.97,54.52,76.55,85.06,60.84,DCC-NOISE-001003-2013-04-18T00-00-00.txt,1
2013-01-30 13:55:00,63.81,65.78,58.77,73.67,79.23,64.19,DCC-NOISE-001014-2013-01-30T00-00-00.txt,1
2013-11-18 10:02:00,60.47,63.36,55.38,63.94,66.17,59.27,DCC-NOISE-001003-2013-11-18T00-00-00.txt,0
2013-04-17 19:45:00,63.12,66.5,58.34,71.59,78.1,63.11,DCC-NOISE-001003-2013-04-17T00-00-00.txt,1
2013-01-26 21:00:00,60.25,63.57,56.1,71.42,78.57,60.82,DCC-NOISE-001014-2013-01-26T00-00-00.txt,0
2013-06-11 20:45:00,60.27,64.18,54.12,61.77,65.6,55.66,DCC-NOISE-001003-2013-06-11T00-00-00.txt,0
2013-04-11 16:20:00,63.73,66.11,58.92,65.36,67.43,61.19,DCC-NOISE-001003-2013-04-11T00-00-00.txt,1
2013-07-06 00:25:00,51.5,56.7,43.39,54.09,58.41,48.22,DCC-NOISE-001003-2013-07-06T00-00-00.txt,0
2013-05-30 04:10:00,68.94,81.65,48.85,68.52,80.73,51.61,DCC-NOISE-001003-2013-05-30T00-00-00.txt,1
2013-04-16 08:55:00,62.75,65.65,57.29,71.49,77.64,62.86,DCC-NOISE-001003-2013-04-16T00-00-00.txt,0
2013-03-25 02:00:00,51.08,57.39,43.46,55.06,59.81,48.44,DCC-NOISE-001003-2013-03-25T00-00-00.txt,0
2013-01-08 12:20:00,73.23,74.84,70.83,72.23,73.75,69.7,DCC-NOISE-001003-2013-01-08T00-00-00.txt,1
2013-03-25 13:35:00,60.32,62.32,56.67,62.4,64.61,59.24,DCC-NOISE-001003-2013-03-25T00-00-00.txt,0
2013-01-26 14:25:00,62.42,64.93,58.33,66.48,70.52,61.22,DCC-NOISE-001014-2013-01-26T00-00-00.txt,0
2013-04-18 14:00:00,64.98,67.67,59.68,74.09,81.02,63.35,DCC-NOISE-001003-2013-04-18T00-00-00.txt,1
2013-05-04 17:35:00,67.35,72.78,54.32,67.52,71.6,57.76,DCC-NOISE-001003-2013-05-04T00-00-00.txt,1
2013-01-18 07:56:00,63.36,67.42,56.64,66.57,70.73,59.72,DCC-NOISE-001003-2013-01-18T00-00-00.txt,1
2013-11-02 15:22:00,63.0,65.22,59.92,66.63,69.07,62.58,DCC-NOISE-001003-2013-11-02T00-00-00.txt,0
2013-07-17 13:25:00,70.46,77.38,57.76,75.51,81.43,63.87,DCC-NOISE-001003-2013-07-17T00-00-00.txt,1
2013-04-01 12:00:00,63.11,66.62,57.66,63.59,67.32,58.47,DCC-NOISE-001003-2013-04-01T01-00-00.txt,1
2013-08-18 16:45:00,84.51,88.67,64.4,90.12,93.22,68.95,DCC-NOISE-001003-2013-08-18T00-00-00.txt,1
2013-03-10 13:35:00,61.1,63.24,55.49,66.17,69.46,59.18,DCC-NOISE-001003-2013-03-10T00-00-00.txt,0
2013-01-27 00:15:00,63.69,66.63,56.64,73.29,78.03,62.43,DCC-NOISE-001014-2013-01-27T00-00-00.txt,1
2013-04-18 10:20:00,61.1,63.06,57.05,68.84,74.14,61.46,DCC-NOISE-001003-2013-04-18T00-00-00.txt,0
2013-06-17 23:25:00,52.8,57.81,43.13,55.27,59.56,46.83,DCC-NOISE-001003-2013-06-17T00-00-00.txt,0
2013-04-06 05:20:00,51.46,58.39,45.43,53.63,59.4,49.34,DCC-NOISE-001003-2013-04-06T00-00-00.txt,0
2013-01-26 15:30:00,61.96,64.59,57.91,66.3,69.68,61.71,DCC-NOISE-001014-2013-01-26T00-00-00.txt,0
2013-04-16 09:25:00,65.8,70.32,59.32,71.51,77.49,63.77,DCC-NOISE-001003-2013-04-16T00-00-00.txt,1
2013-01-25 16:50:00,63.33,63.69,58.99,66.37,68.12,62.23,DCC-NOISE-001014-2013-01-25T00-00-00.txt,1
2013-08-18 14:25:00,65.63,69.53,59.77,67.36,70.58,62.34,DCC-NOISE-001003-2013-08-18T00-00-00.txt,1
2013-12-04 15:02:00,63.73,65.82,60.57,65.7,69.58,61.85,DCC-NOISE-001003-2013-12-04T00-00-00.txt,1
2013-03-29 10:10:00,64.81,68.22,56.01,64.53,67.32,59.27,DCC-NOISE-001003-2013-03-29T00-00-00.txt,1
2013-12-24 13:15:00,63.43,67.41,58.3,71.19,77.19,62.81,DCC-NOISE-001003-2013-12-24T00-00-00.txt,1
2013-02-14 06:50:00,57.76,60.66,54.41,61.55,64.68,58.09,DCC-NOISE-001014-2013-02-14T00-00-00.txt,0
2013-02-16 05:35:00,50.53,56.58,44.24,53.27,58.49,48.21,DCC-NOISE-001014-2013-02-16T00-00-00.txt,0
2013-05-28 07:45:00,58.9,63.76,50.4,64.33,70.08,57.06,DCC-NOISE-001003-2013-05-28T00-00-00.txt,0
2013-04-18 10:55:00,63.57,68.77,57.34,73.05,80.59,62.99,DCC-NOISE-001003-2013-04-18T00-00-00.txt,1
2013-01-18 04:16:00,63.96,71.85,48.27,70.14,77.19,55.21,DCC-NOISE-001003-2013-01-18T00-00-00.txt,1
2013-03-21 22:10:00,61.68,64.89,55.53,65.23,68.4,58.67,DCC-NOISE-001003-2013-03-21T00-00-00.txt,0
2013-12-22 19:20:00,60.58,63.29,56.7,62.67,65.45,59.06,DCC-NOISE-001003-2013-12-22T00-00-00.txt,0
2013-01-18 15:16:00,63.51,67.38,56.72,68.01,73.29,60.3,DCC-NOISE-001003-2013-01-18T00-00-00.txt,1
2013-02-10 18:20:00,61.97,65.0,56.76,64.66,67.63,59.97,DCC-NOISE-001014-2013-02-10T00-00-00.txt,0
2013-04-02 13:15:00,63.32,65.68,59.06,64.43,66.91,59.94,DCC-NOISE-001003-2013-04-02T00-00-00.txt,1
2013-11-19 12:41:00,66.46,71.31,55.06,71.03,76.79,58.59,DCC-NOISE-001003-2013-11-19T00-00-00.txt,1
2013-02-13 08:30:00,60.47,63.74,55.29,64.28,67.09,59.04,DCC-NOISE-001014-2013-02-13T00-00-00.txt,0
2013-01-27 18:00:00,60.23,62.86,56.91,62.59,64.97,59.22,DCC-NOISE-001014-2013-01-27T00-00-00.txt,0
2013-12-30 12:55:00,63.32,64.7,61.34,64.41,66.24,62.22,DCC-NOISE-001003-2013-12-30T00-00-00.txt,1
2013-05-13 11:05:00,63.32,66.55,59.34,68.98,72.75,63.94,DCC-NOISE-001003-2013-05-13T00-00-00.txt,1
2013-06-24 18:20:00,56.56,59.11,52.44,59.02,62.13,53.57,DCC-NOISE-001003-2013-06-24T00-00-00.txt,0
2013-03-22 12:30:00,63.31,65.75,58.69,66.79,68.97,62.48,DCC-NOISE-001003-2013-03-22T00-00-00.txt,1
2013-10-28 18:31:00,60.55,61.46,55.88,63.94,65.8,58.9,DCC-NOISE-001003-2013-10-28T00-00-00.txt,0
2013-09-26 18:51:00,63.3,67.27,52.83,65.1,69.78,56.61,DCC-NOISE-001003-2013-09-26T00-00-00.txt,1
2013-11-18 09:07:00,60.87,63.12,57.82,64.3,66.79,61.3,DCC-NOISE-001003-2013-11-18T00-00-00.txt,0
2013-07-18 01:00:00,51.35,56.77,43.29,53.76,58.31,48.36,DCC-NOISE-001003-2013-07-18T00-00-00.txt,0
2013-01-25 18:30:00,63.19,66.26,57.94,65.01,67.85,60.13,DCC-NOISE-001014-2013-01-25T00-00-00.txt,1
2013-03-22 17:20:00,61.18,63.66,55.76,65.84,69.76,59.94,DCC-NOISE-001003-2013-03-22T00-00-00.txt,0
2013-08-16 23:00:00,51.13,55.28,44.03,54.36,57.66,48.93,DCC-NOISE-001003-2013-08-16T00-00-00.txt,0
2013-01-30 10:15:00,64.49,70.05,56.28,72.21,78.37,60.91,DCC-NOISE-001014-2013-01-30T00-00-00.txt,1
2013-04-18 17:30:00,62.35,66.21,58.01,70.85,76.91,62.47,DCC-NOISE-001003-2013-04-18T00-00-00.txt,0
2013-01-18 07:01:00,64.54,70.86,52.15,70.12,76.95,57.72,DCC-NOISE-001003-2013-01-18T00-00-00.txt,1
2013-12-23 15:02:00,63.77,65.17,61.39,65.98,68.25,62.58,DCC-NOISE-001003-2013-12-23T00-02-00.txt,1
2013-04-04 02:00:00,49.67,57.14,38.66,52.1,59.52,42.32,DCC-NOISE-001003-2013-04-04T00-00-00.txt,0
2013-05-08 17:25:00,64.2,68.34,56.42,65.76,68.94,59.49,DCC-NOISE-001003-2013-05-08T00-00-00.txt,1
2013-11-30 03:52:00,53.27,58.86,47.81,55.03,59.77,50.87,DCC-NOISE-001003-2013-11-30T00-00-00.txt,0
2013-06-20 09:35:00,72.24,79.39,61.33,78.06,85.4,68.28,DCC-NOISE-001003-2013-06-20T00-00-00.txt,1
2013-08-13 09:20:00,57.4,59.81,51.85,61.07,63.08,56.27,DCC-NOISE-001003-2013-08-13T00-00-00.txt,0
2013-02-11 04:20:00,47.88,54.72,39.75,49.95,55.61,42.95,DCC-NOISE-001014-2013-02-11T00-00-00.txt,0
2013-01-17 21:06:00,63.53,69.65,53.52,68.47,75.07,58.07,DCC-NOISE-001003-2013-01-17T00-00-00.txt,1
2013-04-18 07:55:00,61.23,63.81,57.56,65.01,68.84,60.86,DCC-NOISE-001003-2013-04-18T00-00-00.txt,0
2013-12-30 11:45:00,63.83,66.3,60.93,67.09,71.09,62.77,DCC-NOISE-001003-2013-12-30T00-00-00.txt,1
2013-07-05 10:45:00,60.82,65.45,51.3,65.24,69.88,56.1,DCC-NOISE-001003-2013-07-05T00-00-00.txt,0
2013-10-05 13:22:00,56.57,59.01,50.33,60.98,63.48,54.42,DCC-NOISE-001003-2013-10-05T00-00-00.txt,0
2013-03-15 14:50:00,60.65,62.83,55.91,63.45,66.33,59.17,DCC-NOISE-001003-2013-03-15T00-00-00.txt,0
2013-08-18 12:40:00,71.93,81.65,54.07,76.49,86.57,59.23,DCC-NOISE-001003-2013-08-18T00-00-00.txt,1
2013-02-03 20:15:00,59.78,62.32,56.32,65.43,68.61,59.63,DCC-NOISE-001014-2013-02-03T00-00-00.txt,0
2013-01-25 09:20:00,59.73,63.06,55.19,64.3,67.24,60.26,DCC-NOISE-001014-2013-01-25T00-00-00.txt,0
2013-03-22 04:55:00,62.64,68.87,52.83,73.23,79.48,60.09,DCC-NOISE-001003-2013-03-22T00-00-00.txt,0
2013-10-31 14:56:00,65.23,67.84,61.2,71.55,74.02,68.01,DCC-NOISE-001003-2013-10-31T00-00-00.txt,1
2013-06-20 16:20:00,53.68,57.23,48.93,58.7,61.96,54.29,DCC-NOISE-001003-2013-06-20T00-00-00.txt,0
2013-08-02 10:45:00,66.02,71.78,58.83,72.1,77.7,63.99,DCC-NOISE-001003-2013-08-02T00-00-00.txt,1
2013-12-05 09:12:00,71.06,77.65,62.64,81.92,89.95,67.39,DCC-NOISE-001003-2013-12-05T00-00-00.txt,1
2013-01-18 08:41:00,61.2,64.26,56.41,64.85,68.16,60.19,DCC-NOISE-001003-2013-01-18T00-00-00.txt,0
2013-12-27 18:22:00,63.55,66.87,60.14,70.53,76.66,63.64,DCC-NOISE-001003-2013-12-27T00-02-00.txt,1
2013-04-29 11:40:00,64.74,69.13,59.31,69.94,74.24,64.3,DCC-NOISE-001003-2013-04-29T00-00-00.txt,1
2013-10-01 22:12:00,56.69,59.94,49.9,58.95,61.71,52.86,DCC-NOISE-001003-2013-10-01T00-00-00.txt,0
2013-12-14 13:15:00,66.0,68.5,62.02,74.02,79.36,65.57,DCC-NOISE-001003-2013-12-14T00-00-00.txt,1
2013-07-09 16:15:00,54.69,58.25,46.0,60.15,64.93,51.12,DCC-NOISE-001003-2013-07-09T00-00-00.txt,0
2013-04-16 07:45:00,61.81,63.68,57.43,69.57,75.16,61.8,DCC-NOISE-001003-2013-04-16T00-00-00.txt,0
2013-01-09 13:50:00,56.71,60.39,49.53,60.58,64.44,54.29,DCC-NOISE-001003-2013-01-09T00-00-00.txt,0
2013-12-30 14:50:00,63.26,65.1,60.84,64.23,66.29,61.57,DCC-NOISE-001003-2013-12-30T00-00-00.txt,1
2013-08-18 11:55:00,78.41,85.57,52.18,81.92,88.31,57.22,DCC-NOISE-001003-2013-08-18T00-00-00.txt,1
2013-11-17 01:22:00,53.79,57.93,46.45,56.42,60.81,48.99,DCC-NOISE-001003-2013-11-17T00-00-00.txt,0
2013-07-15 01:35:00,49.05,55.16,42.47,51.74,57.17,45.85,DCC-NOISE-001003-2013-07-15T00-00-00.txt,0
2013-04-07 09:15:00,66.97,70.18,61.59,68.0,70.71,62.84,DCC-NOISE-001003-2013-04-07T00-00-00.txt,1
2013-12-20 18:30:00,65.3,67.95,59.72,73.4,80.4,64.4,DCC-NOISE-001003-2013-12-20T00-00-00.txt,1
2013-11-19 12:46:00,66.86,71.51,56.47,72.62,76.78,61.37,DCC-NOISE-001003-2013-11-19T00-00-00.txt,1
2013-01-29 11:00:00,69.62,71.66,66.82,72.05,75.55,67.5,DCC-NOISE-001014-2013-01-29T00-00-00.txt,1
2013-05-28 11:15:00,64.36,68.77,52.13,65.97,69.79,56.48,DCC-NOISE-001003-2013-05-28T00-00-00.txt,1
2013-05-20 10:25:00,65.6,67.8,60.08,71.02,73.39,65.32,DCC-NOISE-001003-2013-05-20T00-00-00.txt,1
2013-12-05 09:02:00,67.5,72.1,60.28,77.73,84.9,66.22,DCC-NOISE-001003-2013-12-05T00-00-00.txt,1
2013-12-14 15:45:00,64.72,67.37,60.7,73.29,79.0,65.06,DCC-NOISE-001003-2013-12-14T00-00-00.txt,1
2013-04-18 16:45:00,64.02,68.6,59.04,72.85,79.24,63.28,DCC-NOISE-001003-2013-04-18T00-00-00.txt,1
2013-01-29 15:35:00,66.29,69.95,61.0,76.8,84.1,66.17,DCC-NOISE-001014-2013-01-29T00-00-00.txt,1
2013-03-22 12:05:00,63.09,65.62,59.24,64.78,66.88,61.78,DCC-NOISE-001003-2013-03-22T00-00-00.txt,1
2013-02-21 15:15:00,60.17,62.71,54.74,63.83,66.63,58.97,DCC-NOISE-001003-2013-02-21T00-00-00.txt,0
2013-12-27 06:02:00,67.5,72.48,58.9,76.52,84.02,64.65,DCC-NOISE-001003-2013-12-27T00-02-00.txt,1
2013-01-17 21:41:00,63.14,69.9,50.58,68.6,75.47,56.22,DCC-NOISE-001003-2013-01-17T00-00-00.txt,1
2013-04-17 17:55:00,60.31,62.68,56.28,65.78,69.33,61.06,DCC-NOISE-001003-2013-04-17T00-00-00.txt,0
2013-02-14 08:20:00,63.59,67.4,58.98,66.81,71.41,62.06,DCC-NOISE-001014-2013-02-14T00-00-00.txt,1
2013-12-16 13:00:00,64.6,66.07,59.86,66.28,68.96,61.79,DCC-NOISE-001003-2013-12-16T00-00-00.txt,1
2013-04-18 10:00:00,63.49,66.67,55.99,72.47,78.47,60.9,DCC-NOISE-001003-2013-04-18T00-00-00.txt,1
2013-02-15 08:20:00,60.1,62.93,56.66,63.1,65.63,59.85,DCC-NOISE-001014-2013-02-15T00-00-00.txt,0
2013-08-02 15:40:00,63.31,66.45,59.13,64.38,66.74,61.35,DCC-NOISE-001003-2013-08-02T00-00-00.txt,1
2013-01-04 22:05:00,55.69,59.66,49.6,57.51,60.78,52.44,DCC-NOISE-001003-2013-01-04T00-00-00.txt,0
2013-06-19 17:45:00,55.43,58.34,48.74,60.78,63.72,54.27,DCC-NOISE-001003-2013-06-19T00-00-00.txt,0
2013-12-13 20:12:00,60.3,62.89,55.96,63.67,66.56,59.67,DCC-NOISE-001003-2013-12-13T00-02-00.txt,0
2013-04-09 04:10:00,42.99,44.31,39.0,47.16,50.53,42.72,DCC-NOISE-001003-2013-04-09T00-00-00.txt,0
2013-06-07 10:10:00,54.14,57.39,48.75,59.45,62.37,55.57,DCC-NOISE-001003-2013-06-07T00-00-00.txt,0
2013-09-07 14:30:00,59.26,61.37,55.96,61.36,63.01,58.45,DCC-NOISE-001003-2013-09-07T00-00-00.txt,0
2013-02-26 10:50:00,72.12,77.06,56.64,78.11,82.93,59.55,DCC-NOISE-001003-2013-02-26T00-00-00.txt,1
2013-11-29 14:06:00,64.61,64.07,57.83,66.27,67.03,61.37,DCC-NOISE-001003-2013-11-29T00-00-00.txt,1
2013-11-26 13:56:00,65.59,70.07,59.25,71.77,76.44,65.74,DCC-NOISE-001003-2013-11-26T00-00-00.txt,1
2013-03-08 09:30:00,63.53,68.88,56.5,65.73,69.39,59.95,DCC-NOISE-001003-2013-03-08T00-00-00.txt,1
2013-10-16 11:17:00,62.09,65.2,57.82,62.83,65.59,59.15,DCC-NOISE-001003-2013-10-16T00-00-00.txt,0
2013-05-22 20:10:00,57.24,59.95,52.55,60.42,63.21,55.59,DCC-NOISE-001003-2013-05-22T00-00-00.txt,0
2013-12-21 16:33:00,61.66,64.81,56.9,64.8,67.68,60.22,DCC-NOISE-001003-2013-12-21T00-03-00.txt,0
2013-04-16 09:10:00,61.32,63.68,57.77,68.92,72.63,62.76,DCC-NOISE-001003-2013-04-16T00-00-00.txt,0
2013-12-27 04:42:00,64.44,67.67,57.73,73.53,79.4,62.73,DCC-NOISE-001003-2013-12-27T00-02-00.txt,1
2013-02-07 14:30:00,61.81,63.89,58.34,65.42,67.75,62.15,DCC-NOISE-001014-2013-02-07T00-00-00.txt,0
2013-11-22 09:51:00,61.23,63.3,54.12,63.89,66.07,57.97,DCC-NOISE-001003-2013-11-22T00-00-00.txt,0
2013-10-05 20:17:00,56.6,59.57,52.15,59.3,62.12,55.48,DCC-NOISE-001003-2013-10-05T00-00-00.txt,0
2013-12-19 11:33:00,61.06,63.32,57.49,64.28,66.34,60.65,DCC-NOISE-001003-2013-12-19T00-03-00.txt,0
2013-02-01 11:30:00,61.52,64.15,57.79,68.31,73.12,62.23,DCC-NOISE-001014-2013-02-01T00-00-00.txt,0
2013-12-01 23:47:00,53.3,57.31,47.13,55.99,60.55,49.21,DCC-NOISE-001003-2013-12-01T00-00-00.txt,0
2013-12-27 13:12:00,64.52,66.72,60.68,70.59,74.52,64.14,DCC-NOISE-001003-2013-12-27T00-02-00.txt,1
2013-08-02 11:15:00,62.99,66.67,58.8,69.01,72.26,63.4,DCC-NOISE-001003-2013-08-02T00-00-00.txt,0
2013-07-19 10:45:00,53.55,56.63,47.83,59.31,61.92,55.05,DCC-NOISE-001003-2013-07-19T00-00-00.txt,0
2013-11-26 14:56:00,63.55,65.33,60.63,70.02,72.29,66.4,DCC-NOISE-001003-2013-11-26T00-00-00.txt,1
2013-02-04 19:10:00,65.77,67.55,59.88,75.66,82.35,63.55,DCC-NOISE-001014-2013-02-04T00-00-00.txt,1
2013-12-14 11:50:00,65.13,67.21,61.81,71.29,75.77,64.4,DCC-NOISE-001003-2013-12-14T00-00-00.txt,1
2013-03-22 00:50:00,60.2,64.08,53.79,66.57,70.82,58.74,DCC-NOISE-001003-2013-03-22T00-00-00.txt,0
2013-10-30 12:41:00,60.18,63.38,55.55,65.05,69.07,59.01,DCC-NOISE-001003-2013-10-30T00-00-00.txt,0
2013-12-25 17:52:00,56.35,59.51,51.76,58.37,61.3,54.29,DCC-NOISE-001003-2013-12-25T00-02-00.txt,0
2013-03-21 14:00:00,72.78,79.06,66.29,75.67,80.94,70.49,DCC-NOISE-001003-2013-03-21T00-00-00.txt,1
2013-01-14 17:01:00,60.19,62.57,56.05,63.4,65.66,59.72,DCC-NOISE-001003-2013-01-14T00-00-00.txt,0
2013-10-25 15:51:00,61.35,64.82,53.38,63.9,67.09,57.53,DCC-NOISE-001003-2013-10-25T00-00-00.txt,0
2013-12-31 14:12:00,66.68,68.18,62.37,67.24,69.26,64.05,DCC-NOISE-001003-2013-12-31T00-02-00.txt,1
2013-05-16 00:05:00,53.02,57.2,46.12,55.69,59.76,50.19,DCC-NOISE-001003-2013-05-16T00-00-00.txt,0
2013-07-12 15:15:00,53.8,57.2,44.67,59.66,62.72,51.98,DCC-NOISE-001003-2013-07-12T00-00-00.txt,0
2013-03-14 15:20:00,59.65,61.8,56.83,63.95,66.6,61.13,DCC-NOISE-001003-2013-03-14T00-00-00.txt,0
2013-01-18 08:21:00,62.28,65.91,56.66,66.53,70.06,61.18,DCC-NOISE-001003-2013-01-18T00-00-00.txt,0
2013-12-21 09:03:00,63.08,64.89,59.33,66.22,69.57,61.88,DCC-NOISE-001003-2013-12-21T00-03-00.txt,1
2013-05-21 10:40:00,74.16,81.3,62.53,79.95,86.71,69.48,DCC-NOISE-001003-2013-05-21T00-00-00.txt,1
2013-08-02 03:50:00,48.25,54.89,40.17,50.86,56.7,44.57,DCC-NOISE-001003-2013-08-02T00-00-00.txt,0
2013-03-29 16:10:00,63.65,65.18,60.4,64.17,65.73,60.61,DCC-NOISE-001003-2013-03-29T00-00-00.txt,1
2013-07-28 16:20:00,64.43,67.56,56.36,64.48,67.12,59.49,DCC-NOISE-001003-2013-07-28T00-00-00.txt,1
2013-03-20 13:40:00,63.28,65.64,59.04,67.18,69.46,63.79,DCC-NOISE-001003-2013-03-20T00-00-00.txt,1
2013-03-11 14:25:00,61.04,63.81,56.82,65.29,69.02,59.66,DCC-NOISE-001003-2013-03-11T00-00-00.txt,0
2013-04-09 12:05:00,64.97,68.28,59.65,72.18,75.13,67.68,DCC-NOISE-001003-2013-04-09T00-00-00.txt,1
2013-04-27 12:05:00,56.18,59.4,50.26,60.46,63.21,55.94,DCC-NOISE-001003-2013-04-27T00-00-00.txt,0
2013-01-28 19:00:00,60.45,62.75,55.83,67.35,70.61,60.91,DCC-NOISE-001014-2013-01-28T00-00-00.txt,0
2013-03-28 11:05:00,66.57,73.29,54.03,66.68,72.05,57.33,DCC-NOISE-001003-2013-03-28T00-00-00.txt,1
2013-03-10 21:40:00,61.71,66.74,52.14,68.3,75.55,56.67,DCC-NOISE-001003-2013-03-10T00-00-00.txt,0
2013-04-09 17:45:00,58.81,62.15,51.9,60.8,64.04,55.45,DCC-NOISE-001003-2013-04-09T00-00-00.txt,0
2013-12-02 01:37:00,49.19,56.64,39.33,50.96,57.64,42.81,DCC-NOISE-001003-2013-12-02T00-00-00.txt,0
2013-04-26 07:45:00,60.41,63.23,56.38,63.1,65.71,60.15,DCC-NOISE-001003-2013-04-26T00-00-00.txt,0
2013-03-20 12:30:00,65.35,68.75,57.51,68.88,71.83,62.43,DCC-NOISE-001003-2013-03-20T00-00-00.txt,1
2013-06-11 09:15:00,63.75,66.89,57.39,70.76,74.81,60.97,DCC-NOISE-001003-2013-06-11T00-00-00.txt,1
2013-08-18 13:15:00,71.5,76.8,60.79,73.63,78.04,65.44,DCC-NOISE-001003-2013-08-18T00-00-00.txt,1
2013-05-30 08:45:00,73.75,80.34,62.77,79.49,85.78,69.52,DCC-NOISE-001003-2013-05-30T00-00-00.txt,1
2013-03-22 16:05:00,63.41,65.95,57.97,70.49,75.86,62.54,DCC-NOISE-001003-2013-03-22T00-00-00.txt,1
2013-04-07 10:40:00,63.54,70.11,55.89,69.63,76.51,62.38,DCC-NOISE-001003-2013-04-07T00-00-00.txt,1
2013-12-29 20:32:00,60.46,63.57,54.27,64.27,68.93,57.45,DCC-NOISE-001003-2013-12-29T00-02-00.txt,0
2013-02-04 16:35:00,61.26,63.26,58.03,67.86,72.22,63.11,DCC-NOISE-001014-2013-02-04T00-00-00.txt,0
2013-02-03 17:10:00,60.38,63.12,56.82,65.31,69.47,60.56,DCC-NOISE-001014-2013-02-03T00-00-00.txt,0
2013-03-21 14:05:00,68.3,71.85,63.62,72.46,75.34,68.64,DCC-NOISE-001003-2013-03-21T00-00-00.txt,1
2013-11-20 09:01:00,59.8,61.79,56.64,63.07,64.85,60.24,DCC-NOISE-001003-2013-11-20T00-00-00.txt,0
2013-03-29 10:30:00,65.4,70.72,53.16,65.36,69.58,58.33,DCC-NOISE-001003-2013-03-29T00-00-00.txt,1
2013-11-15 02:07:00,48.54,53.05,43.61,51.58,55.86,47.91,DCC-NOISE-001003-2013-11-15T00-00-00.txt,0
2013-12-17 13:58:00,65.83,66.88,59.3,67.82,72.58,60.67,DCC-NOISE-001003-2013-12-17T00-03-00.txt,1
2013-08-18 12:30:00,69.92,80.83,55.79,75.44,84.24,59.51,DCC-NOISE-001003-2013-08-18T00-00-00.txt,1
2013-12-14 14:40:00,64.21,66.22,60.37,70.59,74.93,63.51,DCC-NOISE-001003-2013-12-14T00-00-00.txt,1
2013-04-17 16:55:00,61.79,64.81,56.9,71.7,77.41,61.47,DCC-NOISE-001003-2013-04-17T00-00-00.txt,0
2013-03-26 15:05:00,63.32,65.25,58.99,64.69,67.02,60.51,DCC-NOISE-001003-2013-03-26T00-00-00.txt,1
2013-09-11 11:10:00,63.49,66.99,59.25,68.0,72.05,63.2,DCC-NOISE-001003-2013-09-11T00-00-00.txt,1
2013-01-08 10:35:00,66.26,73.67,55.19,66.78,72.57,59.19,DCC-NOISE-001003-2013-01-08T00-00-00.txt,1
2013-10-30 19:21:00,61.41,65.61,56.25,64.31,68.4,59.46,DCC-NOISE-001003-2013-10-30T00-00-00.txt,0
2013-03-30 19:05:00,69.79,72.33,51.77,68.73,70.97,56.54,DCC-NOISE-001003-2013-03-30T00-00-00.txt,1
2013-03-08 11:55:00,62.21,64.98,57.56,65.27,67.81,61.46,DCC-NOISE-001003-2013-03-08T00-00-00.txt,0
2013-05-13 10:45:00,66.67,71.54,60.76,71.6,76.39,65.94,DCC-NOISE-001003-2013-05-13T00-00-00.txt,1
2013-04-08 21:50:00,54.98,59.23,48.96,58.21,62.06,52.6,DCC-NOISE-001003-2013-04-08T00-00-00.txt,0
2013-12-27 04:57:00,70.01,76.18,60.4,74.89,81.79,64.58,DCC-NOISE-001003-2013-12-27T00-02-00.txt,1
2013-11-16 13:37:00,60.37,63.39,55.17,63.34,68.01,58.11,DCC-NOISE-001003-2013-11-16T00-00-00.txt,0
2013-06-01 21:00:00,57.64,61.15,51.76,59.53,62.55,54.46,DCC-NOISE-001003-2013-06-01T00-20-00.txt,0
2013-01-28 12:25:00,64.71,67.55,59.15,75.84,81.6,64.84,DCC-NOISE-001014-2013-01-28T00-00-00.txt,1
2013-09-15 12:50:00,65.67,68.95,59.32,69.25,73.11,61.36,DCC-NOISE-001003-2013-09-15T00-00-00.txt,1
2013-03-15 08:15:00,61.2,63.8,57.04,64.41,67.33,60.78,DCC-NOISE-001003-2013-03-15T00-00-00.txt,0
2013-02-24 01:35:00,55.24,60.06,46.38,56.77,61.0,48.55,DCC-NOISE-001003-2013-02-24T00-00-00.txt,0
2013-04-07 09:35:00,71.25,77.97,56.12,71.57,77.55,60.67,DCC-NOISE-001003-2013-04-07T00-00-00.txt,1
2013-11-25 15:36:00,57.52,60.65,53.8,61.41,64.42,57.54,DCC-NOISE-001003-2013-11-25T00-00-00.txt,0
2013-03-07 15:10:00,63.53,65.59,60.36,65.02,67.22,61.7,DCC-NOISE-001003-2013-03-07T00-00-00.txt,1
2013-09-15 15:10:00,60.94,63.8,57.56,64.76,67.32,59.93,DCC-NOISE-001003-2013-09-15T00-00-00.txt,0
2013-04-10 10:20:00,63.67,67.7,55.45,64.55,67.52,58.6,DCC-NOISE-001003-2013-04-10T00-00-00.txt,1
2013-05-13 09:55:00,64.66,67.16,60.92,71.24,74.51,66.7,DCC-NOISE-001003-2013-05-13T00-00-00.txt,1
2013-02-25 18:05:00,57.98,60.64,52.63,61.94,65.25,56.29,DCC-NOISE-001003-2013-02-25T00-00-00.txt,0
2013-10-31 12:46:00,67.4,69.1,64.77,79.73,82.57,75.88,DCC-NOISE-001003-2013-10-31T00-00-00.txt,1
2013-09-19 06:50:00,59.28,63.02,53.55,63.51,68.5,56.61,DCC-NOISE-001003-2013-09-19T00-00-00.txt,0
2013-08-12 07:40:00,66.18,70.71,52.85,70.88,76.1,58.4,DCC-NOISE-001003-2013-08-12T00-00-00.txt,1
2013-09-01 14:05:00,57.5,59.53,54.32,60.93,63.13,57.1,DCC-NOISE-001003-2013-09-01T00-00-00.txt,0
2013-05-08 16:50:00,63.99,65.88,59.85,67.55,70.43,61.88,DCC-NOISE-001003-2013-05-08T00-00-00.txt,1
2013-12-07 10:12:00,60.38,62.56,57.42,62.15,64.52,59.45,DCC-NOISE-001003-2013-12-07T00-02-00.txt,0
2013-05-11 13:40:00,63.69,65.99,59.75,67.84,72.29,62.41,DCC-NOISE-001003-2013-05-11T00-00-00.txt,1
2013-11-29 07:41:00,60.31,63.12,56.29,64.88,68.34,60.68,DCC-NOISE-001003-2013-11-29T00-00-00.txt,0
2013-08-18 16:10:00,80.11,85.58,64.25,81.79,86.92,65.79,DCC-NOISE-001003-2013-08-18T00-00-00.txt,1
2013-05-10 19:50:00,57.83,60.64,53.28,60.97,63.46,56.67,DCC-NOISE-001003-2013-05-10T00-00-00.txt,0
2013-05-09 20:25:00,60.22,62.69,56.65,63.91,66.55,59.6,DCC-NOISE-001003-2013-05-09T00-00-00.txt,0
2013-12-05 11:57:00,65.13,69.73,59.79,72.82,79.96,62.25,DCC-NOISE-001003-2013-12-05T00-00-00.txt,1
2013-04-03 17:10:00,59.24,61.52,55.41,62.06,64.46,57.64,DCC-NOISE-001003-2013-04-03T00-00-00.txt,0
2013-10-31 15:06:00,64.9,68.38,60.38,73.78,78.51,67.79,DCC-NOISE-001003-2013-10-31T00-00-00.txt,1
2013-03-22 14:25:00,63.38,66.06,58.21,65.53,68.15,61.04,DCC-NOISE-001003-2013-03-22T00-00-00.txt,1
2013-03-19 10:20:00,60.74,66.3,52.46,63.49,68.19,56.14,DCC-NOISE-001003-2013-03-19T00-00-00.txt,0
2013-11-18 00:55:00,55.3,60.11,46.81,56.52,61.12,48.75,DCC-NOISE-001003-2013-11-18T00-00-00.txt,0
2013-12-27 08:42:00,64.35,68.28,57.37,73.74,80.58,62.58,DCC-NOISE-001003-2013-12-27T00-02-00.txt,1
2013-09-30 18:01:00,57.14,59.66,52.7,62.91,66.94,57.09,DCC-NOISE-001003-2013-09-30T00-00-00.txt,0
2013-05-18 04:50:00,63.54,61.75,45.53,63.25,61.35,48.97,DCC-NOISE-001003-2013-05-18T00-00-00.txt,1
2013-02-19 08:55:00,63.48,71.5,55.32,67.37,75.46,59.97,DCC-NOISE-001003-2013-02-19T00-00-00.txt,1
2013-03-09 17:10:00,61.42,63.82,56.52,62.97,65.45,58.41,DCC-NOISE-001003-2013-03-09T00-00-00.txt,0
2013-09-05 02:50:00,42.32,45.22,36.93,45.33,48.36,41.06,DCC-NOISE-001003-2013-09-05T00-00-00.txt,0
2013-08-26 12:15:00,69.26,72.11,60.8,75.22,78.48,67.87,DCC-NOISE-001003-2013-08-26T00-00-00.txt,1
2013-03-20 10:25:00,65.88,68.89,57.25,69.07,72.46,59.85,DCC-NOISE-001003-2013-03-20T00-00-00.txt,1
2013-01-18 11:36:00,63.49,65.85,58.33,66.8,71.11,60.26,DCC-NOISE-001003-2013-01-18T00-00-00.txt,1
2013-04-18 01:25:00,65.03,69.17,57.91,73.89,81.29,63.46,DCC-NOISE-001003-2013-04-18T00-00-00.txt,1
2013-03-19 11:50:00,66.88,68.52,63.89,69.42,71.46,66.15,DCC-NOISE-001003-2013-03-19T00-00-00.txt,1
2013-03-14 11:35:00,63.38,67.39,57.98,68.89,72.36,64.65,DCC-NOISE-001003-2013-03-14T00-00-00.txt,1
2013-04-27 05:20:00,53.97,58.71,45.83,54.89,59.03,49.1,DCC-NOISE-001003-2013-04-27T00-00-00.txt,0
2013-10-31 14:51:00,64.36,66.35,61.72,72.01,73.67,68.19,DCC-NOISE-001003-2013-10-31T00-00-00.txt,1
2013-10-10 08:26:00,58.54,61.35,55.49,62.14,64.12,59.76,DCC-NOISE-001003-2013-10-10T00-00-00.txt,0
2013-05-20 11:20:00,68.18,71.14,63.87,73.59,77.61,68.21,DCC-NOISE-001003-2013-05-20T00-00-00.txt,1
2013-03-18 10:30:00,60.2,64.85,50.55,60.34,64.41,52.56,DCC-NOISE-001003-2013-03-18T00-00-00.txt,0
2013-12-19 15:03:00,63.76,65.32,60.48,64.96,66.69,62.05,DCC-NOISE-001003-2013-12-19T00-03-00.txt,1
2013-08-02 10:55:00,65.81,70.92,59.64,71.84,77.33,65.63,DCC-NOISE-001003-2013-08-02T00-00-00.txt,1
2013-12-15 15:12:00,65.07,66.38,63.27,65.85,67.45,63.46,DCC-NOISE-001003-2013-12-15T00-02-00.txt,1
2013-06-04 04:55:00,48.77,55.43,40.43,50.99,57.41,43.81,DCC-NOISE-001003-2013-06-04T00-00-00.txt,0
2013-06-19 04:45:00,66.61,73.35,41.54,65.01,71.63,44.71,DCC-NOISE-001003-2013-06-19T00-00-00.txt,1
2013-09-27 17:26:00,57.91,59.81,51.64,61.03,62.49,56.42,DCC-NOISE-001003-2013-09-27T00-00-00.txt,0
2013-04-17 19:40:00,63.43,67.58,56.78,73.9,80.41,61.16,DCC-NOISE-001003-2013-04-17T00-00-00.txt,1
2013-05-23 16:15:00,57.92,60.38,53.23,61.24,63.65,56.69,DCC-NOISE-001003-2013-05-23T00-00-00.txt,0
2013-01-14 08:16:00,60.47,63.08,56.59,64.15,66.88,59.95,DCC-NOISE-001003-2013-01-14T00-00-00.txt,0
2013-01-18 14:11:00,63.47,65.1,58.17,66.7,69.27,60.49,DCC-NOISE-001003-2013-01-18T00-00-00.txt,1
2013-05-14 23:40:00,53.41,59.27,44.64,56.81,62.91,47.85,DCC-NOISE-001003-2013-05-14T00-00-00.txt,0
2013-04-17 12:30:00,61.46,64.08,57.2,69.51,74.92,62.19,DCC-NOISE-001003-2013-04-17T00-00-00.txt,0
2013-02-06 10:05:00,59.66,61.69,56.34,63.72,65.73,60.71,DCC-NOISE-001014-2013-02-06T00-00-00.txt,0
2013-12-19 16:43:00,67.06,68.93,64.58,68.43,70.63,65.63,DCC-NOISE-001003-2013-12-19T00-03-00.txt,1
2013-02-04 14:30:00,61.55,63.88,57.5,69.16,73.96,62.14,DCC-NOISE-001014-2013-02-04T00-00-00.txt,0
2013-06-22 02:05:00,52.43,56.93,44.94,54.88,59.45,47.7,DCC-NOISE-001003-2013-06-22T00-00-00.txt,0
2013-01-28 11:00:00,62.49,65.66,57.45,70.97,75.85,63.57,DCC-NOISE-001014-2013-01-28T00-00-00.txt,0
2013-02-03 18:10:00,59.63,62.3,55.98,64.55,68.74,59.54,DCC-NOISE-001014-2013-02-03T00-00-00.txt,0
2013-09-03 11:15:00,71.5,78.48,60.48,77.01,83.77,66.99,DCC-NOISE-001003-2013-09-03T00-00-00.txt,1
2013-12-26 22:15:00,62.66,65.27,58.6,66.47,70.06,60.91,DCC-NOISE-001003-2013-12-26T00-00-00.txt,0
2013-07-02 12:55:00,58.3,60.76,53.29,60.98,62.89,56.45,DCC-NOISE-001003-2013-07-02T00-00-00.txt,0
2013-09-23 01:55:00,50.15,56.03,38.82,51.76,57.15,42.55,DCC-NOISE-001003-2013-09-23T00-00-00.txt,0
2013-03-21 11:45:00,64.1,66.71,59.58,67.68,70.37,63.69,DCC-NOISE-001003-2013-03-21T00-00-00.txt,1
2013-12-14 12:45:00,68.66,72.9,62.31,77.59,84.73,65.34,DCC-NOISE-001003-2013-12-14T00-00-00.txt,1
2013-03-21 16:50:00,64.61,65.29,56.12,66.72,68.28,60.99,DCC-NOISE-001003-2013-03-21T00-00-00.txt,1
2013-08-29 11:05:00,68.29,72.32,63.0,73.75,77.17,68.1,DCC-NOISE-001003-2013-08-29T00-00-00.txt,1
2013-04-01 23:30:00,53.84,59.04,45.07,56.32,61.06,48.2,DCC-NOISE-001003-2013-04-01T01-00-00.txt,0
2013-01-19 14:01:00,60.69,62.98,55.54,62.14,64.57,57.3,DCC-NOISE-001003-2013-01-19T00-00-00.txt,0
2013-04-25 15:30:00,70.89,73.35,58.63,70.16,72.29,63.49,DCC-NOISE-001003-2013-04-25T00-15-00.txt,1
2013-09-20 10:40:00,65.48,71.13,58.66,71.25,77.04,64.5,DCC-NOISE-001003-2013-09-20T00-00-00.txt,1
2013-12-27 14:57:00,65.94,67.95,61.83,72.02,77.45,64.59,DCC-NOISE-001003-2013-12-27T00-02-00.txt,1
2013-11-08 18:51:00,62.02,62.92,56.48,64.15,65.21,59.54,DCC-NOISE-001003-2013-11-08T00-00-00.txt,0
2013-03-27 14:40:00,62.08,65.32,56.8,65.05,67.77,59.47,DCC-NOISE-001003-2013-03-27T00-00-00.txt,0
2013-03-12 06:45:00,54.4,58.51,48.68,57.99,61.44,53.36,DCC-NOISE-001003-2013-03-12T00-00-00.txt,0
2013-12-12 02:20:00,48.65,54.54,42.03,59.33,66.97,47.66,DCC-NOISE-001003-2013-12-12T00-00-00.txt,0
2013-05-20 21:20:00,57.04,59.5,53.48,60.46,63.19,56.67,DCC-NOISE-001003-2013-05-20T00-00-00.txt,0
2013-03-26 15:15:00,63.23,65.42,59.57,64.33,66.51,60.75,DCC-NOISE-001003-2013-03-26T00-00-00.txt,1
2013-06-17 22:15:00,68.93,72.63,54.12,67.58,71.12,57.79,DCC-NOISE-001003-2013-06-17T00-00-00.txt,1
2013-04-28 15:40:00,66.67,72.78,55.07,68.37,73.11,58.9,DCC-NOISE-001003-2013-04-28T00-00-00.txt,1
2013-01-18 07:36:00,66.24,71.35,57.41,70.82,77.93,60.59,DCC-NOISE-001003-2013-01-18T00-00-00.txt,1
2013-12-23 17:52:00,61.61,64.91,56.85,69.21,74.64,60.47,DCC-NOISE-001003-2013-12-23T00-02-00.txt,0
2013-04-09 12:15:00,64.69,67.8,61.14,71.62,75.03,67.99,DCC-NOISE-001003-2013-04-09T00-00-00.txt,1
2013-03-20 15:35:00,66.13,71.45,56.62,70.39,76.3,60.77,DCC-NOISE-001003-2013-03-20T00-00-00.txt,1
2013-07-16 18:00:00,54.86,58.26,48.49,59.09,62.3,53.98,DCC-NOISE-001003-2013-07-16T00-00-00.txt,0
2013-09-19 03:45:00,48.67,55.38,39.87,50.46,56.49,44.46,DCC-NOISE-001003-2013-09-19T00-00-00.txt,0
2013-04-18 09:15:00,63.15,67.45,58.03,71.41,78.05,62.89,DCC-NOISE-001003-2013-04-18T00-00-00.txt,1
2013-12-27 04:47:00,67.15,73.17,57.88,77.15,84.52,62.92,DCC-NOISE-001003-2013-12-27T00-02-00.txt,1
2013-08-06 09:10:00,55.94,59.17,47.81,60.53,64.0,52.1,DCC-NOISE-001003-2013-08-06T00-00-00.txt,0
2013-05-05 14:30:00,70.56,72.87,66.85,69.35,71.55,65.73,DCC-NOISE-001003-2013-05-05T00-00-00.txt,1
2013-12-07 12:17:00,63.37,64.84,60.09,64.84,67.13,61.6,DCC-NOISE-001003-2013-12-07T00-02-00.txt,1
2013-01-28 16:15:00,63.09,65.03,58.8,70.48,74.92,63.69,DCC-NOISE-001014-2013-01-28T00-00-00.txt,1
2013-04-30 20:30:00,57.19,59.95,51.23,60.37,63.3,55.18,DCC-NOISE-001003-2013-04-30T00-00-00.txt,0
2013-08-04 02:30:00,51.94,57.82,43.36,53.91,59.34,46.79,DCC-NOISE-001003-2013-08-04T00-00-00.txt,0
2013-05-09 17:10:00,63.38,65.7,59.48,65.19,67.13,61.9,DCC-NOISE-001003-2013-05-09T00-00-00.txt,1
2013-04-15 09:15:00,67.65,71.47,56.74,69.76,72.8,62.27,DCC-NOISE-001003-2013-04-15T00-00-00.txt,1
2013-04-28 07:00:00,53.77,57.78,45.92,56.29,61.33,48.89,DCC-NOISE-001003-2013-04-28T00-00-00.txt,0
2013-12-27 16:07:00,63.7,66.97,58.38,68.05,73.75,61.66,DCC-NOISE-001003-2013-12-27T00-02-00.txt,1
2013-01-27 13:25:00,64.56,66.8,60.26,73.23,77.95,64.28,DCC-NOISE-001014-2013-01-27T00-00-00.txt,1
2013-06-26 23:05:00,52.72,56.65,46.54,56.22,60.18,50.0,DCC-NOISE-001003-2013-06-26T00-00-00.txt,0
2013-12-27 09:22:00,63.33,66.57,57.72,71.75,78.5,62.08,DCC-NOISE-001003-2013-12-27T00-02-00.txt,1
2013-12-27 03:32:00,63.96,67.46,57.79,74.21,80.35,63.58,DCC-NOISE-001003-2013-12-27T00-02-00.txt,1
2013-10-18 15:57:00,64.18,65.77,61.5,65.27,67.41,61.74,DCC-NOISE-001003-2013-10-18T00-00-00.txt,1
2013-09-16 09:35:00,59.8,62.05,56.49,64.17,66.7,59.89,DCC-NOISE-001003-2013-09-16T00-00-00.txt,0
2013-06-07 02:10:00,47.68,55.57,36.51,50.15,57.35,41.53,DCC-NOISE-001003-2013-06-07T00-00-00.txt,0
2013-02-23 13:50:00,60.19,63.77,54.5,62.74,66.05,58.1,DCC-NOISE-001003-2013-02-23T00-00-00.txt,0
2013-08-16 14:50:00,60.4,63.79,54.55,65.59,68.36,60.28,DCC-NOISE-001003-2013-08-16T00-00-00.txt,0
2013-12-18 16:50:00,68.9,72.13,63.25,74.15,79.22,66.94,DCC-NOISE-001003-2013-12-18T00-00-00.txt,1
2013-08-12 08:35:00,59.46,61.1,57.09,65.58,67.71,61.74,DCC-NOISE-001003-2013-08-12T00-00-00.txt,0
2013-05-04 17:40:00,70.97,72.98,67.99,70.72,72.76,67.58,DCC-NOISE-001003-2013-05-04T00-00-00.txt,1
2013-09-15 11:55:00,63.84,66.68,59.11,69.21,74.67,61.41,DCC-NOISE-001003-2013-09-15T00-00-00.txt,1
2013-04-17 13:05:00,60.35,62.69,56.97,66.4,70.45,61.51,DCC-NOISE-001003-2013-04-17T00-00-00.txt,0
2013-01-29 00:25:00,55.92,60.54,49.56,64.86,71.76,54.64,DCC-NOISE-001014-2013-01-29T00-00-00.txt,0
2013-04-26 09:55:00,73.36,75.58,69.47,72.56,75.16,68.47,DCC-NOISE-001003-2013-04-26T00-00-00.txt,1
2013-09-11 11:05:00,64.84,70.03,58.8,69.33,74.71,63.26,DCC-NOISE-001003-2013-09-11T00-00-00.txt,1
2013-12-23 17:47:00,61.64,64.19,55.76,68.57,74.81,60.49,DCC-NOISE-001003-2013-12-23T00-02-00.txt,0
2013-05-05 16:30:00,70.4,72.13,67.47,69.87,71.58,66.7,DCC-NOISE-001003-2013-05-05T00-00-00.txt,1
2013-11-19 12:11:00,70.13,75.62,57.55,74.51,79.29,62.93,DCC-NOISE-001003-2013-11-19T00-00-00.txt,1
2013-10-31 16:01:00,60.43,62.3,57.86,63.59,65.54,60.64,DCC-NOISE-001003-2013-10-31T00-00-00.txt,0
2013-02-08 18:40:00,60.18,62.43,57.44,64.06,66.05,61.05,DCC-NOISE-001014-2013-02-08T00-00-00.txt,0
2013-04-17 16:30:00,60.53,62.59,56.96,66.71,71.34,61.36,DCC-NOISE-001003-2013-04-17T00-00-00.txt,0
2013-08-15 08:35:00,64.81,68.91,56.53,69.23,72.06,65.09,DCC-NOISE-001003-2013-08-15T00-00-00.txt,1
2013-12-26 21:10:00,64.64,68.95,58.03,73.27,78.84,63.64,DCC-NOISE-001003-2013-12-26T00-00-00.txt,1
2013-08-20 02:45:00,47.23,53.17,40.97,49.71,54.27,45.6,DCC-NOISE-001003-2013-08-20T00-55-00.txt,0
2013-04-16 13:05:00,65.66,71.03,57.54,75.5,82.61,64.08,DCC-NOISE-001003-2013-04-16T00-00-00.txt,1
2013-04-18 13:55:00,67.15,71.54,61.02,77.38,84.02,65.36,DCC-NOISE-001003-2013-04-18T00-00-00.txt,1
2013-03-21 12:20:00,67.35,69.53,62.53,70.72,73.0,66.65,DCC-NOISE-001003-2013-03-21T00-00-00.txt,1
2013-12-14 18:25:00,60.75,62.92,56.49,63.61,65.84,60.19,DCC-NOISE-001003-2013-12-14T00-00-00.txt,0
2013-12-27 02:37:00,63.08,67.45,54.36,72.97,79.38,59.6,DCC-NOISE-001003-2013-12-27T00-02-00.txt,1
2013-10-08 09:41:00,56.9,59.14,52.79,62.01,65.1,56.76,DCC-NOISE-001003-2013-10-08T00-00-00.txt,0
2013-09-20 14:45:00,54.96,57.99,49.7,60.05,62.47,54.77,DCC-NOISE-001003-2013-09-20T00-00-00.txt,0
2013-02-05 11:55:00,61.22,64.1,57.52,69.7,76.37,62.54,DCC-NOISE-001014-2013-02-05T00-00-00.txt,0
2013-12-05 11:07:00,68.1,73.77,59.89,78.1,86.14,64.62,DCC-NOISE-001003-2013-12-05T00-00-00.txt,1
2013-05-11 09:20:00,60.97,64.9,55.84,64.89,70.21,58.8,DCC-NOISE-001003-2013-05-11T00-00-00.txt,0
2013-02-26 11:50:00,65.06,67.25,58.59,71.2,73.89,62.17,DCC-NOISE-001003-2013-02-26T00-00-00.txt,1
2013-03-11 14:35:00,60.67,63.31,56.43,65.27,68.69,60.22,DCC-NOISE-001003-2013-03-11T00-00-00.txt,0
2013-03-19 11:45:00,65.44,66.99,63.35,67.42,69.74,64.89,DCC-NOISE-001003-2013-03-19T00-00-00.txt,1
2013-04-05 15:25:00,63.16,66.08,59.5,63.56,66.06,60.36,DCC-NOISE-001003-2013-04-05T00-00-00.txt,1
2013-01-05 09:35:00,65.63,68.18,62.91,70.18,71.27,68.85,DCC-NOISE-001003-2013-01-05T00-00-00.txt,1
2013-02-09 17:50:00,58.78,62.07,51.2,62.22,66.1,55.55,DCC-NOISE-001014-2013-02-09T00-00-00.txt,0
2013-11-03 15:57:00,55.87,60.14,49.39,58.36,62.0,52.72,DCC-NOISE-001003-2013-11-03T00-00-00.txt,0
2013-02-28 09:35:00,57.9,61.09,50.57,62.36,65.61,55.67,DCC-NOISE-001003-2013-02-28T00-00-00.txt,0
2013-01-30 12:30:00,65.77,69.92,59.88,77.17,84.36,65.27,DCC-NOISE-001014-2013-01-30T00-00-00.txt,1
2013-02-27 19:50:00,57.22,60.87,52.14,60.71,63.75,56.24,DCC-NOISE-001003-2013-02-27T00-00-00.txt,0
2013-07-30 19:20:00,60.22,62.4,52.06,63.84,66.0,56.23,DCC-NOISE-001003-2013-07-30T00-00-00.txt,0
2013-05-12 18:25:00,63.09,64.9,58.54,68.71,70.9,61.18,DCC-NOISE-001003-2013-05-12T00-00-00.txt,1
2013-12-27 11:12:00,64.55,66.78,59.15,72.58,78.68,62.3,DCC-NOISE-001003-2013-12-27T00-02-00.txt,1
2013-03-22 12:35:00,64.44,66.47,60.53,65.88,67.81,62.54,DCC-NOISE-001003-2013-03-22T00-00-00.txt,1
2013-12-13 09:32:00,61.34,63.45,57.7,63.31,65.12,60.18,DCC-NOISE-001003-2013-12-13T00-02-00.txt,0
2013-04-14 18:05:00,63.28,66.1,58.98,70.21,76.01,62.47,DCC-NOISE-001003-2013-04-14T00-00-00.txt,1
2013-02-28 13:30:00,61.42,64.57,56.77,63.56,66.94,58.41,DCC-NOISE-001003-2013-02-28T00-00-00.txt,0
2013-05-13 13:50:00,60.41,63.11,57.54,64.62,66.82,61.68,DCC-NOISE-001003-2013-05-13T00-00-00.txt,0
2013-11-02 17:52:00,65.15,66.42,58.4,67.58,70.99,61.16,DCC-NOISE-001003-2013-11-02T00-00-00.txt,1
2013-02-16 14:45:00,63.97,68.7,55.48,64.43,67.95,57.34,DCC-NOISE-001014-2013-02-16T00-00-00.txt,1
2013-11-21 11:21:00,58.1,60.89,54.3,61.86,64.01,58.16,DCC-NOISE-001003-2013-11-21T00-00-00.txt,0
2013-03-17 14:05:00,60.28,63.78,54.73,62.31,65.38,57.52,DCC-NOISE-001003-2013-03-17T00-00-00.txt,0
2013-01-11 03:13:00,49.92,54.45,43.96,53.16,56.28,49.19,DCC-NOISE-001003-2013-01-11T00-00-00.txt,0
2013-03-22 03:35:00,55.59,59.6,49.8,65.22,70.26,56.31,DCC-NOISE-001003-2013-03-22T00-00-00.txt,0
2013-01-25 07:45:00,59.09,62.39,53.75,61.9,64.98,57.79,DCC-NOISE-001014-2013-01-25T00-00-00.txt,0
2013-07-03 12:35:00,56.73,59.34,52.75,61.21,64.24,57.37,DCC-NOISE-001003-2013-07-03T00-00-00.txt,0
2013-10-16 07:42:00,59.89,63.47,55.67,63.13,67.2,58.21,DCC-NOISE-001003-2013-10-16T00-00-00.txt,0
2013-04-29 21:20:00,64.46,73.76,52.06,64.58,72.29,55.09,DCC-NOISE-001003-2013-04-29T00-00-00.txt,1
2013-01-11 11:33:00,58.58,62.23,51.86,62.08,65.23,56.3,DCC-NOISE-001003-2013-01-11T00-00-00.txt,0
2013-11-13 20:36:00,60.22,62.86,55.3,63.38,66.13,58.28,DCC-NOISE-001003-2013-11-13T00-00-00.txt,0
2013-06-07 18:05:00,66.47,70.13,60.39,65.86,69.18,60.65,DCC-NOISE-001003-2013-06-07T00-00-00.txt,1
2013-10-15 02:21:00,44.78,51.37,39.6,48.68,53.62,44.92,DCC-NOISE-001003-2013-10-15T00-00-00.txt,0
2013-04-16 11:30:00,66.52,68.95,62.83,75.61,78.13,70.32,DCC-NOISE-001003-2013-04-16T00-00-00.txt,1
2013-04-11 08:45:00,61.39,65.13,54.53,66.47,73.25,57.91,DCC-NOISE-001003-2013-04-11T00-00-00.txt,0
2013-01-13 14:41:00,63.49,67.34,59.04,65.92,69.54,61.66,DCC-NOISE-001003-2013-01-13T00-00-00.txt,1
2013-07-02 13:25:00,64.12,67.87,53.64,65.56,67.76,59.12,DCC-NOISE-001003-2013-07-02T00-00-00.txt,1
2013-01-25 08:15:00,58.29,61.99,51.9,61.94,64.61,56.17,DCC-NOISE-001014-2013-01-25T00-00-00.txt,0
2013-03-02 18:30:00,63.24,70.02,50.98,63.79,68.9,55.79,DCC-NOISE-001003-2013-03-02T00-00-00.txt,1
2013-03-30 19:30:00,70.38,72.17,67.69,69.14,70.83,66.52,DCC-NOISE-001003-2013-03-30T00-00-00.txt,1
2013-12-06 19:10:00,61.01,63.35,57.12,63.57,65.64,60.72,DCC-NOISE-001003-2013-12-06T14-40-00.txt,0
2013-03-21 11:15:00,64.93,66.7,57.96,70.12,72.36,64.6,DCC-NOISE-001003-2013-03-21T00-00-00.txt,1
2013-03-10 14:50:00,62.08,64.81,58.11,67.54,72.93,61.84,DCC-NOISE-001003-2013-03-10T00-00-00.txt,0
2013-01-16 14:46:00,64.17,64.01,53.05,65.53,65.68,56.43,DCC-NOISE-001003-2013-01-16T00-00-00.txt,1
2013-03-21 13:55:00,73.45,75.3,70.9,76.87,78.97,74.82,DCC-NOISE-001003-2013-03-21T00-00-00.txt,1
2013-08-16 14:05:00,56.35,59.25,50.96,60.79,63.68,55.8,DCC-NOISE-001003-2013-08-16T00-00-00.txt,0
2013-04-18 12:30:00,62.63,64.52,58.58,69.91,74.21,62.63,DCC-NOISE-001003-2013-04-18T00-00-00.txt,0
2013-09-11 09:45:00,58.78,62.07,53.93,64.24,68.75,58.81,DCC-NOISE-001003-2013-09-11T00-00-00.txt,0
2013-03-26 15:50:00,58.75,61.78,54.57,62.44,65.24,58.32,DCC-NOISE-001003-2013-03-26T00-00-00.txt,0
2013-12-16 10:15:00,60.74,63.68,56.85,64.61,67.79,60.54,DCC-NOISE-001003-2013-12-16T00-00-00.txt,0
2013-03-21 11:20:00,68.54,70.49,64.32,72.13,74.14,68.14,DCC-NOISE-001003-2013-03-21T00-00-00.txt,1
2013-04-09 12:20:00,64.6,67.29,58.69,71.7,74.5,67.04,DCC-NOISE-001003-2013-04-09T00-00-00.txt,1
2013-01-29 17:55:00,60.95,63.71,56.48,66.71,71.22,60.56,DCC-NOISE-001014-2013-01-29T00-00-00.txt,0
2013-11-24 19:21:00,57.03,60.98,51.22,59.57,63.08,54.4,DCC-NOISE-001003-2013-11-24T00-00-00.txt,0
2013-03-14 11:25:00,72.31,81.42,60.69,77.12,85.75,66.87,DCC-NOISE-001003-2013-03-14T00-00-00.txt,1
2013-01-07 15:30:00,60.93,63.31,56.5,63.99,66.23,60.11,DCC-NOISE-001003-2013-01-07T00-00-00.txt,0
2013-01-30 10:10:00,65.43,67.9,58.04,75.37,82.66,63.7,DCC-NOISE-001014-2013-01-30T00-00-00.txt,1
2013-04-04 09:25:00,58.44,61.63,53.44,62.21,65.19,57.4,DCC-NOISE-001003-2013-04-04T00-00-00.txt,0
2013-04-02 13:05:00,61.96,65.91,56.59,63.1,65.7,59.11,DCC-NOISE-001003-2013-04-02T00-00-00.txt,0
2013-06-20 08:40:00,66.41,71.96,56.48,72.47,78.04,63.86,DCC-NOISE-001003-2013-06-20T00-00-00.txt,1
2013-01-14 09:16:00,61.64,63.82,58.44,64.72,66.64,61.62,DCC-NOISE-001003-2013-01-14T00-00-00.txt,0
2013-01-31 15:20:00,64.94,67.53,60.2,73.2,79.95,63.64,DCC-NOISE-001014-2013-01-31T00-00-00.txt,1
2013-11-18 12:07:00,67.97,69.14,66.09,67.55,69.06,65.33,DCC-NOISE-001003-2013-11-18T00-00-00.txt,1
2013-12-07 12:22:00,63.65,65.38,60.95,64.51,66.34,61.98,DCC-NOISE-001003-2013-12-07T00-02-00.txt,1
2013-04-18 16:30:00,63.61,67.94,56.8,73.13,81.27,61.61,DCC-NOISE-001003-2013-04-18T00-00-00.txt,1
2013-12-13 12:52:00,60.6,62.39,57.96,62.91,64.43,59.89,DCC-NOISE-001003-2013-12-13T00-02-00.txt,0
2013-11-19 17:16:00,59.73,61.78,56.97,63.63,65.76,60.91,DCC-NOISE-001003-2013-11-19T00-00-00.txt,0
2013-04-18 02:15:00,63.98,68.8,55.58,73.39,79.99,60.81,DCC-NOISE-001003-2013-04-18T00-00-00.txt,1
2013-11-06 10:17:00,58.55,61.41,54.42,61.42,63.8,57.7,DCC-NOISE-001003-2013-11-06T00-00-00.txt,0
2013-12-20 21:15:00,64.73,67.14,61.02,70.0,74.92,64.11,DCC-NOISE-001003-2013-12-20T00-00-00.txt,1
2013-06-11 14:20:00,67.12,73.34,58.38,73.77,79.24,64.89,DCC-NOISE-001003-2013-06-11T00-00-00.txt,1
2013-05-06 13:45:00,65.75,71.38,53.22,65.56,70.26,55.79,DCC-NOISE-001003-2013-05-06T00-00-00.txt,1
2013-08-29 16:00:00,55.74,58.31,51.28,60.38,62.55,56.28,DCC-NOISE-001003-2013-08-29T00-00-00.txt,0
2013-01-28 11:05:00,62.26,64.62,58.01,72.2,78.3,63.25,DCC-NOISE-001014-2013-01-28T00-00-00.txt,0
2013-06-18 11:35:00,56.3,60.25,49.85,60.7,63.99,55.02,DCC-NOISE-001003-2013-06-18T00-00-00.txt,0
2013-12-05 08:47:00,65.18,69.81,59.9,75.28,82.05,65.7,DCC-NOISE-001003-2013-12-05T00-00-00.txt,1
2013-04-07 09:25:00,69.36,72.79,63.95,70.28,73.67,65.03,DCC-NOISE-001003-2013-04-07T00-00-00.txt,1
2013-09-21 08:10:00,53.68,58.04,48.64,57.79,62.03,51.81,DCC-NOISE-001003-2013-09-21T00-00-00.txt,0
2013-01-14 11:31:00,63.12,63.51,55.49,65.2,66.19,58.97,DCC-NOISE-001003-2013-01-14T00-00-00.txt,1
2013-04-26 17:25:00,60.61,63.11,57.07,65.22,69.33,60.77,DCC-NOISE-001003-2013-04-26T00-00-00.txt,0
2013-10-27 00:30:00,55.04,58.69,49.48,57.01,60.4,51.46,DCC-NOISE-001003-2013-10-27T00-00-00.txt,0
2013-07-09 10:20:00,53.53,57.11,46.67,58.48,61.44,53.57,DCC-NOISE-001003-2013-07-09T00-00-00.txt,0
2013-08-23 04:55:00,46.61,53.16,38.48,49.3,54.91,43.84,DCC-NOISE-001003-2013-08-23T00-00-00.txt,0
2013-01-30 16:55:00,61.53,63.49,56.87,66.11,69.73,61.71,DCC-NOISE-001014-2013-01-30T00-00-00.txt,0
2013-02-12 20:10:00,58.0,61.48,51.4,61.16,63.81,55.69,DCC-NOISE-001014-2013-02-12T00-00-00.txt,0
2013-04-14 06:00:00,60.76,66.99,47.43,60.83,65.79,51.11,DCC-NOISE-001003-2013-04-14T00-00-00.txt,0
2013-12-28 00:45:00,53.82,59.02,47.51,57.02,60.81,50.45,DCC-NOISE-001003-2013-12-28T00-00-00.txt,0
2013-02-27 06:45:00,55.0,59.62,47.35,57.46,62.07,49.58,DCC-NOISE-001003-2013-02-27T00-00-00.txt,0
2013-01-31 14:45:00,73.82,75.71,71.28,73.55,75.63,70.7,DCC-NOISE-001014-2013-01-31T00-00-00.txt,1
2013-05-09 18:45:00,63.88,69.79,57.82,68.1,74.46,61.43,DCC-NOISE-001003-2013-05-09T00-00-00.txt,1
2013-01-17 22:21:00,63.07,70.67,50.24,68.59,76.32,54.77,DCC-NOISE-001003-2013-01-17T00-00-00.txt,1
2013-01-28 15:20:00,63.52,65.44,59.34,71.09,76.23,64.03,DCC-NOISE-001014-2013-01-28T00-00-00.txt,1
2013-01-18 14:31:00,61.44,63.86,57.48,64.56,67.19,60.43,DCC-NOISE-001003-2013-01-18T00-00-00.txt,0
2013-03-21 14:10:00,67.24,69.62,62.78,71.02,74.17,66.85,DCC-NOISE-001003-2013-03-21T00-00-00.txt,1
2013-01-04 14:00:00,59.16,61.84,55.26,63.39,66.03,59.07,DCC-NOISE-001003-2013-01-04T00-00-00.txt,0
2013-07-17 06:45:00,53.14,56.97,47.47,56.69,60.03,51.2,DCC-NOISE-001003-2013-07-17T00-00-00.txt,0
2013-02-08 08:20:00,60.91,62.48,59.3,65.59,66.92,63.01,DCC-NOISE-001014-2013-02-08T00-00-00.txt,0
2013-12-09 11:37:00,60.33,62.97,54.81,63.09,65.51,58.19,DCC-NOISE-001003-2013-12-09T00-02-00.txt,0
2013-08-24 15:05:00,56.09,59.32,50.59,60.32,63.79,54.27,DCC-NOISE-001003-2013-08-24T00-00-00.txt,0
2013-06-11 14:30:00,66.02,72.39,58.06,73.28,78.94,64.62,DCC-NOISE-001003-2013-06-11T00-00-00.txt,1
2013-04-23 11:50:00,63.46,67.0,55.65,68.63,71.89,60.15,DCC-NOISE-001003-2013-04-23T00-00-00.txt,1
2013-04-22 14:40:00,61.37,65.52,56.37,70.8,76.6,61.61,DCC-NOISE-001003-2013-04-22T00-00-00.txt,0
2013-01-10 14:15:00,60.73,63.08,56.01,63.42,65.71,58.83,DCC-NOISE-001003-2013-01-10T00-00-00.txt,0
2013-04-29 11:35:00,64.86,69.28,58.84,70.3,76.18,64.16,DCC-NOISE-001003-2013-04-29T00-00-00.txt,1
2013-12-24 00:50:00,64.43,67.69,57.8,73.23,78.71,62.33,DCC-NOISE-001003-2013-12-24T00-00-00.txt,1
2013-12-24 16:55:00,61.72,64.59,57.83,64.57,67.58,60.01,DCC-NOISE-001003-2013-12-24T00-00-00.txt,0
2013-09-01 15:30:00,63.55,66.82,52.84,64.94,67.85,56.48,DCC-NOISE-001003-2013-09-01T00-00-00.txt,1
2013-06-15 03:55:00,52.13,57.39,45.49,53.61,58.68,47.96,DCC-NOISE-001003-2013-06-15T00-00-00.txt,0
2013-08-18 13:20:00,72.6,77.91,61.76,74.41,79.26,64.0,DCC-NOISE-001003-2013-08-18T00-00-00.txt,1
2013-03-21 10:25:00,65.58,72.37,58.05,68.8,75.19,62.49,DCC-NOISE-001003-2013-03-21T00-00-00.txt,1
2013-01-17 23:46:00,62.17,69.2,47.27,67.96,74.91,52.75,DCC-NOISE-001003-2013-01-17T00-00-00.txt,0
2013-12-02 06:47:00,55.32,58.41,51.26,58.47,62.0,54.59,DCC-NOISE-001003-2013-12-02T00-00-00.txt,0
2013-07-05 10:35:00,64.19,69.61,57.65,69.24,74.75,61.8,DCC-NOISE-001003-2013-07-05T00-00-00.txt,1
2013-03-10 08:20:00,56.51,60.36,50.53,60.09,63.84,53.6,DCC-NOISE-001003-2013-03-10T00-00-00.txt,0
2013-11-13 15:56:00,60.7,63.78,56.36,64.54,67.96,59.72,DCC-NOISE-001003-2013-11-13T00-00-00.txt,0
2013-11-02 00:55:00,60.95,65.51,51.1,64.92,68.29,54.12,DCC-NOISE-001003-2013-11-02T00-00-00.txt,0
2013-01-17 21:11:00,65.04,72.13,52.52,70.34,78.26,57.34,DCC-NOISE-001003-2013-01-17T00-00-00.txt,1
2013-05-17 06:50:00,69.2,78.51,54.02,68.95,77.29,57.23,DCC-NOISE-001003-2013-05-17T00-00-00.txt,1
2013-12-04 23:47:00,54.58,58.58,49.75,57.55,60.51,53.28,DCC-NOISE-001003-2013-12-04T00-00-00.txt,0
2013-12-18 16:25:00,65.05,67.55,60.71,71.66,77.13,63.61,DCC-NOISE-001003-2013-12-18T00-00-00.txt,1
2013-12-11 07:17:00,56.31,60.07,49.85,59.66,63.02,54.24,DCC-NOISE-001003-2013-12-11T00-02-00.txt,0
2013-03-22 14:15:00,64.32,66.46,60.73,66.1,68.61,61.78,DCC-NOISE-001003-2013-03-22T00-00-00.txt,1
2013-12-30 14:45:00,63.9,65.4,61.78,65.41,67.93,62.32,DCC-NOISE-001003-2013-12-30T00-00-00.txt,1
2013-01-18 08:01:00,63.77,68.09,57.4,68.49,73.58,60.97,DCC-NOISE-001003-2013-01-18T00-00-00.txt,1
2013-03-06 19:55:00,57.62,62.09,50.85,60.39,64.01,54.0,DCC-NOISE-001003-2013-03-06T00-00-00.txt,0
2013-11-26 14:16:00,69.31,74.3,61.51,75.41,79.88,67.53,DCC-NOISE-001003-2013-11-26T00-00-00.txt,1
2013-10-24 05:36:00,51.51,56.02,45.18,54.19,58.79,49.1,DCC-NOISE-001003-2013-10-24T00-00-00.txt,0
2013-03-23 07:45:00,57.27,61.72,50.06,58.5,62.4,52.07,DCC-NOISE-001003-2013-03-23T00-00-00.txt,0
2013-02-22 09:10:00,59.7,61.81,55.97,62.33,64.23,58.94,DCC-NOISE-001003-2013-02-22T00-00-00.txt,0
2013-01-24 18:06:00,58.97,62.34,54.39,63.09,65.32,58.87,DCC-NOISE-001014-2013-01-24T00-00-00.txt,0
2013-03-21 00:20:00,49.99,56.7,42.54,52.2,57.74,46.44,DCC-NOISE-001003-2013-03-21T00-00-00.txt,0
2013-11-18 19:17:00,61.16,63.41,58.0,63.84,65.74,61.15,DCC-NOISE-001003-2013-11-18T00-00-00.txt,0
2013-09-26 08:56:00,56.16,59.19,52.39,60.31,62.62,57.18,DCC-NOISE-001003-2013-09-26T00-00-00.txt,0
2013-03-11 09:00:00,61.93,65.29,57.76,67.6,72.61,62.13,DCC-NOISE-001003-2013-03-11T00-00-00.txt,0
2013-05-30 08:40:00,73.24,79.93,62.34,79.13,85.84,69.47,DCC-NOISE-001003-2013-05-30T00-00-00.txt,1
2013-03-07 12:15:00,59.37,61.86,55.31,61.97,64.25,59.02,DCC-NOISE-001003-2013-03-07T00-00-00.txt,0
2013-12-29 05:02:00,51.26,55.74,46.57,54.72,58.38,49.9,DCC-NOISE-001003-2013-12-29T00-02-00.txt,0
2013-03-04 19:15:00,55.79,59.06,49.44,59.66,62.75,52.91,DCC-NOISE-001003-2013-03-04T00-00-00.txt,0
2013-04-18 16:15:00,63.15,67.37,57.74,72.9,78.87,63.48,DCC-NOISE-001003-2013-04-18T00-00-00.txt,1
2013-08-14 17:05:00,55.84,58.34,50.54,60.05,62.32,55.48,DCC-NOISE-001003-2013-08-14T00-00-00.txt,0
2013-03-27 09:15:00,60.56,63.12,55.98,62.66,65.07,58.41,DCC-NOISE-001003-2013-03-27T00-00-00.txt,0
2013-02-05 18:05:00,60.59,62.57,56.95,65.2,67.36,61.37,DCC-NOISE-001014-2013-02-05T00-00-00.txt,0
2013-02-01 15:05:00,60.7,62.38,57.39,65.16,67.56,61.56,DCC-NOISE-001014-2013-02-01T00-00-00.txt,0
2013-05-31 03:35:00,52.13,57.5,44.94,54.31,59.12,48.89,DCC-NOISE-001003-2013-05-31T00-00-00.txt,0
2013-10-09 22:56:00,55.94,59.79,51.29,58.4,61.86,53.98,DCC-NOISE-001003-2013-10-09T00-00-00.txt,0
2013-10-01 19:37:00,57.56,61.09,52.27,60.18,62.75,55.88,DCC-NOISE-001003-2013-10-01T00-00-00.txt,0
2013-12-13 01:32:00,50.88,55.57,43.24,54.33,58.46,47.44,DCC-NOISE-001003-2013-12-13T00-02-00.txt,0
2013-04-23 18:05:00,71.78,73.25,69.77,70.64,72.13,68.67,DCC-NOISE-001003-2013-04-23T00-00-00.txt,1
2013-05-12 19:35:00,60.37,62.59,57.22,64.24,67.08,59.52,DCC-NOISE-001003-2013-05-12T00-00-00.txt,0
2013-02-21 12:25:00,57.67,60.96,51.54,62.82,65.3,57.32,DCC-NOISE-001003-2013-02-21T00-00-00.txt,0
2013-01-18 03:06:00,68.82,77.86,48.54,74.29,82.95,55.66,DCC-NOISE-001003-2013-01-18T00-00-00.txt,1
2013-02-28 14:20:00,61.47,63.29,59.59,65.65,66.89,64.36,DCC-NOISE-001003-2013-02-28T00-00-00.txt,0
2013-01-03 02:30:00,45.58,48.68,41.57,53.1,58.37,46.52,DCC-NOISE-001003-2013-01-03T00-00-00.txt,0
2013-07-29 15:20:00,64.38,70.01,53.04,64.95,69.67,56.06,DCC-NOISE-001003-2013-07-29T00-00-00.txt,1
2013-02-07 15:20:00,63.35,65.96,59.49,68.14,72.11,62.76,DCC-NOISE-001014-2013-02-07T00-00-00.txt,1
2013-03-31 22:40:00,55.46,59.93,48.25,59.53,63.26,51.56,DCC-NOISE-001003-2013-03-31T00-00-00.txt,0
2013-05-03 09:25:00,72.15,73.97,69.33,71.08,72.71,68.58,DCC-NOISE-001003-2013-05-03T00-00-00.txt,1
2013-05-21 20:25:00,65.58,69.42,60.48,67.9,70.59,64.04,DCC-NOISE-001003-2013-05-21T00-00-00.txt,1
2013-05-18 02:30:00,79.28,83.33,66.16,81.48,85.74,68.47,DCC-NOISE-001003-2013-05-18T00-00-00.txt,1
2013-03-22 13:20:00,64.6,66.96,60.65,65.74,67.83,62.44,DCC-NOISE-001003-2013-03-22T00-00-00.txt,1
2013-08-09 07:20:00,57.63,60.57,53.31,60.82,63.44,56.87,DCC-NOISE-001003-2013-08-09T00-00-00.txt,0
2013-02-01 14:00:00,60.7,62.66,57.99,64.87,67.22,61.73,DCC-NOISE-001014-2013-02-01T00-00-00.txt,0
2013-09-25 10:31:00,65.48,68.45,48.98,70.38,73.53,55.07,DCC-NOISE-001003-2013-09-25T00-00-00.txt,1
2013-12-27 18:42:00,66.87,71.48,60.99,76.95,82.83,65.74,DCC-NOISE-001003-2013-12-27T00-02-00.txt,1
2013-07-05 18:25:00,54.33,57.78,48.71,59.22,61.22,54.57,DCC-NOISE-001003-2013-07-05T00-00-00.txt,0
2013-05-21 10:30:00,65.65,74.12,52.53,70.79,79.66,56.21,DCC-NOISE-001003-2013-05-21T00-00-00.txt,1
2013-08-05 20:00:00,54.89,58.6,50.37,59.46,61.77,55.05,DCC-NOISE-001003-2013-08-05T00-00-00.txt,0
2013-06-10 23:50:00,53.16,59.35,43.74,56.46,62.45,45.19,DCC-NOISE-001003-2013-06-10T00-00-00.txt,0
2013-03-26 16:40:00,61.5,63.6,57.72,63.01,65.55,59.38,DCC-NOISE-001003-2013-03-26T00-00-00.txt,0
2013-11-02 21:02:00,62.91,63.72,56.62,65.38,69.16,59.08,DCC-NOISE-001003-2013-11-02T00-00-00.txt,0
2013-02-03 07:10:00,52.66,57.31,47.64,59.24,64.86,51.3,DCC-NOISE-001014-2013-02-03T00-00-00.txt,0
2013-02-14 14:20:00,60.4,63.89,55.69,64.91,68.81,60.17,DCC-NOISE-001014-2013-02-14T00-00-00.txt,0
2013-02-07 13:55:00,63.2,65.68,58.91,66.72,69.24,63.5,DCC-NOISE-001014-2013-02-07T00-00-00.txt,1
2013-03-26 14:40:00,60.93,63.19,57.24,63.64,66.23,59.46,DCC-NOISE-001003-2013-03-26T00-00-00.txt,0
2013-12-05 08:12:00,67.05,72.62,60.31,76.86,84.55,65.23,DCC-NOISE-001003-2013-12-05T00-00-00.txt,1
2013-09-01 05:45:00,51.1,57.08,44.93,53.09,58.41,47.35,DCC-NOISE-001003-2013-09-01T00-00-00.txt,0
2013-12-31 15:42:00,64.85,66.87,61.51,66.24,68.34,62.7,DCC-NOISE-001003-2013-12-31T00-02-00.txt,1
2013-11-23 11:06:00,65.0,67.11,56.39,66.42,67.38,58.87,DCC-NOISE-001003-2013-11-23T00-00-00.txt,1
2013-05-22 08:00:00,58.12,60.7,54.47,61.74,63.87,58.39,DCC-NOISE-001003-2013-05-22T00-00-00.txt,0
2013-12-30 09:25:00,63.37,65.68,60.33,63.81,65.94,60.51,DCC-NOISE-001003-2013-12-30T00-00-00.txt,1
2013-03-10 15:00:00,62.27,64.52,58.26,65.96,70.76,60.45,DCC-NOISE-001003-2013-03-10T00-00-00.txt,0
2013-11-30 13:27:00,60.55,63.02,56.17,63.37,66.29,59.04,DCC-NOISE-001003-2013-11-30T00-00-00.txt,0
2013-02-04 12:25:00,63.95,66.45,59.12,74.87,80.38,66.08,DCC-NOISE-001014-2013-02-04T00-00-00.txt,1
2013-05-13 10:10:00,63.33,64.75,58.07,67.75,69.85,63.75,DCC-NOISE-001003-2013-05-13T00-00-00.txt,1
2013-12-31 12:57:00,63.46,65.81,59.35,71.05,76.53,63.35,DCC-NOISE-001003-2013-12-31T00-02-00.txt,1
2013-05-21 06:10:00,63.88,72.25,47.9,63.43,71.07,51.12,DCC-NOISE-001003-2013-05-21T00-00-00.txt,1
2013-02-16 08:40:00,57.96,62.44,52.09,61.51,66.79,55.42,DCC-NOISE-001014-2013-02-16T00-00-00.txt,0
2013-11-10 21:46:00,59.64,63.01,49.49,61.1,65.12,53.51,DCC-NOISE-001003-2013-11-10T00-00-00.txt,0
2013-03-06 16:00:00,63.1,65.12,59.85,63.36,65.3,59.97,DCC-NOISE-001003-2013-03-06T00-00-00.txt,1
2013-05-13 18:10:00,63.33,66.36,57.55,67.07,71.6,60.45,DCC-NOISE-001003-2013-05-13T00-00-00.txt,1
2013-12-27 05:32:00,64.15,68.68,55.77,74.22,80.07,60.72,DCC-NOISE-001003-2013-12-27T00-02-00.txt,1
2013-03-30 19:40:00,70.35,72.28,67.81,69.17,71.11,66.67,DCC-NOISE-001003-2013-03-30T00-00-00.txt,1
2013-09-09 21:40:00,55.71,58.67,51.47,58.93,62.52,54.72,DCC-NOISE-001003-2013-09-09T00-00-00.txt,0
2013-12-20 17:55:00,65.32,67.89,60.81,73.46,79.82,64.17,DCC-NOISE-001003-2013-12-20T00-00-00.txt,1
2013-03-21 15:40:00,62.27,64.37,58.19,64.65,67.1,60.36,DCC-NOISE-001003-2013-03-21T00-00-00.txt,0
2013-06-07 17:10:00,60.68,65.7,51.28,62.08,65.73,55.23,DCC-NOISE-001003-2013-06-07T00-00-00.txt,0
2013-12-26 21:15:00,65.68,70.15,57.44,74.72,81.1,63.33,DCC-NOISE-001003-2013-12-26T00-00-00.txt,1
2013-05-24 04:40:00,65.36,69.75,47.28,64.96,68.65,50.26,DCC-NOISE-001003-2013-05-24T00-00-00.txt,1
2013-04-17 19:30:00,63.07,66.46,58.08,72.24,78.52,62.41,DCC-NOISE-001003-2013-04-17T00-00-00.txt,1
2013-11-20 15:51:00,63.16,66.95,57.52,68.81,74.14,61.79,DCC-NOISE-001003-2013-11-20T00-00-00.txt,1
2013-05-05 17:00:00,68.15,71.82,56.2,67.38,70.89,57.68,DCC-NOISE-001003-2013-05-05T00-00-00.txt,1
2013-01-29 11:10:00,65.09,70.31,57.8,70.96,75.8,62.75,DCC-NOISE-001014-2013-01-29T00-00-00.txt,1
2013-01-31 19:20:00,63.73,65.36,57.73,66.49,69.43,60.78,DCC-NOISE-001014-2013-01-31T00-00-00.txt,1
2013-04-10 08:20:00,55.67,59.35,50.48,59.88,63.14,56.13,DCC-NOISE-001003-2013-04-10T00-00-00.txt,0
2013-12-24 16:10:00,64.5,66.88,60.5,66.04,67.95,62.48,DCC-NOISE-001003-2013-12-24T00-00-00.txt,1
2013-05-05 14:40:00,70.38,71.93,68.15,69.21,70.77,66.93,DCC-NOISE-001003-2013-05-05T00-00-00.txt,1
2013-06-12 20:35:00,55.81,60.61,48.99,58.23,62.5,52.71,DCC-NOISE-001003-2013-06-12T00-00-00.txt,0
2013-08-31 23:25:00,53.74,57.64,48.34,55.82,59.19,50.9,DCC-NOISE-001003-2013-08-31T00-00-00.txt,0
2013-10-01 14:57:00,60.72,62.88,56.09,62.53,64.87,58.82,DCC-NOISE-001003-2013-10-01T00-00-00.txt,0
2013-01-31 00:55:00,62.64,67.57,56.73,74.91,82.24,61.91,DCC-NOISE-001014-2013-01-31T00-00-00.txt,0
2013-02-28 14:30:00,64.56,64.85,60.13,67.83,68.23,64.92,DCC-NOISE-001003-2013-02-28T00-00-00.txt,1
2013-12-27 05:12:00,64.49,67.8,58.27,73.4,78.91,63.77,DCC-NOISE-001003-2013-12-27T00-02-00.txt,1
2013-09-21 10:45:00,56.28,59.11,52.53,60.51,63.1,56.6,DCC-NOISE-001003-2013-09-21T00-00-00.txt,0
2013-03-14 16:05:00,60.64,62.43,57.44,64.93,69.01,60.42,DCC-NOISE-001003-2013-03-14T00-00-00.txt,0
2013-03-28 23:35:00,53.33,59.25,44.4,56.26,60.65,49.38,DCC-NOISE-001003-2013-03-28T00-00-00.txt,0
2013-07-08 04:45:00,45.81,49.9,38.51,48.38,51.19,43.01,DCC-NOISE-001003-2013-07-08T00-00-00.txt,0
2013-05-05 17:05:00,70.44,72.11,67.83,69.38,71.02,66.87,DCC-NOISE-001003-2013-05-05T00-00-00.txt,1
2013-12-05 08:17:00,69.26,74.9,60.81,80.01,87.55,66.63,DCC-NOISE-001003-2013-12-05T00-00-00.txt,1
2013-08-15 15:05:00,60.19,63.18,56.19,61.98,64.5,58.78,DCC-NOISE-001003-2013-08-15T00-00-00.txt,0
2013-02-02 09:10:00,60.29,63.19,55.78,63.02,65.44,58.82,DCC-NOISE-001014-2013-02-02T00-00-00.txt,0
2013-01-18 12:41:00,63.15,66.31,57.6,67.2,72.34,60.86,DCC-NOISE-001003-2013-01-18T00-00-00.txt,1
2013-12-27 05:27:00,65.43,69.18,58.73,74.47,80.78,63.84,DCC-NOISE-001003-2013-12-27T00-02-00.txt,1
2013-01-17 20:51:00,66.87,74.24,53.27,71.98,79.39,58.77,DCC-NOISE-001003-2013-01-17T00-00-00.txt,1
2013-05-26 22:05:00,54.56,57.69,50.23,57.94,60.39,53.65,DCC-NOISE-001003-2013-05-26T00-00-00.txt,0
2013-11-13 16:26:00,60.75,63.42,57.26,64.72,68.28,60.16,DCC-NOISE-001003-2013-11-13T00-00-00.txt,0
2013-10-18 16:02:00,64.16,65.71,61.86,64.95,66.68,62.05,DCC-NOISE-001003-2013-10-18T00-00-00.txt,1
2013-03-21 23:15:00,62.91,66.56,56.43,68.15,71.52,60.55,DCC-NOISE-001003-2013-03-21T00-00-00.txt,0
2013-11-02 16:07:00,63.17,65.81,58.85,66.98,71.89,61.25,DCC-NOISE-001003-2013-11-02T00-00-00.txt,1
2013-12-16 18:55:00,59.08,61.03,55.65,61.54,63.25,58.62,DCC-NOISE-001003-2013-12-16T00-00-00.txt,0
2013-12-22 15:10:00,64.27,67.18,59.04,69.68,75.0,62.51,DCC-NOISE-001003-2013-12-22T00-00-00.txt,1
2013-12-04 01:27:00,49.71,55.58,43.62,52.12,56.53,47.53,DCC-NOISE-001003-2013-12-04T00-00-00.txt,0
2013-05-05 22:40:00,65.01,71.49,46.99,64.28,70.13,50.16,DCC-NOISE-001003-2013-05-05T00-00-00.txt,1
2013-08-02 17:00:00,59.14,62.23,53.5,62.57,65.72,57.52,DCC-NOISE-001003-2013-08-02T00-00-00.txt,0
2013-08-09 03:00:00,47.31,49.98,42.64,50.58,53.11,46.43,DCC-NOISE-001003-2013-08-09T00-00-00.txt,0
2013-02-04 09:05:00,60.33,63.41,56.91,67.01,71.48,61.96,DCC-NOISE-001014-2013-02-04T00-00-00.txt,0
2013-01-13 14:51:00,67.74,72.42,60.2,69.82,74.07,63.73,DCC-NOISE-001003-2013-01-13T00-00-00.txt,1
2013-11-07 12:26:00,60.43,62.92,56.52,65.18,68.67,60.23,DCC-NOISE-001003-2013-11-07T00-00-00.txt,0
2013-04-17 18:20:00,63.9,67.09,58.78,74.31,80.49,64.67,DCC-NOISE-001003-2013-04-17T00-00-00.txt,1
2013-03-22 14:45:00,63.47,66.21,59.82,65.28,67.35,62.13,DCC-NOISE-001003-2013-03-22T00-00-00.txt,1
2013-08-29 11:40:00,63.19,65.71,60.1,69.57,71.76,66.55,DCC-NOISE-001003-2013-08-29T00-00-00.txt,1
2013-03-07 14:30:00,63.09,64.51,60.43,64.87,67.35,61.64,DCC-NOISE-001003-2013-03-07T00-00-00.txt,1
2013-08-19 09:55:00,63.26,69.79,54.23,66.01,71.11,57.77,DCC-NOISE-001003-2013-08-19T00-00-00.txt,1
2013-03-09 15:40:00,63.23,65.78,59.58,64.35,66.61,60.46,DCC-NOISE-001003-2013-03-09T00-00-00.txt,1
2013-12-14 12:55:00,66.82,69.23,62.03,75.01,81.11,65.43,DCC-NOISE-001003-2013-12-14T00-00-00.txt,1
2013-08-30 09:00:00,61.59,65.23,56.54,66.22,68.77,62.58,DCC-NOISE-001003-2013-08-30T00-00-00.txt,0
2013-02-03 13:05:00,64.9,66.32,55.68,66.5,69.31,58.59,DCC-NOISE-001014-2013-02-03T00-00-00.txt,1
2013-04-03 13:20:00,63.55,67.71,54.27,64.02,67.05,58.29,DCC-NOISE-001003-2013-04-03T00-00-00.txt,1
2013-08-16 03:10:00,49.46,53.99,45.58,53.12,57.94,49.73,DCC-NOISE-001003-2013-08-16T00-00-00.txt,0
2013-01-25 04:30:00,45.85,49.19,40.49,51.33,56.53,44.86,DCC-NOISE-001014-2013-01-25T00-00-00.txt,0
2013-09-12 05:55:00,51.13,55.89,45.53,54.11,57.91,49.55,DCC-NOISE-001003-2013-09-12T00-00-00.txt,0
2013-04-08 05:10:00,44.47,50.24,37.31,47.34,53.22,41.7,DCC-NOISE-001003-2013-04-08T00-00-00.txt,0
2013-03-07 14:20:00,61.35,63.59,57.08,63.46,65.81,59.7,DCC-NOISE-001003-2013-03-07T00-00-00.txt,0
2013-12-05 10:47:00,64.16,68.32,58.95,73.25,80.31,64.46,DCC-NOISE-001003-2013-12-05T00-00-00.txt,1
2013-03-15 13:55:00,63.67,65.5,60.9,65.7,70.76,61.03,DCC-NOISE-001003-2013-03-15T00-00-00.txt,1
2013-07-22 10:20:00,53.27,56.97,46.85,58.5,61.82,52.94,DCC-NOISE-001003-2013-07-22T00-00-00.txt,0
2013-12-14 15:35:00,64.95,68.18,60.35,73.0,79.19,64.07,DCC-NOISE-001003-2013-12-14T00-00-00.txt,1
2013-04-17 13:15:00,61.71,64.16,57.23,69.28,75.25,61.87,DCC-NOISE-001003-2013-04-17T00-00-00.txt,0
2013-12-27 19:02:00,63.32,65.44,58.94,70.77,76.22,62.81,DCC-NOISE-001003-2013-12-27T00-02-00.txt,1
2013-01-08 17:05:00,72.35,73.54,70.5,71.36,72.47,69.57,DCC-NOISE-001003-2013-01-08T00-00-00.txt,1
2013-12-27 02:07:00,64.91,69.92,54.52,75.64,81.95,60.11,DCC-NOISE-001003-2013-12-27T00-02-00.txt,1
2013-01-30 11:15:00,64.28,66.55,60.56,71.5,77.65,64.86,DCC-NOISE-001014-2013-01-30T00-00-00.txt,1
2013-04-11 06:35:00,56.85,62.46,48.84,57.78,63.0,50.5,DCC-NOISE-001003-2013-04-11T00-00-00.txt,0
2013-01-25 16:20:00,63.44,66.63,58.69,66.61,69.33,62.03,DCC-NOISE-001014-2013-01-25T00-00-00.txt,1
2013-04-06 03:30:00,53.3,59.87,44.03,55.87,61.76,47.74,DCC-NOISE-001003-2013-04-06T00-00-00.txt,0
2013-11-30 23:17:00,56.75,60.01,50.52,59.32,62.6,52.72,DCC-NOISE-001003-2013-11-30T00-00-00.txt,0
2013-01-18 08:46:00,63.85,67.03,57.41,68.68,73.1,62.03,DCC-NOISE-001003-2013-01-18T00-00-00.txt,1
2013-07-12 02:20:00,45.63,53.18,38.88,48.82,54.76,43.23,DCC-NOISE-001003-2013-07-12T00-00-00.txt,0
2013-03-22 02:30:00,64.38,69.43,56.66,75.03,81.08,64.07,DCC-NOISE-001003-2013-03-22T00-00-00.txt,1
2013-12-05 07:32:00,64.87,70.31,58.32,74.74,82.32,62.79,DCC-NOISE-001003-2013-12-05T00-00-00.txt,1
2013-06-13 14:35:00,58.5,61.16,54.55,62.69,66.47,58.23,DCC-NOISE-001003-2013-06-13T00-00-00.txt,0
2013-07-03 18:50:00,63.37,72.77,49.99,64.05,72.73,54.16,DCC-NOISE-001003-2013-07-03T00-00-00.txt,1
2013-11-02 16:52:00,63.81,66.45,59.36,69.21,73.8,62.11,DCC-NOISE-001003-2013-11-02T00-00-00.txt,1
2013-09-12 11:30:00,56.89,60.17,52.57,61.78,65.56,57.29,DCC-NOISE-001003-2013-09-12T00-00-00.txt,0
2013-01-31 14:55:00,73.53,75.35,71.01,72.84,74.8,70.49,DCC-NOISE-001014-2013-01-31T00-00-00.txt,1
2013-12-23 14:57:00,64.06,65.16,62.36,65.16,66.73,62.85,DCC-NOISE-001003-2013-12-23T00-02-00.txt,1
2013-02-21 10:25:00,63.35,64.27,58.86,65.41,67.89,59.84,DCC-NOISE-001003-2013-02-21T00-00-00.txt,1
2013-04-06 18:05:00,56.1,59.09,50.54,60.47,63.55,55.17,DCC-NOISE-001003-2013-04-06T00-00-00.txt,0
2013-05-06 13:05:00,65.33,71.87,50.98,64.96,70.53,53.61,DCC-NOISE-001003-2013-05-06T00-00-00.txt,1
2013-02-06 16:05:00,58.35,61.18,54.04,61.46,63.92,58.08,DCC-NOISE-001014-2013-02-06T00-00-00.txt,0
2013-12-29 15:42:00,60.17,62.69,56.87,65.78,70.03,60.37,DCC-NOISE-001003-2013-12-29T00-02-00.txt,0
2013-01-14 19:31:00,60.57,63.25,56.73,63.08,64.9,59.83,DCC-NOISE-001003-2013-01-14T00-00-00.txt,0
2013-08-18 16:55:00,83.04,89.62,66.27,87.13,93.46,68.08,DCC-NOISE-001003-2013-08-18T00-00-00.txt,1
2013-12-14 10:15:00,64.43,67.77,59.14,73.18,80.14,63.03,DCC-NOISE-001003-2013-12-14T00-00-00.txt,1
2013-02-04 10:05:00,61.29,63.68,56.03,67.24,72.15,59.99,DCC-NOISE-001014-2013-02-04T00-00-00.txt,0
2013-08-16 15:40:00,55.32,58.56,50.33,60.48,62.85,54.86,DCC-NOISE-001003-2013-08-16T00-00-00.txt,0
2013-01-25 17:10:00,61.89,64.46,56.81,63.75,65.94,59.87,DCC-NOISE-001014-2013-01-25T00-00-00.txt,0
2013-06-09 17:50:00,54.13,57.3,49.15,59.21,62.59,52.9,DCC-NOISE-001003-2013-06-09T00-00-00.txt,0
2013-01-29 10:55:00,65.0,70.86,56.98,68.56,73.04,61.16,DCC-NOISE-001014-2013-01-29T00-00-00.txt,1
2013-02-04 17:05:00,63.11,66.74,58.32,72.07,79.3,62.26,DCC-NOISE-001014-2013-02-04T00-00-00.txt,1
2013-11-13 19:26:00,59.88,61.96,57.28,63.11,66.04,59.92,DCC-NOISE-001003-2013-11-13T00-00-00.txt,0
2013-05-26 08:05:00,51.6,57.04,40.09,55.98,62.91,42.64,DCC-NOISE-001003-2013-05-26T00-00-00.txt,0
2013-01-18 11:16:00,64.64,70.83,56.25,69.84,77.05,60.02,DCC-NOISE-001003-2013-01-18T00-00-00.txt,1
2013-03-06 12:35:00,62.86,65.34,58.51,64.89,68.05,60.75,DCC-NOISE-001003-2013-03-06T00-00-00.txt,0
2013-06-03 21:35:00,54.25,57.88,45.86,57.44,60.83,50.08,DCC-NOISE-001003-2013-06-03T00-00-00.txt,0
2013-12-21 11:43:00,63.61,65.08,61.26,65.74,68.1,62.05,DCC-NOISE-001003-2013-12-21T00-03-00.txt,1
2013-11-04 14:42:00,57.57,60.37,53.43,61.77,65.09,57.79,DCC-NOISE-001003-2013-11-04T00-00-00.txt,0
2013-03-20 15:05:00,65.78,66.79,64.47,68.49,69.22,67.47,DCC-NOISE-001003-2013-03-20T00-00-00.txt,1
2013-09-15 20:25:00,58.0,61.53,53.81,61.35,64.6,56.22,DCC-NOISE-001003-2013-09-15T00-00-00.txt,0
2013-02-13 01:55:00,47.57,54.8,39.05,50.22,56.78,42.98,DCC-NOISE-001014-2013-02-13T00-00-00.txt,0
2013-01-29 15:45:00,64.32,66.96,59.82,74.08,80.09,64.73,DCC-NOISE-001014-2013-01-29T00-00-00.txt,1
2013-02-09 10:10:00,60.23,63.22,56.53,63.18,65.64,60.07,DCC-NOISE-001014-2013-02-09T00-00-00.txt,0
2013-12-17 09:03:00,63.79,65.78,56.84,65.55,67.14,61.12,DCC-NOISE-001003-2013-12-17T00-03-00.txt,1
2013-02-15 08:35:00,60.4,63.42,55.07,63.98,67.02,58.67,DCC-NOISE-001014-2013-02-15T00-00-00.txt,0
2013-03-25 15:50:00,63.94,65.97,58.03,65.34,67.33,60.82,DCC-NOISE-001003-2013-03-25T00-00-00.txt,1
2013-12-14 10:55:00,65.88,68.52,61.72,74.39,79.88,66.03,DCC-NOISE-001003-2013-12-14T00-00-00.txt,1
2013-12-27 06:37:00,64.69,67.98,57.68,72.56,77.05,62.64,DCC-NOISE-001003-2013-12-27T00-02-00.txt,1
2013-12-20 19:25:00,64.27,67.05,59.16,73.76,80.0,62.45,DCC-NOISE-001003-2013-12-20T00-00-00.txt,1
2013-02-08 21:30:00,58.68,61.56,53.99,61.81,65.37,57.46,DCC-NOISE-001014-2013-02-08T00-00-00.txt,0
2013-02-05 12:15:00,63.81,67.25,59.09,73.96,81.09,64.83,DCC-NOISE-001014-2013-02-05T00-00-00.txt,1
2013-04-16 11:05:00,66.81,69.29,62.15,75.75,80.44,68.53,DCC-NOISE-001003-2013-04-16T00-00-00.txt,1
2013-12-05 11:42:00,63.78,67.32,59.33,72.16,77.69,63.31,DCC-NOISE-001003-2013-12-05T00-00-00.txt,1
2013-04-18 12:15:00,63.66,68.52,58.56,72.64,79.54,62.7,DCC-NOISE-001003-2013-04-18T00-00-00.txt,1
2013-07-12 10:10:00,58.82,63.44,50.76,64.44,68.92,56.47,DCC-NOISE-001003-2013-07-12T00-00-00.txt,0
2013-01-04 04:30:00,46.72,52.36,41.87,50.71,55.52,46.03,DCC-NOISE-001003-2013-01-04T00-00-00.txt,0
2013-12-27 03:22:00,66.47,70.49,56.87,75.64,82.21,63.17,DCC-NOISE-001003-2013-12-27T00-02-00.txt,1
2013-05-28 11:30:00,75.67,82.92,55.39,76.77,82.6,58.37,DCC-NOISE-001003-2013-05-28T00-00-00.txt,1
2013-06-16 01:35:00,55.49,59.74,49.83,57.13,60.95,51.49,DCC-NOISE-001003-2013-06-16T00-00-00.txt,0
2013-07-06 23:20:00,51.66,55.73,43.8,54.71,58.29,46.92,DCC-NOISE-001003-2013-07-06T00-00-00.txt,0
2013-04-12 11:30:00,60.29,63.68,52.81,65.36,69.43,58.25,DCC-NOISE-001003-2013-04-12T00-00-00.txt,0
2013-08-07 02:15:00,43.01,46.33,35.2,46.63,50.8,40.29,DCC-NOISE-001003-2013-08-07T00-00-00.txt,0
2013-01-28 13:25:00,62.66,65.17,58.41,70.06,75.36,62.82,DCC-NOISE-001014-2013-01-28T00-00-00.txt,0
2013-04-16 13:40:00,62.39,66.63,55.63,72.5,78.48,60.71,DCC-NOISE-001003-2013-04-16T00-00-00.txt,0
2013-12-27 08:57:00,63.43,66.36,58.25,70.56,75.12,61.56,DCC-NOISE-001003-2013-12-27T00-02-00.txt,1
2013-12-23 07:27:00,61.03,64.93,54.83,63.36,67.23,57.13,DCC-NOISE-001003-2013-12-23T00-02-00.txt,0
2013-05-21 00:30:00,51.46,55.84,44.65,53.99,57.84,48.22,DCC-NOISE-001003-2013-05-21T00-00-00.txt,0
2013-06-17 22:05:00,63.65,72.42,43.64,63.32,70.62,47.95,DCC-NOISE-001003-2013-06-17T00-00-00.txt,1
2013-04-30 06:50:00,60.18,63.23,56.75,63.34,66.09,59.76,DCC-NOISE-001003-2013-04-30T00-00-00.txt,0
2013-12-27 09:57:00,65.01,67.58,60.72,72.65,77.36,62.08,DCC-NOISE-001003-2013-12-27T00-02-00.txt,1
2013-12-08 11:45:00,60.72,63.3,57.6,65.31,68.22,61.24,DCC-NOISE-001003-2013-12-08T00-00-00.txt,0
2013-03-17 15:00:00,63.81,65.82,60.25,64.27,66.46,60.35,DCC-NOISE-001003-2013-03-17T00-00-00.txt,1
2013-12-14 13:05:00,66.89,70.18,62.14,74.98,81.99,65.65,DCC-NOISE-001003-2013-12-14T00-00-00.txt,1
2013-02-13 17:10:00,60.53,62.79,57.51,64.91,68.84,61.41,DCC-NOISE-001014-2013-02-13T00-00-00.txt,0
2013-08-18 13:40:00,69.06,73.41,59.41,71.73,75.41,62.44,DCC-NOISE-001003-2013-08-18T00-00-00.txt,1
2013-03-20 14:35:00,64.91,68.72,62.67,68.56,71.15,66.42,DCC-NOISE-001003-2013-03-20T00-00-00.txt,1
2013-05-10 16:55:00,66.46,70.19,57.77,69.07,71.94,63.13,DCC-NOISE-001003-2013-05-10T00-00-00.txt,1
2013-01-23 07:57:00,57.43,61.28,52.18,60.31,63.53,56.06,DCC-NOISE-001003-2013-01-23T00-00-00.txt,0
2013-12-27 18:17:00,63.55,66.14,58.18,71.26,77.12,61.96,DCC-NOISE-001003-2013-12-27T00-02-00.txt,1
2013-01-26 18:35:00,60.21,62.69,56.46,64.78,68.88,60.47,DCC-NOISE-001014-2013-01-26T00-00-00.txt,0
2013-01-14 10:36:00,61.89,63.34,54.97,64.53,68.44,59.34,DCC-NOISE-001003-2013-01-14T00-00-00.txt,0
2013-10-31 14:41:00,65.13,68.84,59.81,71.76,74.95,67.3,DCC-NOISE-001003-2013-10-31T00-00-00.txt,1
2013-01-27 13:40:00,65.69,68.25,60.91,73.61,78.99,65.26,DCC-NOISE-001014-2013-01-27T00-00-00.txt,1
2013-12-27 14:12:00,64.23,66.2,60.94,67.9,70.17,63.07,DCC-NOISE-001003-2013-12-27T00-02-00.txt,1
2013-12-14 10:50:00,67.71,72.86,60.61,77.76,85.56,64.81,DCC-NOISE-001003-2013-12-14T00-00-00.txt,1
2013-10-27 16:56:00,59.83,61.75,55.52,62.75,65.0,58.22,DCC-NOISE-001003-2013-10-27T00-00-00.txt,0
2013-11-30 14:12:00,65.26,64.31,59.24,66.09,66.48,60.74,DCC-NOISE-001003-2013-11-30T00-00-00.txt,1
2013-04-23 06:35:00,58.18,61.35,53.81,61.73,64.73,57.69,DCC-NOISE-001003-2013-04-23T00-00-00.txt,0
2013-11-29 10:01:00,60.54,63.0,56.96,63.77,66.15,60.17,DCC-NOISE-001003-2013-11-29T00-00-00.txt,0
2013-06-19 06:25:00,65.83,68.64,57.57,64.52,67.08,58.08,DCC-NOISE-001003-2013-06-19T00-00-00.txt,1
2013-12-23 10:12:00,63.52,66.45,59.05,70.74,76.75,62.63,DCC-NOISE-001003-2013-12-23T00-02-00.txt,1
2013-12-21 14:33:00,65.89,67.55,63.45,65.96,67.75,63.46,DCC-NOISE-001003-2013-12-21T00-03-00.txt,1
2013-02-26 11:25:00,65.62,65.79,53.97,69.28,71.42,57.46,DCC-NOISE-001003-2013-02-26T00-00-00.txt,1
2013-11-02 16:37:00,63.95,66.57,60.36,69.87,74.63,63.19,DCC-NOISE-001003-2013-11-02T00-00-00.txt,1
2013-05-23 12:15:00,62.25,67.32,56.46,65.12,69.15,60.23,DCC-NOISE-001003-2013-05-23T00-00-00.txt,0
2013-05-06 13:50:00,70.51,72.39,67.85,69.31,71.09,66.77,DCC-NOISE-001003-2013-05-06T00-00-00.txt,1
2013-01-28 21:10:00,61.54,64.97,56.22,70.41,76.04,61.07,DCC-NOISE-001014-2013-01-28T00-00-00.txt,0
2013-04-17 17:35:00,63.54,66.44,58.36,73.2,79.25,62.76,DCC-NOISE-001003-2013-04-17T00-00-00.txt,1
2013-12-27 18:32:00,63.6,67.18,58.77,72.1,78.58,62.21,DCC-NOISE-001003-2013-12-27T00-02-00.txt,1
2013-04-17 21:50:00,63.24,66.68,56.32,72.5,78.93,60.8,DCC-NOISE-001003-2013-04-17T00-00-00.txt,1
2013-10-10 00:20:00,54.04,58.81,48.23,57.28,60.82,50.95,DCC-NOISE-001003-2013-10-10T00-00-00.txt,0
2013-10-13 19:31:00,57.83,61.21,52.93,60.32,63.35,55.78,DCC-NOISE-001003-2013-10-13T00-00-00.txt,0
2013-05-26 12:45:00,55.18,58.2,50.3,59.64,62.52,53.96,DCC-NOISE-001003-2013-05-26T00-00-00.txt,0
2013-09-11 17:40:00,56.03,58.59,53.35,60.69,63.03,58.06,DCC-NOISE-001003-2013-09-11T00-00-00.txt,0
2013-04-17 00:45:00,48.95,53.54,42.41,51.97,56.92,46.96,DCC-NOISE-001003-2013-04-17T00-00-00.txt,0
2013-01-08 12:05:00,66.03,73.73,54.26,66.05,72.63,57.35,DCC-NOISE-001003-2013-01-08T00-00-00.txt,1
2013-10-31 17:46:00,65.96,70.88,58.39,70.58,75.81,62.55,DCC-NOISE-001003-2013-10-31T00-00-00.txt,1
2013-09-23 11:50:00,53.76,58.02,46.92,58.3,61.94,52.74,DCC-NOISE-001003-2013-09-23T00-00-00.txt,0
2013-01-05 04:30:00,50.61,57.8,40.74,55.41,61.89,45.0,DCC-NOISE-001003-2013-01-05T00-00-00.txt,0
2013-01-30 12:55:00,64.9,67.44,60.64,74.47,80.59,63.91,DCC-NOISE-001014-2013-01-30T00-00-00.txt,1
2013-03-22 08:40:00,61.65,64.04,58.33,64.87,66.83,61.75,DCC-NOISE-001003-2013-03-22T00-00-00.txt,0
2013-01-16 15:36:00,58.79,62.33,51.71,61.72,65.78,55.16,DCC-NOISE-001003-2013-01-16T00-00-00.txt,0
2013-01-10 11:55:00,60.67,63.85,55.91,62.99,66.18,58.91,DCC-NOISE-001003-2013-01-10T00-00-00.txt,0
2013-04-12 10:05:00,60.79,62.97,56.54,65.86,69.27,60.15,DCC-NOISE-001003-2013-04-12T00-00-00.txt,0
2013-12-19 18:28:00,61.35,63.86,58.22,64.35,67.01,61.33,DCC-NOISE-001003-2013-12-19T00-03-00.txt,0
2013-10-31 13:56:00,69.0,71.52,66.06,78.98,80.91,75.39,DCC-NOISE-001003-2013-10-31T00-00-00.txt,1
2013-12-22 12:25:00,64.34,66.08,61.82,64.95,66.4,62.19,DCC-NOISE-001003-2013-12-22T00-00-00.txt,1
2013-11-22 10:56:00,58.74,61.79,53.88,61.57,64.25,56.59,DCC-NOISE-001003-2013-11-22T00-00-00.txt,0
2013-03-19 23:35:00,54.48,60.24,46.08,56.48,62.01,48.7,DCC-NOISE-001003-2013-03-19T00-00-00.txt,0
2013-12-30 12:30:00,63.58,65.23,60.27,65.17,67.13,61.12,DCC-NOISE-001003-2013-12-30T00-00-00.txt,1
2013-11-19 23:21:00,55.07,58.4,50.88,58.69,61.89,54.44,DCC-NOISE-001003-2013-11-19T00-00-00.txt,0
2013-04-28 15:05:00,58.5,60.79,54.39,62.8,66.04,58.1,DCC-NOISE-001003-2013-04-28T00-00-00.txt,0
2013-11-02 18:32:00,63.71,67.31,58.73,68.9,73.4,61.19,DCC-NOISE-001003-2013-11-02T00-00-00.txt,1
2013-10-16 15:32:00,58.63,61.37,54.16,61.57,63.68,58.2,DCC-NOISE-001003-2013-10-16T00-00-00.txt,0
2013-02-26 11:55:00,63.25,64.72,59.06,68.54,70.45,62.63,DCC-NOISE-001003-2013-02-26T00-00-00.txt,1
2013-05-04 17:45:00,68.73,72.56,55.7,68.84,72.18,59.81,DCC-NOISE-001003-2013-05-04T00-00-00.txt,1
2013-03-18 03:50:00,53.18,58.99,44.85,54.63,60.34,46.55,DCC-NOISE-001003-2013-03-18T00-00-00.txt,0
2013-05-03 10:45:00,65.6,70.18,52.69,67.21,70.94,57.29,DCC-NOISE-001003-2013-05-03T00-00-00.txt,1
2013-05-27 00:55:00,56.12,60.14,50.82,59.01,62.01,52.8,DCC-NOISE-001003-2013-05-27T00-00-00.txt,0
2013-03-09 16:05:00,61.77,63.82,57.68,63.27,65.57,59.77,DCC-NOISE-001003-2013-03-09T00-00-00.txt,0
2013-12-25 15:12:00,60.77,63.22,57.16,61.63,64.18,57.71,DCC-NOISE-001003-2013-12-25T00-02-00.txt,0
2013-01-23 06:02:00,52.32,58.2,45.51,54.96,60.41,48.79,DCC-NOISE-001003-2013-01-23T00-00-00.txt,0
2013-06-07 18:00:00,61.63,65.13,55.11,62.82,65.22,57.71,DCC-NOISE-001003-2013-06-07T00-00-00.txt,0
2013-03-29 15:20:00,63.46,64.95,59.93,64.14,66.51,60.57,DCC-NOISE-001003-2013-03-29T00-00-00.txt,1
2013-12-14 14:35:00,65.03,67.24,61.46,71.58,76.48,65.34,DCC-NOISE-001003-2013-12-14T00-00-00.txt,1
2013-03-07 16:20:00,64.02,66.21,59.67,64.57,66.97,60.67,DCC-NOISE-001003-2013-03-07T00-00-00.txt,1
2013-12-31 15:17:00,63.96,65.66,61.53,66.26,68.61,63.2,DCC-NOISE-001003-2013-12-31T00-02-00.txt,1
2013-04-17 17:30:00,64.04,67.96,59.33,74.16,81.47,63.99,DCC-NOISE-001003-2013-04-17T00-00-00.txt,1
2013-04-26 16:20:00,60.26,62.61,54.92,63.05,65.19,58.23,DCC-NOISE-001003-2013-04-26T00-00-00.txt,0
2013-05-10 14:30:00,67.98,70.38,57.61,70.39,73.52,62.23,DCC-NOISE-001003-2013-05-10T00-00-00.txt,1
2013-12-16 07:45:00,60.57,63.4,57.16,62.92,65.77,59.58,DCC-NOISE-001003-2013-12-16T00-00-00.txt,0
2013-12-07 15:47:00,59.73,62.39,55.35,62.87,66.55,58.39,DCC-NOISE-001003-2013-12-07T00-02-00.txt,0
2013-08-14 01:30:00,44.04,52.45,33.62,46.48,53.96,38.52,DCC-NOISE-001003-2013-08-14T00-00-00.txt,0
2013-01-18 00:15:00,65.54,73.76,48.5,71.3,79.33,54.17,DCC-NOISE-001003-2013-01-18T00-00-00.txt,1
2013-10-31 13:46:00,66.27,68.93,63.08,75.13,77.2,72.21,DCC-NOISE-001003-2013-10-31T00-00-00.txt,1
2013-05-03 09:20:00,72.27,74.01,69.71,71.3,72.97,68.81,DCC-NOISE-001003-2013-05-03T00-00-00.txt,1
2013-02-26 10:15:00,56.47,59.92,51.25,60.39,63.35,55.74,DCC-NOISE-001003-2013-02-26T00-00-00.txt,0
2013-09-16 17:10:00,60.58,62.73,56.89,64.09,66.71,60.04,DCC-NOISE-001003-2013-09-16T00-00-00.txt,0
2013-06-24 08:10:00,57.64,60.8,51.87,62.69,67.19,56.78,DCC-NOISE-001003-2013-06-24T00-00-00.txt,0
2013-03-22 13:05:00,64.1,66.64,58.34,66.2,68.4,60.63,DCC-NOISE-001003-2013-03-22T00-00-00.txt,1
2013-08-27 16:45:00,60.18,62.77,54.07,61.49,63.78,56.42,DCC-NOISE-001003-2013-08-27T00-00-00.txt,0
2013-04-15 09:25:00,66.51,73.2,57.97,68.61,72.95,62.05,DCC-NOISE-001003-2013-04-15T00-00-00.txt,1
2013-03-25 14:15:00,72.21,76.67,64.08,77.23,81.11,70.83,DCC-NOISE-001003-2013-03-25T00-00-00.txt,1
2013-10-11 21:16:00,55.59,59.13,49.89,58.89,62.04,54.35,DCC-NOISE-001003-2013-10-11T00-00-00.txt,0
2013-01-09 09:05:00,60.58,63.11,57.25,63.28,65.32,60.84,DCC-NOISE-001003-2013-01-09T00-00-00.txt,0
2013-08-18 12:00:00,78.06,90.26,51.99,80.98,92.17,57.02,DCC-NOISE-001003-2013-08-18T00-00-00.txt,1
2013-02-02 20:15:00,58.28,61.12,53.98,60.85,63.64,56.52,DCC-NOISE-001014-2013-02-02T00-00-00.txt,0
2013-09-23 11:25:00,55.28,58.77,49.8,62.03,65.98,55.77,DCC-NOISE-001003-2013-09-23T00-00-00.txt,0
2013-05-23 17:05:00,59.09,61.22,55.48,63.54,65.87,59.46,DCC-NOISE-001003-2013-05-23T00-00-00.txt,0
2013-07-05 22:55:00,53.49,58.12,46.62,56.82,61.21,50.38,DCC-NOISE-001003-2013-07-05T00-00-00.txt,0
2013-12-27 10:37:00,63.3,65.83,57.16,71.51,76.89,61.85,DCC-NOISE-001003-2013-12-27T00-02-00.txt,1
2013-02-13 14:00:00,59.74,62.58,56.11,64.04,66.79,60.09,DCC-NOISE-001014-2013-02-13T00-00-00.txt,0
2013-07-05 09:10:00,64.45,71.67,57.52,69.87,76.97,62.28,DCC-NOISE-001003-2013-07-05T00-00-00.txt,1
2013-09-15 08:50:00,58.45,61.77,53.67,61.1,64.5,55.83,DCC-NOISE-001003-2013-09-15T00-00-00.txt,0
2013-01-01 05:40:00,54.69,59.4,45.98,58.79,63.39,50.57,DCC-NOISE-001003-2013-01-01T00-00-00.txt,0
2013-12-14 11:10:00,66.92,70.03,61.26,76.36,82.24,65.02,DCC-NOISE-001003-2013-12-14T00-00-00.txt,1
2013-05-09 17:55:00,61.01,63.27,57.01,65.8,69.56,60.73,DCC-NOISE-001003-2013-05-09T00-00-00.txt,0
2013-03-23 17:00:00,63.92,63.85,53.92,65.62,68.03,56.43,DCC-NOISE-001003-2013-03-23T00-00-00.txt,1
2013-05-13 19:10:00,60.8,62.91,57.46,63.39,65.38,60.03,DCC-NOISE-001003-2013-05-13T00-00-00.txt,0
2013-11-19 14:01:00,66.85,69.37,61.68,71.05,73.29,65.47,DCC-NOISE-001003-2013-11-19T00-00-00.txt,1
2013-05-09 14:30:00,64.82,63.43,56.69,67.21,68.05,60.43,DCC-NOISE-001003-2013-05-09T00-00-00.txt,1
2013-02-25 05:40:00,49.36,55.53,43.87,52.1,57.1,48.1,DCC-NOISE-001003-2013-02-25T00-00-00.txt,0
2013-05-05 17:15:00,70.23,72.3,67.19,69.06,71.06,66.13,DCC-NOISE-001003-2013-05-05T00-00-00.txt,1
2013-03-20 10:20:00,63.11,66.86,53.97,66.79,71.23,58.18,DCC-NOISE-001003-2013-03-20T00-00-00.txt,1
2013-03-21 10:50:00,63.74,66.55,59.98,70.52,74.47,64.63,DCC-NOISE-001003-2013-03-21T00-00-00.txt,1
2013-07-18 11:05:00,52.67,56.66,45.6,58.76,62.29,52.96,DCC-NOISE-001003-2013-07-18T00-00-00.txt,0
2013-12-15 14:57:00,64.59,66.02,61.03,66.29,69.0,62.72,DCC-NOISE-001003-2013-12-15T00-02-00.txt,1
2013-01-28 12:30:00,66.86,71.55,60.15,79.66,85.84,67.42,DCC-NOISE-001014-2013-01-28T00-00-00.txt,1
2013-04-11 16:40:00,62.43,65.12,57.38,64.05,66.29,60.11,DCC-NOISE-001003-2013-04-11T00-00-00.txt,0
2013-03-20 14:10:00,64.24,65.52,62.57,67.98,68.97,66.89,DCC-NOISE-001003-2013-03-20T00-00-00.txt,1
2013-07-21 14:00:00,53.02,57.58,44.89,56.92,60.19,50.3,DCC-NOISE-001003-2013-07-21T00-00-00.txt,0
2013-08-19 08:30:00,60.44,62.67,56.66,64.29,67.22,61.49,DCC-NOISE-001003-2013-08-19T00-00-00.txt,0
2013-08-26 13:25:00,56.21,58.99,50.56,60.25,62.91,56.09,DCC-NOISE-001003-2013-08-26T00-00-00.txt,0
2013-12-31 13:17:00,64.75,67.21,62.16,68.73,72.46,63.89,DCC-NOISE-001003-2013-12-31T00-02-00.txt,1
2013-11-13 01:41:00,49.28,53.38,45.0,52.69,55.71,49.59,DCC-NOISE-001003-2013-11-13T00-00-00.txt,0
2013-03-21 12:10:00,66.6,68.37,63.28,71.16,73.94,67.36,DCC-NOISE-001003-2013-03-21T00-00-00.txt,1
2013-01-25 18:10:00,63.33,65.84,57.05,64.75,66.83,59.9,DCC-NOISE-001014-2013-01-25T00-00-00.txt,1
2013-08-21 19:35:00,57.42,60.28,53.15,60.32,62.64,56.87,DCC-NOISE-001003-2013-08-21T00-00-00.txt,0
2013-04-11 16:30:00,63.21,66.08,57.08,64.3,66.87,59.12,DCC-NOISE-001003-2013-04-11T00-00-00.txt,1
2013-10-18 18:12:00,60.18,63.23,54.31,64.02,66.6,58.46,DCC-NOISE-001003-2013-10-18T00-00-00.txt,0
2013-04-16 12:20:00,65.83,72.41,57.73,76.83,85.14,63.02,DCC-NOISE-001003-2013-04-16T00-00-00.txt,1
2013-08-18 13:55:00,82.25,86.57,69.3,87.08,90.08,74.6,DCC-NOISE-001003-2013-08-18T00-00-00.txt,1
2013-01-08 20:00:00,62.45,63.9,54.87,64.83,67.14,58.12,DCC-NOISE-001003-2013-01-08T00-00-00.txt,0
2013-08-27 21:00:00,54.54,58.5,47.03,57.48,60.58,51.0,DCC-NOISE-001003-2013-08-27T00-00-00.txt,0
2013-05-06 02:00:00,52.37,57.86,40.85,54.84,59.69,45.69,DCC-NOISE-001003-2013-05-06T00-00-00.txt,0
2013-12-05 09:57:00,66.69,71.89,60.23,76.89,84.01,65.36,DCC-NOISE-001003-2013-12-05T00-00-00.txt,1
2013-12-21 15:53:00,61.12,63.56,57.2,63.2,65.31,60.17,DCC-NOISE-001003-2013-12-21T00-03-00.txt,0
2013-10-26 19:41:00,58.62,61.7,54.36,63.1,66.79,57.63,DCC-NOISE-001003-2013-10-26T00-00-00.txt,0
2013-08-18 11:35:00,57.52,59.65,53.06,63.71,65.23,57.68,DCC-NOISE-001003-2013-08-18T00-00-00.txt,0
2013-02-03 03:10:00,57.77,62.5,51.43,60.85,64.76,54.84,DCC-NOISE-001014-2013-02-03T00-00-00.txt,0
2013-10-31 16:16:00,60.56,63.12,57.01,64.38,66.82,60.55,DCC-NOISE-001003-2013-10-31T00-00-00.txt,0
2013-04-29 12:10:00,70.44,74.17,63.47,73.61,76.43,69.22,DCC-NOISE-001003-2013-04-29T00-00-00.txt,1
2013-02-08 08:40:00,63.37,66.46,58.66,67.53,73.12,62.36,DCC-NOISE-001014-2013-02-08T00-00-00.txt,1
2013-03-06 16:15:00,63.73,65.84,60.0,64.2,66.33,60.53,DCC-NOISE-001003-2013-03-06T00-00-00.txt,1
2013-01-30 15:45:00,64.08,71.09,56.8,67.87,72.75,60.88,DCC-NOISE-001014-2013-01-30T00-00-00.txt,1
2013-12-19 07:58:00,61.0,63.88,56.35,63.84,66.06,59.72,DCC-NOISE-001003-2013-12-19T00-03-00.txt,0
2013-04-29 06:40:00,56.88,59.36,53.2,60.84,63.96,57.45,DCC-NOISE-001003-2013-04-29T00-00-00.txt,0
2013-12-22 16:05:00,63.69,67.41,58.98,64.88,67.51,61.15,DCC-NOISE-001003-2013-12-22T00-00-00.txt,1
2013-12-19 09:48:00,61.45,63.85,57.76,63.79,65.72,60.8,DCC-NOISE-001003-2013-12-19T00-03-00.txt,0
2013-02-23 10:55:00,62.54,64.37,55.77,64.95,67.17,58.34,DCC-NOISE-001003-2013-02-23T00-00-00.txt,0
2013-12-20 19:10:00,63.07,65.66,59.19,70.25,75.77,63.01,DCC-NOISE-001003-2013-12-20T00-00-00.txt,1
2013-01-28 15:15:00,63.69,65.5,60.93,70.41,74.04,65.56,DCC-NOISE-001014-2013-01-28T00-00-00.txt,1
2013-12-27 12:57:00,64.99,67.34,60.93,71.52,76.21,64.52,DCC-NOISE-001003-2013-12-27T00-02-00.txt,1
2013-03-19 13:45:00,64.82,69.71,56.38,68.07,73.75,60.99,DCC-NOISE-001003-2013-03-19T00-00-00.txt,1
2013-04-18 02:30:00,65.62,72.0,55.46,76.12,83.75,61.79,DCC-NOISE-001003-2013-04-18T00-00-00.txt,1
2013-01-29 15:55:00,63.76,66.74,58.45,71.96,77.7,62.97,DCC-NOISE-001014-2013-01-29T00-00-00.txt,1
2013-12-18 16:10:00,66.63,69.24,62.64,71.63,77.17,65.8,DCC-NOISE-001003-2013-12-18T00-00-00.txt,1
2013-12-15 14:52:00,65.1,66.29,63.16,65.63,67.07,63.23,DCC-NOISE-001003-2013-12-15T00-02-00.txt,1
2013-05-21 10:45:00,71.59,80.09,55.62,77.2,86.71,58.52,DCC-NOISE-001003-2013-05-21T00-00-00.txt,1
2013-12-08 06:10:00,52.71,58.39,45.15,57.13,63.04,49.82,DCC-NOISE-001003-2013-12-08T00-00-00.txt,0
2013-09-08 21:25:00,54.32,59.27,46.35,56.87,61.44,49.88,DCC-NOISE-001003-2013-09-08T00-00-00.txt,0
2013-03-22 14:00:00,63.26,65.62,58.64,64.88,67.15,60.38,DCC-NOISE-001003-2013-03-22T00-00-00.txt,1
2013-10-31 21:06:00,63.29,69.05,56.21,65.67,71.03,58.83,DCC-NOISE-001003-2013-10-31T00-00-00.txt,1
2013-10-22 14:26:00,58.88,62.32,53.78,62.12,65.23,57.75,DCC-NOISE-001003-2013-10-22T00-00-00.txt,0
2013-07-05 10:40:00,65.83,69.13,61.14,71.1,74.39,64.89,DCC-NOISE-001003-2013-07-05T00-00-00.txt,1
2013-02-01 13:25:00,63.38,63.86,57.83,65.84,67.76,61.41,DCC-NOISE-001014-2013-02-01T00-00-00.txt,1
2013-12-28 21:25:00,59.36,62.32,55.08,61.84,64.7,57.74,DCC-NOISE-001003-2013-12-28T00-00-00.txt,0
2013-08-22 13:25:00,54.61,58.08,47.12,59.72,63.71,53.9,DCC-NOISE-001003-2013-08-22T00-00-00.txt,0
2013-12-14 14:05:00,66.55,70.91,61.36,76.14,82.88,65.51,DCC-NOISE-001003-2013-12-14T00-00-00.txt,1
2013-02-01 19:40:00,60.18,62.97,56.01,64.16,67.38,60.07,DCC-NOISE-001014-2013-02-01T00-00-00.txt,0
2013-12-23 09:27:00,63.49,66.34,58.76,70.63,76.37,62.48,DCC-NOISE-001003-2013-12-23T00-02-00.txt,1
2013-04-18 17:40:00,60.4,62.11,57.01,68.19,73.02,61.67,DCC-NOISE-001003-2013-04-18T00-00-00.txt,0
2013-12-08 14:45:00,62.33,63.75,59.8,63.74,64.98,60.89,DCC-NOISE-001003-2013-12-08T00-00-00.txt,0
2013-09-07 11:15:00,61.67,64.94,55.67,63.49,66.96,58.81,DCC-NOISE-001003-2013-09-07T00-00-00.txt,0
2013-12-05 11:12:00,69.41,76.41,60.27,78.92,86.1,65.73,DCC-NOISE-001003-2013-12-05T00-00-00.txt,1
2013-03-21 09:00:00,67.62,70.62,59.82,72.52,75.76,65.9,DCC-NOISE-001003-2013-03-21T00-00-00.txt,1
2013-07-17 15:05:00,52.62,55.85,46.41,57.86,60.87,51.62,DCC-NOISE-001003-2013-07-17T00-00-00.txt,0
2013-12-14 15:20:00,65.56,67.94,62.18,72.28,77.52,65.4,DCC-NOISE-001003-2013-12-14T00-00-00.txt,1
2013-12-14 12:25:00,65.12,68.31,60.64,71.82,76.81,64.33,DCC-NOISE-001003-2013-12-14T00-00-00.txt,1
2013-08-18 14:05:00,77.35,81.97,62.7,86.27,89.98,67.38,DCC-NOISE-001003-2013-08-18T00-00-00.txt,1
2013-12-13 05:12:00,50.95,56.84,43.59,57.51,63.19,48.24,DCC-NOISE-001003-2013-12-13T00-02-00.txt,0
2013-12-27 02:02:00,65.31,70.49,55.86,75.28,82.69,62.27,DCC-NOISE-001003-2013-12-27T00-02-00.txt,1
2013-06-13 19:50:00,58.04,60.16,54.71,62.27,64.9,57.94,DCC-NOISE-001003-2013-06-13T00-00-00.txt,0
2013-01-03 17:15:00,57.85,60.21,54.14,61.29,63.05,58.33,DCC-NOISE-001003-2013-01-03T00-00-00.txt,0
2013-09-10 05:35:00,52.33,56.93,48.4,55.27,59.29,52.0,DCC-NOISE-001003-2013-09-10T00-00-00.txt,0
2013-04-16 12:50:00,65.42,70.54,59.22,75.79,82.81,64.2,DCC-NOISE-001003-2013-04-16T00-00-00.txt,1
2013-11-17 21:12:00,57.42,60.49,52.98,59.58,62.35,55.95,DCC-NOISE-001003-2013-11-17T00-00-00.txt,0
2013-12-23 23:47:00,63.62,68.74,57.23,72.73,79.55,61.48,DCC-NOISE-001003-2013-12-23T00-02-00.txt,1
2013-04-18 19:50:00,60.98,63.32,57.73,63.58,65.85,60.05,DCC-NOISE-001003-2013-04-18T00-00-00.txt,0
2013-10-04 11:07:00,64.05,69.97,58.1,71.4,76.62,65.43,DCC-NOISE-001003-2013-10-04T00-00-00.txt,1
2013-04-16 16:40:00,60.21,63.41,55.37,66.17,71.02,59.66,DCC-NOISE-001003-2013-04-16T00-00-00.txt,0
2013-12-24 12:10:00,64.2,68.2,59.39,72.56,79.57,64.19,DCC-NOISE-001003-2013-12-24T00-00-00.txt,1
2013-03-20 15:45:00,65.9,73.79,53.07,69.94,76.65,58.76,DCC-NOISE-001003-2013-03-20T00-00-00.txt,1
2013-10-16 02:47:00,39.45,40.17,35.77,42.84,43.54,40.03,DCC-NOISE-001003-2013-10-16T00-00-00.txt,0
2013-01-30 11:40:00,65.28,69.16,60.61,75.49,82.77,65.55,DCC-NOISE-001014-2013-01-30T00-00-00.txt,1
2013-02-18 11:45:00,75.7,80.66,51.82,78.98,81.37,57.26,DCC-NOISE-001003-2013-02-18T11-40-00.txt,1
2013-05-30 08:30:00,68.36,72.23,57.24,73.77,78.02,63.37,DCC-NOISE-001003-2013-05-30T00-00-00.txt,1
2013-08-18 14:00:00,79.89,84.37,67.68,84.2,86.98,72.61,DCC-NOISE-001003-2013-08-18T00-00-00.txt,1
2013-01-25 07:40:00,59.06,62.33,52.52,62.63,65.74,56.11,DCC-NOISE-001014-2013-01-25T00-00-00.txt,0
2013-12-05 08:57:00,67.57,72.82,61.22,77.9,85.05,66.41,DCC-NOISE-001003-2013-12-05T00-00-00.txt,1
2013-07-10 10:30:00,64.23,65.26,62.7,63.86,65.08,62.09,DCC-NOISE-001003-2013-07-10T00-00-00.txt,1
2013-12-31 12:52:00,62.02,64.03,58.67,66.18,70.29,62.15,DCC-NOISE-001003-2013-12-31T00-02-00.txt,0
2013-12-30 09:55:00,63.37,66.92,58.34,66.21,70.03,60.69,DCC-NOISE-001003-2013-12-30T00-00-00.txt,1
2013-12-27 15:57:00,62.37,64.57,59.08,65.12,67.48,61.7,DCC-NOISE-001003-2013-12-27T00-02-00.txt,0
2013-09-16 17:05:00,61.17,64.05,57.14,65.21,67.91,60.28,DCC-NOISE-001003-2013-09-16T00-00-00.txt,0
2013-02-05 07:50:00,60.47,63.36,56.93,64.7,66.99,61.37,DCC-NOISE-001014-2013-02-05T00-00-00.txt,0
2013-08-19 15:35:00,56.36,58.54,52.45,60.26,62.95,55.68,DCC-NOISE-001003-2013-08-19T00-00-00.txt,0
2013-02-16 03:40:00,50.7,56.24,45.68,53.13,57.76,49.1,DCC-NOISE-001014-2013-02-16T00-00-00.txt,0
2013-04-29 17:05:00,60.92,64.16,56.11,66.34,70.48,59.37,DCC-NOISE-001003-2013-04-29T00-00-00.txt,0
2013-05-20 11:10:00,64.24,66.82,60.78,69.67,72.12,65.86,DCC-NOISE-001003-2013-05-20T00-00-00.txt,1
2013-02-26 10:45:00,71.57,78.29,52.41,77.41,83.21,56.76,DCC-NOISE-001003-2013-02-26T00-00-00.txt,1
2013-01-15 17:46:00,60.33,62.44,53.49,62.6,64.98,57.07,DCC-NOISE-001003-2013-01-15T00-00-00.txt,0
2013-04-09 10:40:00,57.67,60.44,51.68,61.32,63.89,55.41,DCC-NOISE-001003-2013-04-09T00-00-00.txt,0
2013-09-04 11:35:00,52.55,55.88,47.13,58.06,60.88,53.91,DCC-NOISE-001003-2013-09-04T00-00-00.txt,0
2013-06-11 14:40:00,63.67,67.01,59.16,70.75,74.3,65.18,DCC-NOISE-001003-2013-06-11T00-00-00.txt,1
2013-06-18 05:55:00,63.08,66.93,49.29,62.77,65.84,51.14,DCC-NOISE-001003-2013-06-18T00-00-00.txt,1
2013-01-14 18:31:00,60.23,62.76,56.27,63.38,66.37,59.15,DCC-NOISE-001003-2013-01-14T00-00-00.txt,0
2013-12-24 12:35:00,63.47,65.4,59.22,71.23,77.13,63.29,DCC-NOISE-001003-2013-12-24T00-00-00.txt,1
2013-03-17 07:05:00,56.56,60.7,49.19,57.63,61.75,51.97,DCC-NOISE-001003-2013-03-17T00-00-00.txt,0
2013-11-27 11:16:00,58.43,61.17,54.7,61.42,64.15,58.27,DCC-NOISE-001003-2013-11-27T00-00-00.txt,0
2013-03-15 05:45:00,53.8,58.64,48.71,56.67,60.6,52.28,DCC-NOISE-001003-2013-03-15T00-00-00.txt,0
2013-07-28 01:50:00,52.01,57.33,45.96,54.45,59.41,48.91,DCC-NOISE-001003-2013-07-28T00-00-00.txt,0
2013-04-03 14:55:00,65.66,69.9,58.22,65.13,68.85,59.12,DCC-NOISE-001003-2013-04-03T00-00-00.txt,1
2013-06-17 22:25:00,65.19,73.27,46.79,64.47,71.51,50.27,DCC-NOISE-001003-2013-06-17T00-00-00.txt,1
2013-08-12 09:05:00,66.47,74.46,53.24,71.7,80.33,57.1,DCC-NOISE-001003-2013-08-12T00-00-00.txt,1
2013-12-19 12:03:00,61.01,63.03,56.89,64.92,67.49,60.37,DCC-NOISE-001003-2013-12-19T00-03-00.txt,0
2013-06-25 15:45:00,55.85,58.88,48.24,60.1,63.4,54.01,DCC-NOISE-001003-2013-06-25T00-00-00.txt,0
2013-03-20 10:30:00,66.44,69.73,58.98,69.57,72.62,62.72,DCC-NOISE-001003-2013-03-20T00-00-00.txt,1
2013-12-06 18:00:00,60.79,62.5,57.25,64.63,66.93,61.77,DCC-NOISE-001003-2013-12-06T14-40-00.txt,0
2013-05-17 18:45:00,57.03,59.91,53.2,59.68,62.08,56.3,DCC-NOISE-001003-2013-05-17T00-00-00.txt,0
2013-10-18 10:57:00,59.31,62.72,54.38,61.78,65.04,57.56,DCC-NOISE-001003-2013-10-18T00-00-00.txt,0
2013-06-15 21:35:00,64.76,70.22,56.13,64.54,68.93,58.91,DCC-NOISE-001003-2013-06-15T00-00-00.txt,1
2013-02-13 18:10:00,60.98,63.64,56.69,64.28,66.74,60.7,DCC-NOISE-001014-2013-02-13T00-00-00.txt,0
2013-08-28 15:00:00,66.09,70.51,58.13,71.79,76.18,63.23,DCC-NOISE-001003-2013-08-28T00-00-00.txt,1
2013-05-05 15:00:00,70.63,72.4,68.16,69.46,71.02,66.89,DCC-NOISE-001003-2013-05-05T00-00-00.txt,1
2013-06-18 22:25:00,66.16,69.66,58.72,65.01,68.1,58.82,DCC-NOISE-001003-2013-06-18T00-00-00.txt,1
2013-08-24 04:20:00,52.5,58.38,46.17,54.58,59.88,49.66,DCC-NOISE-001003-2013-08-24T00-00-00.txt,0
2013-12-14 20:05:00,60.22,62.77,56.5,62.68,65.22,58.94,DCC-NOISE-001003-2013-12-14T00-00-00.txt,0
2013-01-15 10:01:00,60.71,63.28,57.19,64.0,66.56,61.13,DCC-NOISE-001003-2013-01-15T00-00-00.txt,0
2013-01-31 07:50:00,61.39,63.84,57.33,66.92,69.87,61.94,DCC-NOISE-001014-2013-01-31T00-00-00.txt,0
2013-12-20 18:50:00,64.1,66.03,59.43,71.02,76.35,62.97,DCC-NOISE-001003-2013-12-20T00-00-00.txt,1
2013-02-16 05:40:00,50.61,56.42,44.29,53.9,58.91,48.36,DCC-NOISE-001014-2013-02-16T00-00-00.txt,0
2013-09-13 07:20:00,56.28,60.42,49.65,59.02,62.53,53.56,DCC-NOISE-001003-2013-09-13T00-00-00.txt,0
2013-08-18 12:20:00,80.17,87.82,58.33,86.07,92.81,61.9,DCC-NOISE-001003-2013-08-18T00-00-00.txt,1
2013-02-09 14:35:00,59.1,61.84,54.8,62.22,65.16,57.98,DCC-NOISE-001014-2013-02-09T00-00-00.txt,0
2013-12-13 13:52:00,64.06,64.96,62.74,64.91,66.32,62.77,DCC-NOISE-001003-2013-12-13T00-02-00.txt,1
2013-09-15 12:40:00,63.28,65.8,57.99,68.85,72.62,60.11,DCC-NOISE-001003-2013-09-15T00-00-00.txt,1
2013-12-27 13:07:00,64.3,66.97,60.02,70.93,76.79,64.19,DCC-NOISE-001003-2013-12-27T00-02-00.txt,1
2013-09-17 10:35:00,60.45,63.77,54.63,63.2,66.0,57.69,DCC-NOISE-001003-2013-09-17T00-00-00.txt,0
2013-12-05 06:17:00,68.59,75.12,57.05,78.96,86.29,62.64,DCC-NOISE-001003-2013-12-05T00-00-00.txt,1
2013-02-01 12:05:00,62.19,64.05,59.73,69.53,74.5,63.91,DCC-NOISE-001014-2013-02-01T00-00-00.txt,0
2013-01-25 14:30:00,64.54,67.44,59.57,75.47,81.55,65.38,DCC-NOISE-001014-2013-01-25T00-00-00.txt,1
2013-04-13 16:35:00,60.61,63.66,55.42,62.85,65.28,57.91,DCC-NOISE-001003-2013-04-13T00-00-00.txt,0
2013-01-26 17:50:00,61.22,63.86,57.99,67.62,71.68,61.76,DCC-NOISE-001014-2013-01-26T00-00-00.txt,0
2013-05-21 09:45:00,60.21,62.17,57.24,66.14,68.2,62.87,DCC-NOISE-001003-2013-05-21T00-00-00.txt,0
2013-05-13 10:50:00,67.17,72.7,60.53,71.95,76.85,65.21,DCC-NOISE-001003-2013-05-13T00-00-00.txt,1
2013-10-03 10:32:00,60.71,63.7,55.24,62.23,64.98,58.14,DCC-NOISE-001003-2013-10-03T00-00-00.txt,0
2013-01-27 13:05:00,61.11,63.23,57.91,68.38,74.1,62.02,DCC-NOISE-001014-2013-01-27T00-00-00.txt,0
2013-02-26 11:45:00,66.17,68.99,62.69,72.28,75.08,68.93,DCC-NOISE-001003-2013-02-26T00-00-00.txt,1
2013-10-25 11:36:00,57.99,60.67,54.14,62.57,65.21,58.28,DCC-NOISE-001003-2013-10-25T00-00-00.txt,0
2013-09-15 13:50:00,63.63,66.28,58.72,68.21,73.09,61.25,DCC-NOISE-001003-2013-09-15T00-00-00.txt,1
2013-06-04 23:10:00,52.91,58.56,41.52,55.46,60.24,45.07,DCC-NOISE-001003-2013-06-04T00-00-00.txt,0
2013-06-06 02:30:00,41.86,49.95,32.8,44.88,51.92,38.04,DCC-NOISE-001003-2013-06-06T00-00-00.txt,0
2013-11-16 06:57:00,53.03,57.19,47.81,56.68,59.94,50.78,DCC-NOISE-001003-2013-11-16T00-00-00.txt,0
2013-01-26 19:40:00,60.54,63.29,55.88,71.74,77.52,60.6,DCC-NOISE-001014-2013-01-26T00-00-00.txt,0
2013-12-19 14:58:00,63.75,65.18,61.09,65.12,66.99,61.96,DCC-NOISE-001003-2013-12-19T00-03-00.txt,1
2013-04-17 22:35:00,63.8,69.11,55.83,74.36,81.81,60.62,DCC-NOISE-001003-2013-04-17T00-00-00.txt,1
2013-03-30 19:20:00,70.2,72.24,67.59,69.29,71.18,66.7,DCC-NOISE-001003-2013-03-30T00-00-00.txt,1
2013-01-30 10:05:00,64.59,69.23,58.58,70.82,76.3,63.39,DCC-NOISE-001014-2013-01-30T00-00-00.txt,1
2013-01-26 16:30:00,60.47,62.56,56.69,66.57,70.44,61.16,DCC-NOISE-001014-2013-01-26T00-00-00.txt,0
2013-10-31 18:41:00,63.44,65.69,56.6,66.47,69.28,59.96,DCC-NOISE-001003-2013-10-31T00-00-00.txt,1
2013-09-20 11:15:00,64.92,68.16,57.52,69.92,73.29,62.09,DCC-NOISE-001003-2013-09-20T00-00-00.txt,1
2013-06-18 15:50:00,53.87,57.22,46.5,58.71,61.89,53.22,DCC-NOISE-001003-2013-06-18T00-00-00.txt,0
2013-12-24 11:15:00,63.74,65.47,60.76,69.52,75.05,63.04,DCC-NOISE-001003-2013-12-24T00-00-00.txt,1
2013-05-06 21:10:00,53.67,57.9,46.35,55.9,59.7,49.47,DCC-NOISE-001003-2013-05-06T00-00-00.txt,0
2013-10-11 07:21:00,56.16,59.62,50.54,59.56,62.49,54.14,DCC-NOISE-001003-2013-10-11T00-00-00.txt,0
2013-10-31 14:11:00,73.17,78.22,65.62,76.54,79.94,72.1,DCC-NOISE-001003-2013-10-31T00-00-00.txt,1
2013-12-21 14:03:00,64.06,66.0,60.9,66.02,68.84,61.59,DCC-NOISE-001003-2013-12-21T00-03-00.txt,1
2013-08-10 13:35:00,55.33,58.42,50.19,59.24,61.26,54.36,DCC-NOISE-001003-2013-08-10T00-00-00.txt,0
2013-04-01 14:15:00,60.34,63.15,55.21,62.26,64.44,57.5,DCC-NOISE-001003-2013-04-01T01-00-00.txt,0
2013-06-09 09:00:00,47.87,54.32,36.41,50.42,56.0,39.35,DCC-NOISE-001003-2013-06-09T00-00-00.txt,0
2013-05-06 13:55:00,70.64,72.3,68.32,69.63,71.2,67.31,DCC-NOISE-001003-2013-05-06T00-00-00.txt,1
2013-04-07 09:20:00,70.88,73.26,66.13,71.39,73.32,67.8,DCC-NOISE-001003-2013-04-07T00-00-00.txt,1
2013-07-23 15:15:00,64.21,68.08,53.3,64.6,67.87,57.74,DCC-NOISE-001003-2013-07-23T00-00-00.txt,1
2013-04-16 12:55:00,63.9,68.94,58.3,73.95,79.88,64.14,DCC-NOISE-001003-2013-04-16T00-00-00.txt,1
2013-12-27 07:52:00,65.19,68.38,57.33,74.06,79.24,62.59,DCC-NOISE-001003-2013-12-27T00-02-00.txt,1
2013-12-30 14:15:00,63.21,64.94,60.3,64.57,66.4,61.59,DCC-NOISE-001003-2013-12-30T00-00-00.txt,1
2013-10-29 11:26:00,63.52,61.64,54.77,65.51,65.84,59.07,DCC-NOISE-001003-2013-10-29T00-00-00.txt,1
2013-02-21 10:35:00,58.61,61.56,51.25,61.95,64.6,56.59,DCC-NOISE-001003-2013-02-21T00-00-00.txt,0
2013-04-30 14:10:00,64.77,61.18,50.56,67.0,65.16,56.13,DCC-NOISE-001003-2013-04-30T00-00-00.txt,1
2013-12-22 16:25:00,63.29,64.13,57.85,66.15,67.88,60.62,DCC-NOISE-001003-2013-12-22T00-00-00.txt,1
2013-03-21 11:10:00,64.56,65.73,56.42,68.14,70.72,61.06,DCC-NOISE-001003-2013-03-21T00-00-00.txt,1
2013-11-29 20:11:00,63.15,62.95,54.69,64.86,65.28,58.22,DCC-NOISE-001003-2013-11-29T00-00-00.txt,1
2013-11-19 12:06:00,72.8,81.53,55.71,75.14,83.76,60.01,DCC-NOISE-001003-2013-11-19T00-00-00.txt,1
2013-12-14 14:55:00,66.45,68.23,63.33,73.24,79.35,64.91,DCC-NOISE-001003-2013-12-14T00-00-00.txt,1
2013-06-21 15:45:00,65.74,74.44,48.77,66.97,73.95,53.63,DCC-NOISE-001003-2013-06-21T00-00-00.txt,1
2013-03-08 12:00:00,61.52,64.04,57.7,64.55,66.69,60.59,DCC-NOISE-001003-2013-03-08T00-00-00.txt,0
2013-11-05 22:37:00,54.6,58.33,49.98,57.21,60.66,52.98,DCC-NOISE-001003-2013-11-05T00-00-00.txt,0
2013-07-31 06:25:00,54.19,58.98,45.81,58.55,63.01,50.16,DCC-NOISE-001003-2013-07-31T00-00-00.txt,0
2013-03-13 07:30:00,61.62,63.82,59.06,64.12,65.8,61.82,DCC-NOISE-001003-2013-03-13T00-00-00.txt,0
2013-04-18 17:05:00,64.07,67.95,59.43,72.52,78.1,63.73,DCC-NOISE-001003-2013-04-18T00-00-00.txt,1
2013-03-20 13:45:00,63.12,65.11,56.26,66.83,68.96,58.58,DCC-NOISE-001003-2013-03-20T00-00-00.txt,1
2013-10-20 23:17:00,54.03,58.65,47.69,56.48,60.84,50.86,DCC-NOISE-001003-2013-10-20T00-00-00.txt,0
2013-04-29 12:30:00,67.32,73.04,55.77,68.96,73.68,60.19,DCC-NOISE-001003-2013-04-29T00-00-00.txt,1
2013-12-20 17:45:00,63.31,65.73,59.92,69.06,73.46,63.61,DCC-NOISE-001003-2013-12-20T00-00-00.txt,1
2013-01-29 17:30:00,61.13,62.83,58.32,65.79,68.19,62.04,DCC-NOISE-001014-2013-01-29T00-00-00.txt,0
2013-08-11 07:50:00,53.74,58.1,46.63,56.47,61.26,49.7,DCC-NOISE-001003-2013-08-11T00-00-00.txt,0
2013-03-21 23:35:00,63.73,67.17,55.36,71.12,75.95,60.36,DCC-NOISE-001003-2013-03-21T00-00-00.txt,1
2013-01-09 11:00:00,59.61,62.83,55.62,62.63,65.31,59.29,DCC-NOISE-001003-2013-01-09T00-00-00.txt,0
2013-12-22 16:00:00,62.06,64.27,57.84,64.07,66.21,60.19,DCC-NOISE-001003-2013-12-22T00-00-00.txt,0
2013-12-04 10:27:00,61.42,63.5,57.95,64.19,66.32,61.02,DCC-NOISE-001003-2013-12-04T00-00-00.txt,0
2013-03-13 07:20:00,61.23,63.04,59.22,64.36,66.11,62.53,DCC-NOISE-001003-2013-03-13T00-00-00.txt,0
2013-11-25 14:56:00,57.33,60.3,52.23,60.36,62.67,56.42,DCC-NOISE-001003-2013-11-25T00-00-00.txt,0
2013-04-03 12:05:00,65.31,69.07,58.07,65.26,67.98,61.32,DCC-NOISE-001003-2013-04-03T00-00-00.txt,1
2013-12-05 07:17:00,65.09,70.94,58.12,74.9,82.18,62.82,DCC-NOISE-001003-2013-12-05T00-00-00.txt,1
2013-06-17 09:05:00,64.33,62.53,54.32,65.22,65.48,58.27,DCC-NOISE-001003-2013-06-17T00-00-00.txt,1
2013-03-30 16:05:00,60.46,62.16,57.0,61.56,63.3,58.73,DCC-NOISE-001003-2013-03-30T00-00-00.txt,0
2013-08-15 05:35:00,54.54,58.59,48.96,58.74,62.75,53.45,DCC-NOISE-001003-2013-08-15T00-00-00.txt,0
2013-11-05 13:17:00,59.72,61.51,56.6,63.97,66.12,60.03,DCC-NOISE-001003-2013-11-05T00-00-00.txt,0
2013-11-11 20:46:00,63.56,68.07,54.35,67.5,72.45,56.83,DCC-NOISE-001003-2013-11-11T00-00-00.txt,1
2013-12-12 14:25:00,60.97,62.31,58.62,63.55,65.34,60.74,DCC-NOISE-001003-2013-12-12T00-00-00.txt,0
2013-01-25 20:25:00,60.68,63.72,56.13,62.49,65.26,58.75,DCC-NOISE-001014-2013-01-25T00-00-00.txt,0
2013-11-26 14:06:00,66.97,73.77,60.65,73.31,80.04,66.78,DCC-NOISE-001003-2013-11-26T00-00-00.txt,1
2013-04-17 08:25:00,60.33,62.27,56.71,69.37,73.89,62.06,DCC-NOISE-001003-2013-04-17T00-00-00.txt,0
2013-01-08 21:20:00,58.33,61.09,54.57,61.44,63.84,58.11,DCC-NOISE-001003-2013-01-08T00-00-00.txt,0
2013-12-04 10:17:00,62.08,64.14,59.02,64.86,66.78,62.1,DCC-NOISE-001003-2013-12-04T00-00-00.txt,0
2013-04-18 12:05:00,69.73,75.46,58.12,74.13,81.03,63.51,DCC-NOISE-001003-2013-04-18T00-00-00.txt,1
2013-03-23 13:00:00,64.79,67.72,60.13,64.95,67.48,60.67,DCC-NOISE-001003-2013-03-23T00-00-00.txt,1
2013-07-22 01:50:00,44.04,53.09,35.73,47.28,54.65,41.83,DCC-NOISE-001003-2013-07-22T00-00-00.txt,0
2013-04-26 22:25:00,57.79,60.87,52.78,61.67,64.38,56.37,DCC-NOISE-001003-2013-04-26T00-00-00.txt,0
2013-03-14 11:10:00,72.11,78.24,56.17,77.67,83.19,66.19,DCC-NOISE-001003-2013-03-14T00-00-00.txt,1
2013-11-29 09:51:00,60.91,63.02,56.8,63.82,66.04,60.1,DCC-NOISE-001003-2013-11-29T00-00-00.txt,0
2013-11-13 16:56:00,60.91,62.61,57.77,65.89,68.77,61.22,DCC-NOISE-001003-2013-11-13T00-00-00.txt,0
2013-05-26 14:15:00,57.12,59.88,51.78,62.39,66.06,55.97,DCC-NOISE-001003-2013-05-26T00-00-00.txt,0
2013-10-05 10:32:00,56.83,59.61,52.35,60.54,63.41,55.35,DCC-NOISE-001003-2013-10-05T00-00-00.txt,0
2013-02-08 02:35:00,51.05,55.92,43.69,54.0,58.58,48.34,DCC-NOISE-001014-2013-02-08T00-00-00.txt,0
2013-05-24 08:20:00,60.32,63.14,54.13,63.87,66.72,58.9,DCC-NOISE-001003-2013-05-24T00-00-00.txt,0
2013-12-14 10:40:00,64.45,67.41,60.24,72.55,77.98,64.21,DCC-NOISE-001003-2013-12-14T00-00-00.txt,1
2013-02-17 03:25:00,52.67,58.51,44.53,58.83,63.62,50.17,DCC-NOISE-001014-2013-02-17T00-00-00.txt,0
2013-12-13 13:47:00,63.07,64.5,60.88,64.22,66.0,61.66,DCC-NOISE-001003-2013-12-13T00-02-00.txt,1
2013-12-27 01:57:00,63.61,68.12,54.48,72.16,78.52,59.61,DCC-NOISE-001003-2013-12-27T00-02-00.txt,1
2013-03-25 14:10:00,69.81,74.31,63.68,75.61,79.89,70.32,DCC-NOISE-001003-2013-03-25T00-00-00.txt,1
2013-03-24 15:15:00,62.38,63.99,59.14,63.72,65.28,60.62,DCC-NOISE-001003-2013-03-24T00-00-00.txt,0
2013-02-13 17:50:00,60.78,63.04,57.29,64.48,66.89,60.94,DCC-NOISE-001014-2013-02-13T00-00-00.txt,0
2013-05-13 09:35:00,72.08,79.35,61.13,77.8,84.71,66.85,DCC-NOISE-001003-2013-05-13T00-00-00.txt,1
2013-09-25 03:46:00,37.12,42.4,30.63,40.37,46.1,34.91,DCC-NOISE-001003-2013-09-25T00-00-00.txt,0
2013-06-07 17:25:00,63.1,68.52,55.69,63.56,67.63,56.97,DCC-NOISE-001003-2013-06-07T00-00-00.txt,1
2013-04-28 15:55:00,71.52,73.46,68.7,71.3,73.4,67.98,DCC-NOISE-001003-2013-04-28T00-00-00.txt,1
2013-01-25 00:50:00,52.95,60.0,44.83,56.49,62.17,48.65,DCC-NOISE-001014-2013-01-25T00-00-00.txt,0
2013-06-13 01:00:00,49.64,56.62,39.25,52.99,58.86,44.6,DCC-NOISE-001003-2013-06-13T00-00-00.txt,0
2013-04-18 14:20:00,64.96,64.98,59.2,69.79,76.64,62.29,DCC-NOISE-001003-2013-04-18T00-00-00.txt,1
2013-03-29 10:35:00,63.68,67.81,55.06,63.89,67.51,56.32,DCC-NOISE-001003-2013-03-29T00-00-00.txt,1
2013-12-07 16:57:00,59.03,62.11,54.74,62.02,65.01,57.69,DCC-NOISE-001003-2013-12-07T00-02-00.txt,0
2013-04-17 20:25:00,61.28,64.0,55.44,69.77,74.81,60.16,DCC-NOISE-001003-2013-04-17T00-00-00.txt,0
2013-09-07 11:20:00,63.08,62.9,56.16,64.64,66.19,58.91,DCC-NOISE-001003-2013-09-07T00-00-00.txt,1
2013-12-26 20:50:00,63.1,66.18,56.78,71.38,76.68,62.4,DCC-NOISE-001003-2013-12-26T00-00-00.txt,1
2013-04-09 12:30:00,64.11,65.67,61.29,71.63,73.39,69.03,DCC-NOISE-001003-2013-04-09T00-00-00.txt,1
2013-03-20 08:55:00,64.35,69.78,55.35,68.66,73.2,60.93,DCC-NOISE-001003-2013-03-20T00-00-00.txt,1
2013-06-19 16:00:00,54.34,57.44,48.74,60.1,63.91,53.66,DCC-NOISE-001003-2013-06-19T00-00-00.txt,0
2013-06-11 14:00:00,64.78,70.74,56.4,71.54,77.03,63.16,DCC-NOISE-001003-2013-06-11T00-00-00.txt,1
2013-03-23 16:20:00,63.36,66.19,55.09,64.07,66.27,58.65,DCC-NOISE-001003-2013-03-23T00-00-00.txt,1
2013-04-15 09:10:00,63.1,67.59,56.66,66.16,70.13,60.74,DCC-NOISE-001003-2013-04-15T00-00-00.txt,1
2013-06-13 05:10:00,49.69,55.83,42.03,51.56,57.22,44.75,DCC-NOISE-001003-2013-06-13T00-00-00.txt,0
2013-01-28 11:50:00,66.04,70.94,57.78,78.64,85.29,65.11,DCC-NOISE-001014-2013-01-28T00-00-00.txt,1
2013-07-28 07:55:00,46.46,52.95,36.8,48.91,55.28,40.61,DCC-NOISE-001003-2013-07-28T00-00-00.txt,0
2013-01-30 14:05:00,64.83,66.43,57.89,71.68,77.9,63.0,DCC-NOISE-001014-2013-01-30T00-00-00.txt,1
2013-12-02 13:37:00,63.21,64.85,61.05,64.02,66.4,60.86,DCC-NOISE-001003-2013-12-02T00-00-00.txt,1
2013-09-20 08:20:00,57.88,60.6,53.37,61.78,64.02,57.79,DCC-NOISE-001003-2013-09-20T00-00-00.txt,0
2013-01-08 14:05:00,72.91,74.44,70.62,71.66,73.1,69.45,DCC-NOISE-001003-2013-01-08T00-00-00.txt,1
2013-03-14 19:25:00,60.62,63.06,55.82,64.54,67.97,59.51,DCC-NOISE-001003-2013-03-14T00-00-00.txt,0
2013-04-17 21:35:00,64.97,69.1,57.08,71.86,75.87,61.94,DCC-NOISE-001003-2013-04-17T00-00-00.txt,1
2013-12-24 16:20:00,63.43,65.86,59.14,64.89,66.83,61.54,DCC-NOISE-001003-2013-12-24T00-00-00.txt,1
2013-03-30 15:00:00,63.28,66.61,57.93,63.3,66.32,58.25,DCC-NOISE-001003-2013-03-30T00-00-00.txt,1
2013-11-22 20:46:00,63.31,65.33,54.41,64.56,66.57,56.97,DCC-NOISE-001003-2013-11-22T00-00-00.txt,1
2013-03-30 19:15:00,70.73,72.43,68.35,69.95,71.69,67.34,DCC-NOISE-001003-2013-03-30T00-00-00.txt,1
2013-09-25 10:51:00,64.65,70.94,54.27,69.23,75.98,58.27,DCC-NOISE-001003-2013-09-25T00-00-00.txt,1
2013-04-24 17:45:00,63.32,65.39,60.13,63.84,65.87,60.59,DCC-NOISE-001003-2013-04-24T00-00-00.txt,1
2013-04-18 11:25:00,62.31,66.97,57.36,71.8,78.39,63.56,DCC-NOISE-001003-2013-04-18T00-00-00.txt,0
2013-11-20 19:16:00,58.93,61.12,56.01,62.67,64.83,59.62,DCC-NOISE-001003-2013-11-20T00-00-00.txt,0
2013-01-10 18:25:00,60.91,63.22,56.39,63.6,66.1,59.95,DCC-NOISE-001003-2013-01-10T00-00-00.txt,0
2013-09-15 13:05:00,63.18,67.34,58.79,67.1,70.68,61.32,DCC-NOISE-001003-2013-09-15T00-00-00.txt,1
2013-08-02 10:40:00,69.72,76.17,58.65,76.1,81.76,65.51,DCC-NOISE-001003-2013-08-02T00-00-00.txt,1
2013-05-18 09:20:00,56.37,59.33,50.66,61.53,66.67,56.03,DCC-NOISE-001003-2013-05-18T00-00-00.txt,0
2013-11-12 06:21:00,56.35,59.29,52.86,59.37,62.52,56.22,DCC-NOISE-001003-2013-11-12T00-00-00.txt,0
2013-10-31 14:06:00,75.68,79.5,69.79,79.07,81.56,75.79,DCC-NOISE-001003-2013-10-31T00-00-00.txt,1
2013-04-17 19:10:00,64.89,68.58,59.57,74.94,81.48,64.17,DCC-NOISE-001003-2013-04-17T00-00-00.txt,1
2013-12-14 15:40:00,64.21,67.13,60.1,71.23,76.65,63.76,DCC-NOISE-001003-2013-12-14T00-00-00.txt,1
2013-04-29 09:05:00,63.77,66.24,55.16,66.97,71.19,59.78,DCC-NOISE-001003-2013-04-29T00-00-00.txt,1
2013-12-27 13:17:00,63.57,66.01,60.1,69.41,74.63,63.62,DCC-NOISE-001003-2013-12-27T00-02-00.txt,1
2013-08-18 14:40:00,72.68,75.98,63.05,77.66,81.31,65.89,DCC-NOISE-001003-2013-08-18T00-00-00.txt,1
2013-04-02 23:25:00,53.17,58.44,45.15,55.74,60.41,48.3,DCC-NOISE-001003-2013-04-02T00-00-00.txt,0
2013-11-11 19:01:00,57.99,60.94,54.58,61.11,64.0,58.14,DCC-NOISE-001003-2013-11-11T00-00-00.txt,0
2013-03-20 15:20:00,64.59,70.27,56.21,68.02,74.95,61.41,DCC-NOISE-001003-2013-03-20T00-00-00.txt,1
2013-06-22 04:05:00,52.1,56.53,44.87,54.22,58.71,47.99,DCC-NOISE-001003-2013-06-22T00-00-00.txt,0
2013-06-17 08:30:00,59.57,62.89,52.63,63.05,66.6,57.87,DCC-NOISE-001003-2013-06-17T00-00-00.txt,0
2013-02-13 10:10:00,61.0,63.97,57.12,64.59,67.39,60.95,DCC-NOISE-001014-2013-02-13T00-00-00.txt,0
2013-09-24 10:25:00,67.92,70.07,64.09,72.94,74.96,69.7,DCC-NOISE-001003-2013-09-24T00-00-00.txt,1
2013-05-11 22:50:00,56.45,60.07,50.83,59.22,62.14,54.15,DCC-NOISE-001003-2013-05-11T00-00-00.txt,0
2013-09-24 11:00:00,60.57,63.01,56.63,66.18,68.87,61.95,DCC-NOISE-001003-2013-09-24T00-00-00.txt,0
2013-12-10 11:00:00,59.11,61.97,53.96,66.12,71.79,58.02,DCC-NOISE-001003-2013-12-10T00-00-00.txt,0
2013-08-15 13:20:00,61.79,64.35,58.37,64.23,66.13,61.21,DCC-NOISE-001003-2013-08-15T00-00-00.txt,0
2013-12-14 15:15:00,65.33,67.79,61.9,72.74,78.36,65.25,DCC-NOISE-001003-2013-12-14T00-00-00.txt,1
2013-12-14 09:40:00,63.35,65.25,57.91,70.92,76.85,61.54,DCC-NOISE-001003-2013-12-14T00-00-00.txt,1
2013-10-28 17:21:00,57.97,60.11,55.25,60.92,63.08,58.52,DCC-NOISE-001003-2013-10-28T00-00-00.txt,0
2013-01-18 03:36:00,67.0,75.83,50.41,72.64,80.87,57.07,DCC-NOISE-001003-2013-01-18T00-00-00.txt,1
2013-03-19 12:55:00,66.23,68.46,60.25,70.79,74.01,63.92,DCC-NOISE-001003-2013-03-19T00-00-00.txt,1
2013-05-02 19:15:00,57.5,60.01,53.83,61.39,64.06,57.43,DCC-NOISE-001003-2013-05-02T00-00-00.txt,0
2013-12-05 06:07:00,65.84,72.57,57.03,76.43,83.59,62.67,DCC-NOISE-001003-2013-12-05T00-00-00.txt,1
2013-09-20 10:35:00,64.47,67.27,58.19,70.61,73.65,64.21,DCC-NOISE-001003-2013-09-20T00-00-00.txt,1
2013-03-17 15:55:00,63.59,64.71,53.07,64.23,65.45,55.26,DCC-NOISE-001003-2013-03-17T00-00-00.txt,1
2013-12-27 02:12:00,63.52,68.86,53.83,73.38,80.83,59.06,DCC-NOISE-001003-2013-12-27T00-02-00.txt,1
2013-08-06 18:45:00,55.19,58.6,49.26,58.73,61.42,53.42,DCC-NOISE-001003-2013-08-06T00-00-00.txt,0
2013-05-31 14:10:00,56.18,58.93,50.32,59.56,61.85,55.25,DCC-NOISE-001003-2013-05-31T00-00-00.txt,0
2013-04-16 12:10:00,68.76,75.43,57.84,79.78,87.84,61.7,DCC-NOISE-001003-2013-04-16T00-00-00.txt,1
2013-08-01 00:55:00,45.74,50.63,40.61,49.08,53.67,45.23,DCC-NOISE-001003-2013-08-01T00-00-00.txt,0
2013-03-23 16:25:00,64.46,66.44,61.62,64.59,66.61,61.27,DCC-NOISE-001003-2013-03-23T00-00-00.txt,1
2013-03-20 12:35:00,66.95,68.59,64.94,70.48,72.63,68.35,DCC-NOISE-001003-2013-03-20T00-00-00.txt,1
2013-02-07 11:30:00,60.94,64.4,55.8,63.34,66.4,58.62,DCC-NOISE-001014-2013-02-07T00-00-00.txt,0
2013-12-06 15:15:00,63.97,65.23,62.1,65.14,67.01,62.61,DCC-NOISE-001003-2013-12-06T14-40-00.txt,1
2013-08-12 09:20:00,64.39,71.58,53.41,69.48,76.71,56.98,DCC-NOISE-001003-2013-08-12T00-00-00.txt,1
2013-01-27 13:55:00,64.71,67.18,60.42,72.93,79.33,63.16,DCC-NOISE-001014-2013-01-27T00-00-00.txt,1
2013-12-21 15:18:00,64.48,66.89,59.46,66.29,69.0,62.64,DCC-NOISE-001003-2013-12-21T00-03-00.txt,1
2013-01-13 13:21:00,60.77,63.57,55.25,63.11,65.55,58.59,DCC-NOISE-001003-2013-01-13T00-00-00.txt,0
2013-03-07 15:35:00,63.6,65.54,60.64,64.54,66.3,61.36,DCC-NOISE-001003-2013-03-07T00-00-00.txt,1
2013-01-30 12:15:00,63.88,66.2,60.44,72.07,78.22,64.93,DCC-NOISE-001014-2013-01-30T00-00-00.txt,1
2013-03-06 15:15:00,64.48,66.48,61.13,65.44,67.07,60.96,DCC-NOISE-001003-2013-03-06T00-00-00.txt,1
2013-10-02 09:42:00,57.27,60.77,52.27,61.87,64.63,58.16,DCC-NOISE-001003-2013-10-02T00-00-00.txt,0
2013-07-08 17:50:00,53.6,57.33,44.96,58.51,61.72,50.68,DCC-NOISE-001003-2013-07-08T00-00-00.txt,0
2013-02-05 16:40:00,60.45,62.93,57.37,64.52,67.28,61.1,DCC-NOISE-001014-2013-02-05T00-00-00.txt,0
2013-01-25 21:35:00,60.18,62.8,56.41,63.83,66.84,59.74,DCC-NOISE-001014-2013-01-25T00-00-00.txt,0
2013-07-25 17:20:00,55.2,59.31,44.88,59.06,63.54,51.35,DCC-NOISE-001003-2013-07-25T00-00-00.txt,0
2013-12-14 11:30:00,64.82,67.03,61.23,71.87,77.13,65.0,DCC-NOISE-001003-2013-12-14T00-00-00.txt,1
2013-01-25 14:20:00,67.46,70.81,61.84,78.89,85.02,68.3,DCC-NOISE-001014-2013-01-25T00-00-00.txt,1
2013-04-18 15:25:00,66.21,71.9,58.88,76.18,83.44,63.56,DCC-NOISE-001003-2013-04-18T00-00-00.txt,1
2013-01-04 02:35:00,43.24,46.83,38.33,46.24,49.13,42.61,DCC-NOISE-001003-2013-01-04T00-00-00.txt,0
2013-05-12 13:15:00,60.63,63.28,56.07,64.85,68.32,58.65,DCC-NOISE-001003-2013-05-12T00-00-00.txt,0
2013-11-04 07:12:00,60.63,62.29,58.78,63.3,64.77,61.24,DCC-NOISE-001003-2013-11-04T00-00-00.txt,0
2013-08-15 05:30:00,55.15,59.68,48.68,58.64,62.24,53.35,DCC-NOISE-001003-2013-08-15T00-00-00.txt,0
2013-02-14 16:35:00,66.01,62.34,54.7,67.62,67.15,58.83,DCC-NOISE-001014-2013-02-14T00-00-00.txt,1
2013-08-15 02:50:00,48.74,54.2,42.11,51.1,56.01,45.85,DCC-NOISE-001003-2013-08-15T00-00-00.txt,0
2013-01-28 10:15:00,63.43,66.21,57.93,71.95,77.16,62.85,DCC-NOISE-001014-2013-01-28T00-00-00.txt,1
2013-11-13 18:31:00,60.71,63.21,57.61,63.34,65.48,60.49,DCC-NOISE-001003-2013-11-13T00-00-00.txt,0
2013-09-28 08:06:00,53.44,57.68,45.52,57.34,61.31,49.28,DCC-NOISE-001003-2013-09-28T00-00-00.txt,0
2013-04-18 00:45:00,63.14,66.84,58.05,71.14,77.51,63.59,DCC-NOISE-001003-2013-04-18T00-00-00.txt,1
2013-05-21 20:30:00,65.08,67.81,55.71,66.62,69.24,59.23,DCC-NOISE-001003-2013-05-21T00-00-00.txt,1
2013-03-20 10:40:00,67.33,69.0,65.1,70.86,72.41,68.95,DCC-NOISE-001003-2013-03-20T00-00-00.txt,1
2013-03-28 13:40:00,63.52,66.51,59.08,64.24,66.47,60.45,DCC-NOISE-001003-2013-03-28T00-00-00.txt,1
2013-08-18 12:15:00,80.69,89.08,52.92,85.54,93.87,58.77,DCC-NOISE-001003-2013-08-18T00-00-00.txt,1
2013-02-13 19:30:00,61.1,64.36,57.27,64.06,66.94,60.15,DCC-NOISE-001014-2013-02-13T00-00-00.txt,0
2013-05-13 09:20:00,65.31,71.23,59.55,70.94,76.95,64.36,DCC-NOISE-001003-2013-05-13T00-00-00.txt,1
2013-12-21 14:43:00,65.59,67.38,63.13,66.74,68.87,63.72,DCC-NOISE-001003-2013-12-21T00-03-00.txt,1
2013-11-18 13:07:00,67.14,68.54,65.1,66.59,67.92,64.64,DCC-NOISE-001003-2013-11-18T00-00-00.txt,1
2013-04-07 14:25:00,57.63,60.71,52.17,60.91,63.62,55.81,DCC-NOISE-001003-2013-04-07T00-00-00.txt,0
2013-07-26 07:50:00,55.06,59.12,46.89,59.42,63.09,52.95,DCC-NOISE-001003-2013-07-26T00-00-00.txt,0
2013-12-22 09:30:00,61.12,63.65,57.37,64.81,69.54,58.78,DCC-NOISE-001003-2013-12-22T00-00-00.txt,0
2013-01-31 09:35:00,60.26,62.98,56.84,64.42,66.82,61.25,DCC-NOISE-001014-2013-01-31T00-00-00.txt,0
2013-03-23 12:35:00,60.42,63.35,54.71,62.03,64.55,56.68,DCC-NOISE-001003-2013-03-23T00-00-00.txt,0
2013-04-01 23:15:00,53.89,58.0,46.66,56.73,60.88,49.87,DCC-NOISE-001003-2013-04-01T01-00-00.txt,0
2013-10-01 23:57:00,52.43,58.74,44.54,54.14,59.73,47.68,DCC-NOISE-001003-2013-10-01T00-00-00.txt,0
2013-09-04 23:20:00,63.29,66.59,57.64,65.92,69.36,60.16,DCC-NOISE-001003-2013-09-04T00-00-00.txt,1
2013-01-18 09:06:00,64.51,69.38,57.22,69.67,76.12,61.54,DCC-NOISE-001003-2013-01-18T00-00-00.txt,1
2013-12-14 13:25:00,66.34,69.42,61.08,75.73,82.42,64.54,DCC-NOISE-001003-2013-12-14T00-00-00.txt,1
2013-04-19 07:35:00,63.22,65.31,58.04,65.59,68.28,61.13,DCC-NOISE-001003-2013-04-19T00-00-00.txt,1
2013-03-06 15:55:00,63.32,65.26,60.02,63.56,65.32,60.34,DCC-NOISE-001003-2013-03-06T00-00-00.txt,1
2013-03-21 04:45:00,47.31,50.95,41.71,53.12,59.01,44.99,DCC-NOISE-001003-2013-03-21T00-00-00.txt,0
2013-12-05 05:52:00,64.29,70.76,56.13,74.27,82.02,61.36,DCC-NOISE-001003-2013-12-05T00-00-00.txt,1
2013-01-18 15:31:00,61.35,64.79,56.58,64.52,67.06,60.67,DCC-NOISE-001003-2013-01-18T00-00-00.txt,0
2013-12-05 10:42:00,66.27,71.82,58.34,76.38,83.69,63.01,DCC-NOISE-001003-2013-12-05T00-00-00.txt,1
2013-08-29 11:20:00,64.15,66.76,59.18,70.12,72.86,66.24,DCC-NOISE-001003-2013-08-29T00-00-00.txt,1
2013-05-05 16:20:00,70.27,72.27,67.17,69.2,71.14,66.05,DCC-NOISE-001003-2013-05-05T00-00-00.txt,1
2013-05-10 14:15:00,69.44,71.8,66.58,69.7,72.04,66.84,DCC-NOISE-001003-2013-05-10T00-00-00.txt,1
2013-01-18 17:26:00,60.87,63.87,55.03,63.28,65.2,58.02,DCC-NOISE-001003-2013-01-18T00-00-00.txt,0
2013-04-03 14:10:00,65.09,67.77,61.21,64.97,67.15,61.46,DCC-NOISE-001003-2013-04-03T00-00-00.txt,1
2013-01-18 07:31:00,63.65,68.62,55.92,67.9,73.38,59.86,DCC-NOISE-001003-2013-01-18T00-00-00.txt,1
2013-12-18 16:15:00,65.3,67.88,61.08,70.5,74.35,63.81,DCC-NOISE-001003-2013-12-18T00-00-00.txt,1
2013-05-17 05:20:00,63.77,70.38,47.44,63.27,69.3,50.5,DCC-NOISE-001003-2013-05-17T00-00-00.txt,1
2013-03-28 14:00:00,62.15,65.38,57.74,63.28,66.04,59.5,DCC-NOISE-001003-2013-03-28T00-00-00.txt,0
2013-09-24 10:20:00,65.99,70.85,51.3,70.45,75.33,54.22,DCC-NOISE-001003-2013-09-24T00-00-00.txt,1
2013-01-08 12:10:00,73.04,74.35,70.92,71.84,73.16,69.68,DCC-NOISE-001003-2013-01-08T00-00-00.txt,1
2013-12-19 09:28:00,60.93,63.33,57.38,64.0,66.26,60.86,DCC-NOISE-001003-2013-12-19T00-03-00.txt,0
2013-01-29 14:40:00,60.69,62.66,57.49,68.61,73.9,62.11,DCC-NOISE-001014-2013-01-29T00-00-00.txt,0
2013-12-19 20:53:00,60.39,62.95,56.53,63.74,66.46,59.67,DCC-NOISE-001003-2013-12-19T00-03-00.txt,0
2013-05-23 01:00:00,49.78,54.21,44.58,52.22,56.21,47.85,DCC-NOISE-001003-2013-05-23T00-00-00.txt,0
2013-11-26 14:01:00,65.42,69.44,60.25,71.57,76.08,66.13,DCC-NOISE-001003-2013-11-26T00-00-00.txt,1
2013-07-20 20:10:00,52.92,58.01,45.43,57.72,62.02,49.16,DCC-NOISE-001003-2013-07-20T00-00-00.txt,0
2013-04-17 19:35:00,63.09,66.88,57.85,72.67,80.22,61.53,DCC-NOISE-001003-2013-04-17T00-00-00.txt,1
2013-11-01 15:37:00,57.35,60.07,53.26,61.24,64.15,56.93,DCC-NOISE-001003-2013-11-01T00-00-00.txt,0
2013-03-20 19:00:00,57.47,60.5,52.38,60.93,63.6,56.88,DCC-NOISE-001003-2013-03-20T00-00-00.txt,0
2013-12-23 12:37:00,64.04,64.21,58.42,66.48,68.55,61.83,DCC-NOISE-001003-2013-12-23T00-02-00.txt,1
2013-11-07 21:36:00,57.29,60.1,52.43,59.48,61.84,55.57,DCC-NOISE-001003-2013-11-07T00-00-00.txt,0
2013-04-22 15:00:00,60.44,63.29,56.11,69.35,75.18,60.52,DCC-NOISE-001003-2013-04-22T00-00-00.txt,0
2013-12-24 00:10:00,63.25,68.53,56.31,72.04,79.41,60.78,DCC-NOISE-001003-2013-12-24T00-00-00.txt,1
2013-11-09 04:01:00,52.14,57.42,45.56,54.59,59.36,49.28,DCC-NOISE-001003-2013-11-09T00-00-00.txt,0
2013-12-06 10:11:00,60.2,62.35,57.11,63.44,65.55,60.59,DCC-NOISE-001003-2013-12-06T00-00-00.txt,0
2013-12-04 03:32:00,49.43,55.62,43.87,52.31,57.02,48.3,DCC-NOISE-001003-2013-12-04T00-00-00.txt,0
2013-02-23 13:40:00,61.02,62.6,57.89,63.55,65.73,59.58,DCC-NOISE-001003-2013-02-23T00-00-00.txt,0
2013-12-20 21:35:00,64.31,66.66,59.82,68.89,72.58,63.93,DCC-NOISE-001003-2013-12-20T00-00-00.txt,1
2013-04-18 16:05:00,63.66,67.82,58.21,72.57,79.09,63.17,DCC-NOISE-001003-2013-04-18T00-00-00.txt,1
2013-02-25 14:25:00,65.06,61.38,50.15,66.51,65.62,55.81,DCC-NOISE-001003-2013-02-25T00-00-00.txt,1
2013-11-30 11:42:00,60.36,63.24,55.27,64.4,68.04,59.39,DCC-NOISE-001003-2013-11-30T00-00-00.txt,0
2013-11-07 19:11:00,59.16,61.3,56.4,62.63,64.66,59.48,DCC-NOISE-001003-2013-11-07T00-00-00.txt,0
2013-12-31 14:42:00,64.53,66.24,61.43,66.27,68.75,62.88,DCC-NOISE-001003-2013-12-31T00-02-00.txt,1
2013-10-31 11:51:00,79.62,82.62,74.79,80.7,83.21,76.91,DCC-NOISE-001003-2013-10-31T00-00-00.txt,1
2013-08-02 13:15:00,65.44,71.53,55.23,66.78,71.78,59.3,DCC-NOISE-001003-2013-08-02T00-00-00.txt,1
2013-12-16 14:05:00,62.44,63.78,60.11,64.63,66.91,61.23,DCC-NOISE-001003-2013-12-16T00-00-00.txt,0
2013-01-25 12:35:00,63.37,64.41,57.82,66.71,70.15,61.31,DCC-NOISE-001014-2013-01-25T00-00-00.txt,1
2013-12-05 07:12:00,64.43,69.27,58.19,73.71,80.75,63.01,DCC-NOISE-001003-2013-12-05T00-00-00.txt,1
2013-03-20 08:05:00,59.52,63.63,52.88,61.78,65.41,56.23,DCC-NOISE-001003-2013-03-20T00-00-00.txt,0
2013-01-25 15:00:00,61.17,63.38,57.49,66.7,70.63,61.23,DCC-NOISE-001014-2013-01-25T00-00-00.txt,0
2013-05-09 19:05:00,61.95,65.24,57.83,67.41,71.28,61.66,DCC-NOISE-001003-2013-05-09T00-00-00.txt,0
2013-04-05 14:35:00,62.43,65.48,57.68,63.53,66.16,59.59,DCC-NOISE-001003-2013-04-05T00-00-00.txt,0
2013-03-21 10:00:00,61.8,64.11,56.52,66.25,68.89,60.72,DCC-NOISE-001003-2013-03-21T00-00-00.txt,0
2013-09-24 12:40:00,54.75,58.32,47.74,58.59,61.58,52.55,DCC-NOISE-001003-2013-09-24T00-00-00.txt,0
2013-03-25 01:20:00,52.96,60.21,42.25,55.92,61.51,46.93,DCC-NOISE-001003-2013-03-25T00-00-00.txt,0
2013-10-31 19:51:00,63.08,63.66,56.68,66.17,67.14,60.06,DCC-NOISE-001003-2013-10-31T00-00-00.txt,1
2013-08-02 11:10:00,65.02,69.26,60.68,71.55,75.03,66.77,DCC-NOISE-001003-2013-08-02T00-00-00.txt,1
2013-01-30 10:55:00,69.96,76.34,62.67,82.23,90.58,68.34,DCC-NOISE-001014-2013-01-30T00-00-00.txt,1
2013-06-06 09:20:00,70.99,78.63,61.07,76.96,84.56,67.68,DCC-NOISE-001003-2013-06-06T00-00-00.txt,1
2013-11-06 14:17:00,59.08,61.35,54.48,62.31,64.12,58.02,DCC-NOISE-001003-2013-11-06T00-00-00.txt,0
2013-09-24 10:55:00,63.74,68.54,54.43,68.35,73.28,59.73,DCC-NOISE-001003-2013-09-24T00-00-00.txt,1
2013-12-24 13:40:00,65.73,68.89,58.7,73.78,80.3,62.45,DCC-NOISE-001003-2013-12-24T00-00-00.txt,1
2013-12-18 17:00:00,67.32,70.42,60.86,73.08,78.94,65.49,DCC-NOISE-001003-2013-12-18T00-00-00.txt,1
2013-05-31 14:55:00,63.49,65.44,52.97,65.05,67.5,57.61,DCC-NOISE-001003-2013-05-31T00-00-00.txt,1
2013-09-22 02:25:00,52.38,57.24,44.62,54.69,59.2,47.28,DCC-NOISE-001003-2013-09-22T00-00-00.txt,0
2013-01-08 17:00:00,71.04,73.53,59.02,70.15,72.39,61.96,DCC-NOISE-001003-2013-01-08T00-00-00.txt,1
2013-12-26 21:25:00,68.72,75.5,60.43,77.69,84.87,65.51,DCC-NOISE-001003-2013-12-26T00-00-00.txt,1
2013-12-27 12:47:00,64.32,66.83,61.41,69.6,73.51,64.22,DCC-NOISE-001003-2013-12-27T00-02-00.txt,1
2013-02-04 12:35:00,64.39,69.04,58.18,76.07,83.06,64.28,DCC-NOISE-001014-2013-02-04T00-00-00.txt,1
2013-03-21 18:55:00,63.58,66.61,57.03,69.36,74.32,61.76,DCC-NOISE-001003-2013-03-21T00-00-00.txt,1
2013-01-29 11:55:00,68.55,70.78,61.93,69.52,71.5,64.64,DCC-NOISE-001014-2013-01-29T00-00-00.txt,1
2013-01-18 04:46:00,69.34,78.64,49.49,74.72,83.29,56.42,DCC-NOISE-001003-2013-01-18T00-00-00.txt,1
2013-12-07 13:32:00,62.37,63.95,60.3,63.4,65.33,60.6,DCC-NOISE-001003-2013-12-07T00-02-00.txt,0
2013-06-21 23:10:00,54.87,58.15,49.97,57.6,59.92,52.74,DCC-NOISE-001003-2013-06-21T00-00-00.txt,0
2013-01-02 12:05:00,60.4,62.77,56.44,64.96,68.0,59.92,DCC-NOISE-001003-2013-01-02T00-00-00.txt,0
2013-03-31 10:35:00,57.74,61.14,52.09,61.2,64.47,55.61,DCC-NOISE-001003-2013-03-31T00-00-00.txt,0
2013-10-26 15:56:00,60.31,62.6,56.62,63.79,67.13,59.92,DCC-NOISE-001003-2013-10-26T00-00-00.txt,0
2013-06-25 01:50:00,47.46,54.71,36.8,49.31,55.29,41.67,DCC-NOISE-001003-2013-06-25T00-00-00.txt,0
2013-11-02 14:52:00,62.01,63.88,58.44,66.0,68.35,60.83,DCC-NOISE-001003-2013-11-02T00-00-00.txt,0
2013-07-15 05:00:00,46.35,51.84,39.66,49.26,53.8,43.14,DCC-NOISE-001003-2013-07-15T00-00-00.txt,0
2013-11-02 13:22:00,61.18,63.79,57.18,64.79,67.47,60.62,DCC-NOISE-001003-2013-11-02T00-00-00.txt,0
2013-02-09 14:10:00,62.51,64.97,55.58,65.03,68.21,58.48,DCC-NOISE-001014-2013-02-09T00-00-00.txt,0
2013-12-01 15:12:00,64.14,65.84,60.64,63.84,65.28,60.55,DCC-NOISE-001003-2013-12-01T00-00-00.txt,1
2013-04-16 13:00:00,63.55,69.6,55.89,74.41,82.21,61.23,DCC-NOISE-001003-2013-04-16T00-00-00.txt,1
2013-01-28 11:25:00,64.69,69.4,57.98,75.82,83.23,65.09,DCC-NOISE-001014-2013-01-28T00-00-00.txt,1
2013-01-16 13:01:00,63.78,64.78,55.53,65.27,66.43,57.96,DCC-NOISE-001003-2013-01-16T00-00-00.txt,1
2013-06-23 15:20:00,60.26,62.37,56.83,62.97,65.71,59.37,DCC-NOISE-001003-2013-06-23T00-00-00.txt,0
2013-01-12 12:26:00,58.11,61.43,51.29,60.98,63.89,55.09,DCC-NOISE-001003-2013-01-12T00-00-00.txt,0
2013-06-14 19:40:00,59.45,61.79,55.4,62.38,65.27,57.91,DCC-NOISE-001003-2013-06-14T00-00-00.txt,0
2013-09-26 20:36:00,54.82,59.66,48.52,58.33,62.1,52.41,DCC-NOISE-001003-2013-09-26T00-00-00.txt,0
2013-04-18 04:00:00,58.54,63.7,49.64,69.03,75.7,56.57,DCC-NOISE-001003-2013-04-18T00-00-00.txt,0
2013-12-07 17:52:00,58.83,61.49,54.82,61.46,63.78,57.69,DCC-NOISE-001003-2013-12-07T00-02-00.txt,0
2013-07-27 13:35:00,56.54,59.38,50.75,60.4,63.23,55.48,DCC-NOISE-001003-2013-07-27T00-00-00.txt,0
2013-06-21 00:05:00,63.1,69.72,51.33,65.96,72.27,55.37,DCC-NOISE-001003-2013-06-21T00-00-00.txt,1
2013-06-02 02:20:00,53.05,57.44,44.03,54.95,59.15,46.7,DCC-NOISE-001003-2013-06-02T00-00-00.txt,0
2013-12-20 16:30:00,63.24,66.3,57.71,68.9,73.82,62.16,DCC-NOISE-001003-2013-12-20T00-00-00.txt,1
2013-04-18 18:00:00,63.09,66.06,58.23,71.19,76.53,63.24,DCC-NOISE-001003-2013-04-18T00-00-00.txt,1
2013-07-25 12:30:00,66.23,68.26,62.37,66.32,68.19,62.88,DCC-NOISE-001003-2013-07-25T00-00-00.txt,1
2013-01-26 22:55:00,61.09,64.2,55.48,72.85,78.79,61.92,DCC-NOISE-001014-2013-01-26T00-00-00.txt,0
2013-03-06 14:55:00,64.2,66.41,60.81,65.11,67.1,61.76,DCC-NOISE-001003-2013-03-06T00-00-00.txt,1
2013-12-24 15:30:00,63.29,65.22,59.93,64.91,67.15,60.97,DCC-NOISE-001003-2013-12-24T00-00-00.txt,1
2013-11-18 13:02:00,66.15,68.41,55.27,66.06,67.94,59.42,DCC-NOISE-001003-2013-11-18T00-00-00.txt,1
2013-01-01 13:35:00,60.75,63.51,55.97,64.62,68.87,58.44,DCC-NOISE-001003-2013-01-01T00-00-00.txt,0
2013-09-12 04:15:00,44.21,46.2,40.44,47.71,49.25,44.95,DCC-NOISE-001003-2013-09-12T00-00-00.txt,0
2013-04-18 00:10:00,65.24,68.92,58.0,73.56,79.27,63.66,DCC-NOISE-001003-2013-04-18T00-00-00.txt,1
2013-12-14 02:00:00,55.13,59.03,49.46,57.37,60.65,52.47,DCC-NOISE-001003-2013-12-14T00-00-00.txt,0
2013-01-28 14:30:00,63.35,63.14,57.18,67.46,71.66,61.07,DCC-NOISE-001014-2013-01-28T00-00-00.txt,1
2013-01-08 17:15:00,72.42,73.76,70.89,71.29,72.63,69.8,DCC-NOISE-001003-2013-01-08T00-00-00.txt,1
2013-12-24 14:55:00,63.38,65.68,60.01,68.13,71.64,62.62,DCC-NOISE-001003-2013-12-24T00-00-00.txt,1
2013-06-11 15:25:00,64.13,70.73,57.5,71.7,77.76,65.68,DCC-NOISE-001003-2013-06-11T00-00-00.txt,1
2013-12-17 08:43:00,63.87,69.04,56.04,65.82,70.66,59.88,DCC-NOISE-001003-2013-12-17T00-03-00.txt,1
2013-10-18 12:37:00,60.39,62.9,57.35,63.5,66.17,60.44,DCC-NOISE-001003-2013-10-18T00-00-00.txt,0
2013-02-21 09:15:00,58.55,61.68,53.71,62.63,65.27,58.32,DCC-NOISE-001003-2013-02-21T00-00-00.txt,0
2013-12-24 09:35:00,61.78,64.15,57.66,69.14,75.02,61.7,DCC-NOISE-001003-2013-12-24T00-00-00.txt,0
2013-07-09 01:15:00,47.34,54.96,36.59,49.68,55.82,41.77,DCC-NOISE-001003-2013-07-09T00-00-00.txt,0
2013-01-14 18:46:00,64.13,66.3,57.79,65.82,67.35,60.83,DCC-NOISE-001003-2013-01-14T00-00-00.txt,1
2013-12-05 16:57:00,60.93,62.8,56.91,64.9,67.43,60.22,DCC-NOISE-001003-2013-12-05T00-00-00.txt,0
2013-09-28 09:16:00,55.39,59.64,46.78,58.09,62.93,50.83,DCC-NOISE-001003-2013-09-28T00-00-00.txt,0
2013-08-15 08:05:00,66.82,70.24,54.79,70.31,72.17,64.87,DCC-NOISE-001003-2013-08-15T00-00-00.txt,1
2013-01-17 20:16:00,64.22,70.07,53.01,68.81,75.57,57.87,DCC-NOISE-001003-2013-01-17T00-00-00.txt,1
2013-08-18 14:55:00,80.62,86.16,65.01,83.17,87.92,67.41,DCC-NOISE-001003-2013-08-18T00-00-00.txt,1
2013-09-15 12:00:00,65.25,68.29,59.59,70.88,77.01,61.86,DCC-NOISE-001003-2013-09-15T00-00-00.txt,1
2013-09-20 11:10:00,64.81,68.35,59.91,69.58,73.62,64.91,DCC-NOISE-001003-2013-09-20T00-00-00.txt,1
2013-11-02 18:17:00,66.09,64.03,57.17,67.67,70.15,60.0,DCC-NOISE-001003-2013-11-02T00-00-00.txt,1
2013-01-31 12:25:00,61.11,63.51,57.84,66.88,71.06,61.64,DCC-NOISE-001014-2013-01-31T00-00-00.txt,0
2013-02-03 13:25:00,63.77,64.08,57.83,67.43,69.78,60.22,DCC-NOISE-001014-2013-02-03T00-00-00.txt,1
2013-10-05 04:27:00,49.88,55.44,42.36,52.56,57.66,45.85,DCC-NOISE-001003-2013-10-05T00-00-00.txt,0
2013-05-24 21:10:00,56.24,59.67,48.77,59.33,63.11,52.42,DCC-NOISE-001003-2013-05-24T00-00-00.txt,0
2013-05-13 03:55:00,50.69,54.29,45.14,54.17,57.08,48.71,DCC-NOISE-001003-2013-05-13T00-00-00.txt,0
2013-11-04 12:22:00,61.63,61.44,52.67,64.33,65.45,57.15,DCC-NOISE-001003-2013-11-04T00-00-00.txt,0
2013-01-17 21:16:00,60.63,64.25,53.0,65.69,70.82,57.4,DCC-NOISE-001003-2013-01-17T00-00-00.txt,0
2013-08-19 06:15:00,57.47,61.08,52.35,60.96,64.36,56.24,DCC-NOISE-001003-2013-08-19T00-00-00.txt,0
2013-05-16 01:25:00,50.33,54.87,45.69,53.22,56.83,49.73,DCC-NOISE-001003-2013-05-16T00-00-00.txt,0
2013-03-22 11:10:00,63.17,65.96,58.35,67.86,70.67,62.54,DCC-NOISE-001003-2013-03-22T00-00-00.txt,1
2013-12-27 05:42:00,66.74,71.43,60.82,76.34,82.61,65.54,DCC-NOISE-001003-2013-12-27T00-02-00.txt,1
2013-03-06 16:20:00,63.18,65.78,55.08,64.22,67.05,57.93,DCC-NOISE-001003-2013-03-06T00-00-00.txt,1
2013-12-24 11:00:00,61.81,64.22,57.72,67.75,70.69,62.44,DCC-NOISE-001003-2013-12-24T00-00-00.txt,0
2013-08-18 16:35:00,84.56,89.06,66.53,88.52,92.06,71.28,DCC-NOISE-001003-2013-08-18T00-00-00.txt,1
2013-08-16 10:30:00,64.58,67.06,58.71,69.67,72.86,63.65,DCC-NOISE-001003-2013-08-16T00-00-00.txt,1
2013-12-20 13:15:00,63.42,65.05,59.34,69.32,74.14,63.86,DCC-NOISE-001003-2013-12-20T00-00-00.txt,1
2013-09-11 10:45:00,63.89,68.76,56.96,68.01,73.79,61.16,DCC-NOISE-001003-2013-09-11T00-00-00.txt,1
2013-05-09 20:45:00,60.54,63.0,56.85,64.6,68.19,59.7,DCC-NOISE-001003-2013-05-09T00-00-00.txt,0
2013-06-08 16:30:00,54.87,57.61,49.15,60.82,64.13,53.02,DCC-NOISE-001003-2013-06-08T00-00-00.txt,0
2013-06-17 08:10:00,60.41,63.79,54.58,62.18,65.57,57.26,DCC-NOISE-001003-2013-06-17T00-00-00.txt,0
2013-12-21 14:48:00,64.42,66.74,60.42,64.99,67.25,61.34,DCC-NOISE-001003-2013-12-21T00-03-00.txt,1
2013-05-20 11:15:00,65.65,67.91,62.38,71.24,73.85,67.55,DCC-NOISE-001003-2013-05-20T00-00-00.txt,1
2013-10-16 04:47:00,47.99,51.7,42.15,49.57,54.24,44.78,DCC-NOISE-001003-2013-10-16T00-00-00.txt,0
2013-05-13 10:35:00,64.9,70.95,59.05,69.9,74.72,64.34,DCC-NOISE-001003-2013-05-13T00-00-00.txt,1
2013-08-10 20:05:00,55.71,58.97,51.26,58.96,62.47,54.69,DCC-NOISE-001003-2013-08-10T00-00-00.txt,0
2013-03-21 12:00:00,63.83,67.26,57.73,68.2,71.64,62.91,DCC-NOISE-001003-2013-03-21T00-00-00.txt,1
2013-01-30 16:05:00,63.37,64.6,56.61,66.44,71.11,60.59,DCC-NOISE-001014-2013-01-30T00-00-00.txt,1
2013-11-12 10:16:00,58.06,60.87,54.22,62.73,65.17,59.05,DCC-NOISE-001003-2013-11-12T00-00-00.txt,0
2013-03-08 09:45:00,60.28,63.19,55.14,63.54,66.15,59.02,DCC-NOISE-001003-2013-03-08T00-00-00.txt,0
2013-10-27 14:21:00,60.34,62.62,56.35,62.98,65.25,59.53,DCC-NOISE-001003-2013-10-27T00-00-00.txt,0
2013-06-10 21:05:00,54.73,58.78,46.66,57.39,61.0,50.09,DCC-NOISE-001003-2013-06-10T00-00-00.txt,0
2013-05-12 16:00:00,62.47,67.0,57.85,69.24,74.81,61.36,DCC-NOISE-001003-2013-05-12T00-00-00.txt,0
2013-11-19 12:36:00,64.74,68.54,56.91,71.09,73.91,61.41,DCC-NOISE-001003-2013-11-19T00-00-00.txt,1
2013-12-05 11:02:00,64.7,68.26,59.93,73.36,79.27,63.85,DCC-NOISE-001003-2013-12-05T00-00-00.txt,1
2013-06-21 23:20:00,53.59,57.18,48.91,55.92,59.12,51.53,DCC-NOISE-001003-2013-06-21T00-00-00.txt,0
2013-11-08 17:31:00,60.49,62.99,56.6,63.44,65.56,59.55,DCC-NOISE-001003-2013-11-08T00-00-00.txt,0
2013-04-18 14:35:00,64.12,68.16,59.34,72.04,78.24,64.32,DCC-NOISE-001003-2013-04-18T00-00-00.txt,1
2013-02-16 14:40:00,68.18,70.12,65.09,67.63,69.31,64.55,DCC-NOISE-001014-2013-02-16T00-00-00.txt,1
2013-12-26 19:50:00,69.11,74.76,57.18,78.54,85.62,63.28,DCC-NOISE-001003-2013-12-26T00-00-00.txt,1
2013-03-25 15:55:00,63.32,65.17,60.43,65.21,68.21,60.87,DCC-NOISE-001003-2013-03-25T00-00-00.txt,1
2013-12-21 14:13:00,63.9,66.16,60.26,65.51,67.93,62.11,DCC-NOISE-001003-2013-12-21T00-03-00.txt,1
2013-09-26 13:36:00,57.82,59.53,52.87,61.15,63.2,56.87,DCC-NOISE-001003-2013-09-26T00-00-00.txt,0
2013-04-18 12:00:00,65.86,67.99,62.89,68.74,72.21,64.21,DCC-NOISE-001003-2013-04-18T00-00-00.txt,1
2013-03-20 11:15:00,63.66,68.54,55.32,67.99,73.42,58.46,DCC-NOISE-001003-2013-03-20T00-00-00.txt,1
2013-03-06 15:05:00,64.18,65.81,60.08,65.02,67.54,60.79,DCC-NOISE-001003-2013-03-06T00-00-00.txt,1
2013-02-07 12:55:00,63.45,65.5,60.11,66.13,67.98,62.72,DCC-NOISE-001014-2013-02-07T00-00-00.txt,1
2013-12-15 03:37:00,55.14,59.77,47.93,56.66,60.94,50.61,DCC-NOISE-001003-2013-12-15T00-02-00.txt,0
2013-05-13 07:00:00,57.76,60.62,53.97,61.48,64.79,56.99,DCC-NOISE-001003-2013-05-13T00-00-00.txt,0
2013-05-04 09:25:00,63.19,65.05,58.52,67.26,69.05,61.88,DCC-NOISE-001003-2013-05-04T00-00-00.txt,1
2013-11-07 13:51:00,58.37,60.32,54.94,62.75,65.35,58.93,DCC-NOISE-001003-2013-11-07T00-00-00.txt,0
2013-08-30 10:40:00,65.33,71.5,54.83,67.05,71.28,60.3,DCC-NOISE-001003-2013-08-30T00-00-00.txt,1
2013-12-17 08:13:00,59.69,62.52,56.37,63.26,66.27,59.83,DCC-NOISE-001003-2013-12-17T00-03-00.txt,0
2013-01-08 07:45:00,59.03,61.92,54.99,63.05,66.34,58.93,DCC-NOISE-001003-2013-01-08T00-00-00.txt,0
2013-04-22 15:35:00,72.92,75.23,69.16,75.03,79.79,69.27,DCC-NOISE-001003-2013-04-22T00-00-00.txt,1
2013-09-27 02:51:00,47.93,55.54,37.52,49.72,56.82,41.92,DCC-NOISE-001003-2013-09-27T00-00-00.txt,0
2013-05-30 09:35:00,57.79,60.59,51.73,63.11,65.13,56.48,DCC-NOISE-001003-2013-05-30T00-00-00.txt,0
2013-03-30 19:10:00,71.27,73.31,68.7,70.74,72.98,67.8,DCC-NOISE-001003-2013-03-30T00-00-00.txt,1
2013-03-14 12:05:00,64.06,66.94,60.12,70.23,72.57,66.13,DCC-NOISE-001003-2013-03-14T00-00-00.txt,1
2013-12-14 13:35:00,65.82,68.89,60.75,73.92,80.02,65.62,DCC-NOISE-001003-2013-12-14T00-00-00.txt,1
2013-12-04 16:52:00,61.03,63.24,56.8,64.89,67.81,60.17,DCC-NOISE-001003-2013-12-04T00-00-00.txt,0
2013-12-05 08:27:00,66.41,70.01,59.43,76.57,82.24,64.86,DCC-NOISE-001003-2013-12-05T00-00-00.txt,1
2013-05-28 20:50:00,55.83,58.69,50.12,58.19,60.73,53.03,DCC-NOISE-001003-2013-05-28T00-00-00.txt,0
2013-10-23 17:46:00,64.98,73.49,56.01,69.85,79.39,60.9,DCC-NOISE-001003-2013-10-23T00-00-00.txt,1
2013-07-17 06:05:00,50.54,54.99,43.99,54.02,58.59,47.88,DCC-NOISE-001003-2013-07-17T00-00-00.txt,0
2013-11-05 10:17:00,60.27,63.0,57.22,63.73,65.87,60.78,DCC-NOISE-001003-2013-11-05T00-00-00.txt,0
2013-04-03 14:20:00,63.12,66.25,57.67,64.72,67.78,59.58,DCC-NOISE-001003-2013-04-03T00-00-00.txt,1
2013-05-04 13:30:00,59.07,61.39,55.15,65.31,68.45,59.82,DCC-NOISE-001003-2013-05-04T00-00-00.txt,0
2013-09-28 08:56:00,54.82,59.12,45.76,58.2,61.74,52.04,DCC-NOISE-001003-2013-09-28T00-00-00.txt,0
2013-04-02 14:45:00,61.24,63.63,57.34,63.39,65.64,60.18,DCC-NOISE-001003-2013-04-02T00-00-00.txt,0
2013-03-19 12:45:00,66.29,69.35,60.69,70.13,73.62,63.57,DCC-NOISE-001003-2013-03-19T00-00-00.txt,1
2013-01-29 16:20:00,63.01,65.24,59.24,66.76,68.99,62.98,DCC-NOISE-001014-2013-01-29T00-00-00.txt,0
2013-12-26 13:40:00,58.74,61.92,54.35,61.86,64.82,57.44,DCC-NOISE-001003-2013-12-26T00-00-00.txt,0
2013-07-15 19:35:00,53.78,57.31,47.21,57.85,61.48,51.22,DCC-NOISE-001003-2013-07-15T00-00-00.txt,0
2013-12-12 09:55:00,60.34,62.37,57.61,67.03,72.02,61.65,DCC-NOISE-001003-2013-12-12T00-00-00.txt,0
2013-01-31 00:30:00,60.73,65.33,51.98,73.6,81.75,58.48,DCC-NOISE-001014-2013-01-31T00-00-00.txt,0
2013-09-15 14:15:00,64.24,67.15,58.7,68.87,72.35,61.3,DCC-NOISE-001003-2013-09-15T00-00-00.txt,1
2013-02-10 17:35:00,61.54,64.25,56.41,63.99,66.68,59.1,DCC-NOISE-001014-2013-02-10T00-00-00.txt,0
2013-03-21 09:30:00,60.33,63.32,55.81,64.86,68.59,59.42,DCC-NOISE-001003-2013-03-21T00-00-00.txt,0
2013-01-25 19:10:00,63.3,66.53,57.66,65.21,67.85,60.8,DCC-NOISE-001014-2013-01-25T00-00-00.txt,1
2013-11-23 10:01:00,60.2,62.42,56.69,63.11,65.03,59.73,DCC-NOISE-001003-2013-11-23T00-00-00.txt,0
2013-02-10 19:25:00,60.94,63.64,54.86,62.45,64.88,57.51,DCC-NOISE-001014-2013-02-10T00-00-00.txt,0
2013-12-24 12:45:00,63.64,65.73,59.48,70.46,74.97,63.41,DCC-NOISE-001003-2013-12-24T00-00-00.txt,1
2013-01-25 16:35:00,63.54,65.28,60.25,66.33,68.22,63.69,DCC-NOISE-001014-2013-01-25T00-00-00.txt,1
2013-08-18 15:55:00,74.52,82.43,63.87,76.35,83.53,66.52,DCC-NOISE-001003-2013-08-18T00-00-00.txt,1
2013-12-30 04:35:00,55.73,60.74,50.9,56.65,61.08,52.47,DCC-NOISE-001003-2013-12-30T00-00-00.txt,0
2013-03-19 10:45:00,69.28,70.28,67.62,69.54,70.7,67.01,DCC-NOISE-001003-2013-03-19T00-00-00.txt,1
2013-04-11 18:50:00,60.76,63.58,54.56,62.85,65.4,58.43,DCC-NOISE-001003-2013-04-11T00-00-00.txt,0
2013-12-30 09:50:00,63.24,65.6,58.37,64.68,67.19,59.96,DCC-NOISE-001003-2013-12-30T00-00-00.txt,1
2013-03-21 12:30:00,66.5,68.78,60.24,69.78,72.25,63.76,DCC-NOISE-001003-2013-03-21T00-00-00.txt,1
2013-12-26 20:00:00,66.67,71.91,57.04,75.48,81.83,63.37,DCC-NOISE-001003-2013-12-26T00-00-00.txt,1
2013-03-21 10:40:00,70.16,79.7,58.96,72.1,79.36,63.28,DCC-NOISE-001003-2013-03-21T00-00-00.txt,1
2013-08-12 15:10:00,61.29,63.94,55.55,64.78,67.47,60.21,DCC-NOISE-001003-2013-08-12T00-00-00.txt,0
2013-10-26 14:46:00,64.75,66.6,61.74,65.65,67.22,62.93,DCC-NOISE-001003-2013-10-26T00-00-00.txt,1
2013-08-30 09:15:00,63.07,68.54,55.61,65.44,69.34,59.94,DCC-NOISE-001003-2013-08-30T00-00-00.txt,1
2013-12-23 23:37:00,63.29,65.79,58.17,71.53,76.26,62.76,DCC-NOISE-001003-2013-12-23T00-02-00.txt,1
2013-03-31 15:05:00,60.34,62.9,54.58,62.34,64.68,57.53,DCC-NOISE-001003-2013-03-31T00-00-00.txt,0
2013-04-26 10:35:00,61.43,65.61,54.89,66.41,71.72,59.78,DCC-NOISE-001003-2013-04-26T00-00-00.txt,0
2013-12-11 12:22:00,58.4,61.81,54.43,62.62,66.01,58.94,DCC-NOISE-001003-2013-12-11T00-02-00.txt,0
2013-01-16 10:40:00,64.19,62.3,50.31,65.95,66.85,56.16,DCC-NOISE-001003-2013-01-16T00-00-00.txt,1
2013-12-26 11:25:00,59.62,63.03,54.3,61.28,64.15,56.08,DCC-NOISE-001003-2013-12-26T00-00-00.txt,0
2013-02-18 21:15:00,55.37,59.34,49.28,57.83,61.38,52.61,DCC-NOISE-001003-2013-02-18T11-40-00.txt,0
2013-02-20 18:50:00,57.51,60.75,51.95,61.29,63.63,57.11,DCC-NOISE-001003-2013-02-20T00-00-00.txt,0
2013-12-05 09:17:00,68.41,74.29,60.3,78.94,86.72,65.24,DCC-NOISE-001003-2013-12-05T00-00-00.txt,1
2013-01-29 15:15:00,68.35,70.88,62.65,79.26,85.61,67.23,DCC-NOISE-001014-2013-01-29T00-00-00.txt,1
2013-12-27 02:22:00,58.85,62.97,53.5,66.68,71.83,58.6,DCC-NOISE-001003-2013-12-27T00-02-00.txt,0
2013-04-18 02:35:00,63.65,70.76,53.43,74.15,82.11,60.42,DCC-NOISE-001003-2013-04-18T00-00-00.txt,1
2013-12-18 15:55:00,64.94,66.91,62.19,70.62,75.22,64.45,DCC-NOISE-001003-2013-12-18T00-00-00.txt,1
2013-12-05 10:22:00,65.68,71.55,59.5,75.8,83.46,64.01,DCC-NOISE-001003-2013-12-05T00-00-00.txt,1
2013-05-23 04:55:00,63.1,71.18,47.79,63.19,70.63,51.28,DCC-NOISE-001003-2013-05-23T00-00-00.txt,1
2013-03-22 11:50:00,63.4,65.69,59.12,65.53,68.0,61.46,DCC-NOISE-001003-2013-03-22T00-00-00.txt,1
2013-05-05 19:40:00,70.66,72.3,67.63,69.37,70.96,66.79,DCC-NOISE-001003-2013-05-05T00-00-00.txt,1
2013-12-24 13:10:00,64.46,68.17,59.18,72.18,77.24,63.96,DCC-NOISE-001003-2013-12-24T00-00-00.txt,1
2013-05-09 15:50:00,64.05,67.91,59.32,69.11,74.44,62.87,DCC-NOISE-001003-2013-05-09T00-00-00.txt,1
2013-05-26 12:10:00,54.71,57.88,48.98,58.52,60.82,54.09,DCC-NOISE-001003-2013-05-26T00-00-00.txt,0
2013-07-03 06:30:00,54.85,58.84,50.2,57.81,61.71,53.44,DCC-NOISE-001003-2013-07-03T00-00-00.txt,0
2013-08-30 10:10:00,66.06,72.22,54.95,66.87,71.51,58.01,DCC-NOISE-001003-2013-08-30T00-00-00.txt,1
2013-02-04 10:55:00,59.08,61.36,55.74,65.53,69.49,60.17,DCC-NOISE-001014-2013-02-04T00-00-00.txt,0
2013-12-04 09:02:00,63.23,64.69,61.7,65.75,67.15,64.15,DCC-NOISE-001003-2013-12-04T00-00-00.txt,1
2013-08-28 14:25:00,58.04,60.07,54.36,64.03,66.07,60.16,DCC-NOISE-001003-2013-08-28T00-00-00.txt,0
2013-12-27 12:52:00,64.1,65.83,61.71,69.19,74.07,64.35,DCC-NOISE-001003-2013-12-27T00-02-00.txt,1
2013-03-02 21:45:00,57.26,60.79,50.97,59.81,63.24,54.74,DCC-NOISE-001003-2013-03-02T00-00-00.txt,0
2013-11-08 05:11:00,48.9,53.25,45.79,52.3,55.61,49.35,DCC-NOISE-001003-2013-11-08T00-00-00.txt,0
2013-12-14 09:45:00,63.21,65.78,59.06,71.08,77.37,62.25,DCC-NOISE-001003-2013-12-14T00-00-00.txt,1
2013-05-08 17:55:00,60.5,61.87,57.4,64.63,65.83,60.87,DCC-NOISE-001003-2013-05-08T00-00-00.txt,0
2013-12-20 18:15:00,64.11,65.94,59.25,71.54,77.52,63.28,DCC-NOISE-001003-2013-12-20T00-00-00.txt,1
2013-04-07 12:45:00,64.88,67.71,57.46,64.55,67.11,60.67,DCC-NOISE-001003-2013-04-07T00-00-00.txt,1
2013-09-09 21:55:00,54.46,58.65,49.31,57.27,60.33,52.86,DCC-NOISE-001003-2013-09-09T00-00-00.txt,0
2013-03-21 12:35:00,66.21,69.49,60.08,70.19,74.17,63.71,DCC-NOISE-001003-2013-03-21T00-00-00.txt,1
2013-12-12 03:50:00,47.53,50.93,42.63,55.2,60.95,47.65,DCC-NOISE-001003-2013-12-12T00-00-00.txt,0
2013-12-27 04:52:00,64.6,69.92,57.18,74.14,82.48,64.07,DCC-NOISE-001003-2013-12-27T00-02-00.txt,1
2013-08-18 11:40:00,80.11,88.17,55.42,85.8,91.71,59.54,DCC-NOISE-001003-2013-08-18T00-00-00.txt,1
2013-06-26 08:30:00,55.82,59.18,49.83,60.29,63.94,55.76,DCC-NOISE-001003-2013-06-26T00-00-00.txt,0
2013-12-26 19:20:00,64.25,67.66,57.28,72.82,79.02,62.36,DCC-NOISE-001003-2013-12-26T00-00-00.txt,1
2013-12-27 14:02:00,63.97,65.6,61.09,67.79,70.39,63.25,DCC-NOISE-001003-2013-12-27T00-02-00.txt,1
2013-05-09 16:15:00,62.07,64.65,56.7,67.1,71.59,60.75,DCC-NOISE-001003-2013-05-09T00-00-00.txt,0
2013-12-01 15:07:00,61.57,63.48,58.11,62.24,64.2,58.52,DCC-NOISE-001003-2013-12-01T00-00-00.txt,0
2013-07-02 02:15:00,45.86,50.72,40.91,48.43,52.34,44.04,DCC-NOISE-001003-2013-07-02T00-00-00.txt,0
2013-12-08 12:50:00,63.7,64.76,60.33,64.43,66.06,61.18,DCC-NOISE-001003-2013-12-08T00-00-00.txt,1
2013-04-18 11:55:00,68.25,72.27,62.37,75.98,82.8,65.25,DCC-NOISE-001003-2013-04-18T00-00-00.txt,1
2013-12-20 15:25:00,63.56,65.63,59.56,70.83,75.17,63.07,DCC-NOISE-001003-2013-12-20T00-00-00.txt,1
2013-08-18 17:30:00,91.33,96.6,74.5,94.29,98.74,82.0,DCC-NOISE-001003-2013-08-18T00-00-00.txt,1
2013-03-20 11:05:00,69.14,73.54,61.96,71.93,75.5,65.5,DCC-NOISE-001003-2013-03-20T00-00-00.txt,1
2013-03-14 10:55:00,65.33,70.95,55.51,71.35,76.78,59.96,DCC-NOISE-001003-2013-03-14T00-00-00.txt,1
2013-07-27 22:05:00,53.82,58.77,45.33,56.84,61.27,49.22,DCC-NOISE-001003-2013-07-27T00-00-00.txt,0
2013-03-26 11:40:00,64.33,67.06,53.81,69.04,70.38,57.91,DCC-NOISE-001003-2013-03-26T00-00-00.txt,1
2013-07-19 03:50:00,43.19,47.87,36.15,47.71,53.58,42.03,DCC-NOISE-001003-2013-07-19T00-00-00.txt,0
2013-01-24 01:45:00,52.06,58.98,39.64,53.27,59.66,43.38,DCC-NOISE-001014-2013-01-24T00-00-00.txt,0
2013-10-27 12:26:00,61.57,63.79,58.14,64.62,66.73,60.49,DCC-NOISE-001003-2013-10-27T00-00-00.txt,0
2013-08-24 12:40:00,56.73,60.38,48.13,60.33,64.23,52.8,DCC-NOISE-001003-2013-08-24T00-00-00.txt,0
2013-01-30 10:50:00,71.04,75.67,61.66,83.1,90.18,68.35,DCC-NOISE-001014-2013-01-30T00-00-00.txt,1
2013-01-18 18:26:00,64.14,64.64,54.26,65.82,67.29,57.61,DCC-NOISE-001003-2013-01-18T00-00-00.txt,1
2013-11-19 13:46:00,63.76,65.57,61.17,69.29,70.91,66.85,DCC-NOISE-001003-2013-11-19T00-00-00.txt,1
2013-04-29 06:00:00,55.16,58.89,50.65,58.92,62.97,54.31,DCC-NOISE-001003-2013-04-29T00-00-00.txt,0
2013-04-14 12:30:00,64.41,68.21,58.0,75.82,82.08,63.02,DCC-NOISE-001003-2013-04-14T00-00-00.txt,1
2013-10-26 14:41:00,65.77,68.07,62.19,66.48,68.8,63.03,DCC-NOISE-001003-2013-10-26T00-00-00.txt,1
2013-12-22 11:45:00,60.94,63.2,57.56,64.47,67.18,60.36,DCC-NOISE-001003-2013-12-22T00-00-00.txt,0
2013-01-30 14:10:00,66.4,70.63,59.95,74.95,81.25,64.24,DCC-NOISE-001014-2013-01-30T00-00-00.txt,1
2013-04-14 18:20:00,63.51,66.79,58.25,73.12,79.47,62.52,DCC-NOISE-001003-2013-04-14T00-00-00.txt,1
2013-07-13 09:10:00,51.45,56.0,42.55,55.99,60.12,49.02,DCC-NOISE-001003-2013-07-13T00-00-00.txt,0
2013-01-28 10:50:00,63.7,67.38,58.13,73.9,81.69,61.83,DCC-NOISE-001014-2013-01-28T00-00-00.txt,1
2013-12-27 18:52:00,63.97,66.53,59.61,71.7,77.88,62.46,DCC-NOISE-001003-2013-12-27T00-02-00.txt,1
2013-04-05 16:45:00,61.57,64.46,58.01,62.34,64.81,59.02,DCC-NOISE-001003-2013-04-05T00-00-00.txt,0
2013-04-26 09:50:00,72.66,74.79,69.91,71.97,74.13,69.11,DCC-NOISE-001003-2013-04-26T00-00-00.txt,1
2013-01-28 08:55:00,60.52,62.73,57.55,69.11,74.01,62.42,DCC-NOISE-001014-2013-01-28T00-00-00.txt,0
2013-01-18 02:16:00,67.08,75.92,45.99,72.75,81.24,52.82,DCC-NOISE-001003-2013-01-18T00-00-00.txt,1
2013-02-07 15:15:00,63.14,65.68,59.47,66.61,69.54,62.36,DCC-NOISE-001014-2013-02-07T00-00-00.txt,1
2013-01-25 19:40:00,62.78,65.5,58.75,65.35,67.61,61.43,DCC-NOISE-001014-2013-01-25T00-00-00.txt,0
2013-10-11 08:26:00,55.9,60.07,49.87,60.05,63.13,55.78,DCC-NOISE-001003-2013-10-11T00-00-00.txt,0
2013-04-16 11:45:00,68.37,74.04,60.02,79.05,85.82,65.57,DCC-NOISE-001003-2013-04-16T00-00-00.txt,1
2013-08-18 11:50:00,74.64,83.41,53.53,78.5,86.66,58.47,DCC-NOISE-001003-2013-08-18T00-00-00.txt,1
2013-06-26 12:35:00,54.73,58.35,48.91,60.23,64.07,54.18,DCC-NOISE-001003-2013-06-26T00-00-00.txt,0
2013-08-18 15:15:00,85.28,90.74,66.06,89.09,93.44,74.1,DCC-NOISE-001003-2013-08-18T00-00-00.txt,1
2013-05-24 08:35:00,58.81,60.7,55.64,62.4,64.96,59.21,DCC-NOISE-001003-2013-05-24T00-00-00.txt,0
2013-12-26 23:15:00,63.72,67.33,54.83,72.11,77.6,60.61,DCC-NOISE-001003-2013-12-26T00-00-00.txt,1
2013-04-29 13:45:00,72.09,74.09,68.72,71.69,73.63,68.66,DCC-NOISE-001003-2013-04-29T00-00-00.txt,1
2013-03-26 15:10:00,65.49,66.76,63.49,65.75,67.47,63.42,DCC-NOISE-001003-2013-03-26T00-00-00.txt,1
2013-04-18 15:40:00,63.73,67.5,57.17,73.51,78.78,62.09,DCC-NOISE-001003-2013-04-18T00-00-00.txt,1
2013-08-15 07:50:00,69.08,73.32,56.16,72.08,74.9,65.48,DCC-NOISE-001003-2013-08-15T00-00-00.txt,1
2013-12-22 18:15:00,61.19,63.75,58.03,63.45,65.6,59.91,DCC-NOISE-001003-2013-12-22T00-00-00.txt,0
2013-12-12 21:35:00,56.43,59.38,49.32,59.63,63.08,53.27,DCC-NOISE-001003-2013-12-12T00-00-00.txt,0
2013-04-23 10:55:00,74.07,80.14,64.66,79.5,85.02,70.86,DCC-NOISE-001003-2013-04-23T00-00-00.txt,1
2013-01-18 11:26:00,63.07,65.87,55.1,65.97,67.78,58.17,DCC-NOISE-001003-2013-01-18T00-00-00.txt,1
2013-07-25 09:20:00,55.27,58.88,48.97,59.48,62.69,53.87,DCC-NOISE-001003-2013-07-25T00-00-00.txt,0
2013-07-18 10:05:00,53.63,57.6,47.43,59.35,62.55,53.31,DCC-NOISE-001003-2013-07-18T00-00-00.txt,0
2013-05-09 19:35:00,61.36,63.68,56.93,65.21,68.83,59.98,DCC-NOISE-001003-2013-05-09T00-00-00.txt,0
2013-07-01 17:25:00,61.15,66.89,53.86,63.52,68.92,56.24,DCC-NOISE-001003-2013-07-01T00-00-00.txt,0
2013-06-27 01:00:00,50.77,57.31,37.26,53.26,59.22,42.24,DCC-NOISE-001003-2013-06-27T00-00-00.txt,0
2013-02-05 16:45:00,60.75,62.49,57.99,64.96,67.28,61.55,DCC-NOISE-001014-2013-02-05T00-00-00.txt,0
2013-01-30 01:35:00,50.48,55.04,45.74,60.17,66.48,50.25,DCC-NOISE-001014-2013-01-30T00-00-00.txt,0
2013-05-15 02:20:00,49.96,55.83,44.1,52.77,57.41,47.71,DCC-NOISE-001003-2013-05-15T00-00-00.txt,0
2013-12-05 11:22:00,64.04,66.41,59.29,71.18,76.91,63.74,DCC-NOISE-001003-2013-12-05T00-00-00.txt,1
2013-08-17 15:30:00,63.18,66.19,59.0,67.74,71.83,61.83,DCC-NOISE-001003-2013-08-17T00-00-00.txt,1
2013-04-28 14:50:00,72.3,74.12,69.46,71.57,73.5,68.65,DCC-NOISE-001003-2013-04-28T00-00-00.txt,1
2013-05-13 09:50:00,63.89,67.33,58.58,69.83,73.37,63.66,DCC-NOISE-001003-2013-05-13T00-00-00.txt,1
2013-12-20 18:40:00,65.4,68.91,60.07,73.71,79.39,64.58,DCC-NOISE-001003-2013-12-20T00-00-00.txt,1
2013-11-06 08:37:00,63.15,64.77,55.46,65.39,67.21,60.04,DCC-NOISE-001003-2013-11-06T00-00-00.txt,1
2013-12-06 13:56:00,61.44,63.74,57.78,64.01,66.4,61.17,DCC-NOISE-001003-2013-12-06T00-00-00.txt,0
2013-12-27 01:07:00,57.25,61.02,51.28,62.88,66.89,55.49,DCC-NOISE-001003-2013-12-27T00-02-00.txt,0
2013-11-19 14:16:00,64.6,67.19,57.57,67.35,69.85,61.96,DCC-NOISE-001003-2013-11-19T00-00-00.txt,1
2013-01-25 22:15:00,60.32,63.45,54.66,64.51,68.75,58.43,DCC-NOISE-001014-2013-01-25T00-00-00.txt,0
2013-01-18 08:51:00,65.17,69.48,58.1,70.98,76.69,62.28,DCC-NOISE-001003-2013-01-18T00-00-00.txt,1
2013-09-16 14:25:00,63.27,66.42,57.81,68.78,73.37,60.78,DCC-NOISE-001003-2013-09-16T00-00-00.txt,1
2013-08-18 14:50:00,84.75,88.9,68.91,87.03,90.81,72.49,DCC-NOISE-001003-2013-08-18T00-00-00.txt,1
2013-08-23 09:10:00,58.74,63.49,51.92,63.14,66.35,59.1,DCC-NOISE-001003-2013-08-23T00-00-00.txt,0
2013-03-07 15:15:00,63.39,65.85,59.39,64.46,66.91,61.22,DCC-NOISE-001003-2013-03-07T00-00-00.txt,1
2013-03-25 14:30:00,68.88,71.43,65.3,75.49,78.02,72.37,DCC-NOISE-001003-2013-03-25T00-00-00.txt,1
2013-04-13 04:50:00,48.76,55.54,41.91,50.74,56.1,45.44,DCC-NOISE-001003-2013-04-13T00-00-00.txt,0
2013-12-31 13:12:00,65.0,67.78,62.24,70.57,74.99,64.87,DCC-NOISE-001003-2013-12-31T00-02-00.txt,1
2013-04-01 14:05:00,63.34,65.68,59.51,64.05,66.63,60.28,DCC-NOISE-001003-2013-04-01T01-00-00.txt,1
2013-12-25 15:17:00,60.5,63.11,56.12,61.55,63.94,57.65,DCC-NOISE-001003-2013-12-25T00-02-00.txt,0
2013-12-28 14:00:00,67.85,71.99,60.43,72.97,78.8,61.61,DCC-NOISE-001003-2013-12-28T00-00-00.txt,1
2013-04-14 19:05:00,63.39,67.04,57.19,72.93,79.58,61.99,DCC-NOISE-001003-2013-04-14T00-00-00.txt,1
2013-02-15 15:50:00,70.68,73.29,49.86,69.72,72.3,54.36,DCC-NOISE-001014-2013-02-15T00-00-00.txt,1
2013-12-24 09:20:00,61.58,63.68,56.78,67.96,72.5,60.79,DCC-NOISE-001003-2013-12-24T00-00-00.txt,0
2013-11-21 05:26:00,51.97,57.85,45.28,55.32,60.88,48.96,DCC-NOISE-001003-2013-11-21T00-00-00.txt,0
2013-09-06 09:20:00,57.86,60.51,53.74,61.18,63.41,57.53,DCC-NOISE-001003-2013-09-06T00-00-00.txt,0
2013-11-30 11:37:00,60.26,63.04,56.23,62.01,64.18,58.97,DCC-NOISE-001003-2013-11-30T00-00-00.txt,0
2013-03-08 12:20:00,60.19,63.05,54.67,64.42,67.52,59.97,DCC-NOISE-001003-2013-03-08T00-00-00.txt,0
2013-04-18 16:25:00,63.17,67.75,56.96,71.93,79.22,61.53,DCC-NOISE-001003-2013-04-18T00-00-00.txt,1
2013-07-16 20:40:00,52.89,56.43,46.01,56.27,59.15,51.41,DCC-NOISE-001003-2013-07-16T00-00-00.txt,0
2013-04-18 00:55:00,66.04,70.77,58.43,74.82,80.76,63.64,DCC-NOISE-001003-2013-04-18T00-00-00.txt,1
2013-05-08 10:55:00,60.6,62.87,57.38,64.68,66.75,61.01,DCC-NOISE-001003-2013-05-08T00-00-00.txt,0
2013-03-21 14:40:00,63.81,64.88,59.53,68.44,71.39,63.84,DCC-NOISE-001003-2013-03-21T00-00-00.txt,1
2013-04-11 00:45:00,50.22,56.97,40.28,52.23,58.65,43.92,DCC-NOISE-001003-2013-04-11T00-00-00.txt,0
2013-04-17 10:00:00,59.14,61.68,55.11,64.16,66.01,58.88,DCC-NOISE-001003-2013-04-17T00-00-00.txt,0
2013-04-14 17:15:00,63.14,65.51,58.42,69.56,74.58,61.17,DCC-NOISE-001003-2013-04-14T00-00-00.txt,1
2013-01-08 04:55:00,46.31,49.84,42.28,50.57,54.95,46.58,DCC-NOISE-001003-2013-01-08T00-00-00.txt,0
2013-01-18 07:46:00,63.26,66.89,55.97,67.24,70.9,59.68,DCC-NOISE-001003-2013-01-18T00-00-00.txt,1
2013-12-27 13:27:00,63.83,66.49,60.06,69.03,74.31,62.79,DCC-NOISE-001003-2013-12-27T00-02-00.txt,1
2013-09-14 15:30:00,54.6,57.72,48.5,58.59,61.45,52.93,DCC-NOISE-001003-2013-09-14T00-00-00.txt,0
2013-10-27 03:16:00,55.96,59.57,49.99,57.78,61.25,51.72,DCC-NOISE-001003-2013-10-27T00-00-00.txt,0
2013-10-10 10:41:00,66.15,73.87,53.88,67.48,74.11,59.43,DCC-NOISE-001003-2013-10-10T00-00-00.txt,1
2013-03-01 15:40:00,63.08,64.64,61.11,65.42,67.15,63.17,DCC-NOISE-001003-2013-03-01T11-05-00.txt,1
2013-02-04 15:00:00,61.29,63.99,57.8,66.99,70.92,61.01,DCC-NOISE-001014-2013-02-04T00-00-00.txt,0
2013-12-03 08:42:00,58.97,61.89,55.11,64.21,67.44,59.04,DCC-NOISE-001003-2013-12-03T00-00-00.txt,0
2013-01-28 13:10:00,65.31,68.67,60.94,76.48,83.07,66.78,DCC-NOISE-001014-2013-01-28T00-00-00.txt,1
2013-09-17 04:45:00,50.32,52.93,47.25,54.34,57.5,50.42,DCC-NOISE-001003-2013-09-17T00-00-00.txt,0
2013-11-20 19:36:00,60.42,62.92,55.39,64.55,68.76,58.9,DCC-NOISE-001003-2013-11-20T00-00-00.txt,0
2013-12-23 12:57:00,61.76,64.23,57.56,68.91,73.38,61.99,DCC-NOISE-001003-2013-12-23T00-02-00.txt,0
2013-06-22 11:50:00,59.54,62.01,56.1,62.62,65.52,58.67,DCC-NOISE-001003-2013-06-22T00-00-00.txt,0
2013-03-21 20:00:00,61.65,64.8,56.7,64.68,66.64,59.98,DCC-NOISE-001003-2013-03-21T00-00-00.txt,0
2013-07-17 13:30:00,72.38,79.19,58.21,77.37,83.57,64.34,DCC-NOISE-001003-2013-07-17T00-00-00.txt,1
2013-01-04 17:45:00,57.57,60.81,52.5,59.81,62.33,55.94,DCC-NOISE-001003-2013-01-04T00-00-00.txt,0
2013-09-25 00:50:00,52.33,58.8,37.25,52.97,58.71,40.35,DCC-NOISE-001003-2013-09-25T00-00-00.txt,0
2013-10-07 00:15:00,52.69,58.3,43.53,55.18,60.06,47.45,DCC-NOISE-001003-2013-10-07T00-00-00.txt,0
2013-12-20 18:20:00,63.61,66.16,59.21,70.51,76.45,63.2,DCC-NOISE-001003-2013-12-20T00-00-00.txt,1
2013-07-04 11:35:00,57.48,59.89,54.28,62.11,64.95,57.33,DCC-NOISE-001003-2013-07-04T00-00-00.txt,0
2013-12-17 06:33:00,57.51,62.32,51.43,63.27,69.14,56.24,DCC-NOISE-001003-2013-12-17T00-03-00.txt,0
2013-01-06 01:20:00,55.08,59.79,47.46,56.76,61.14,49.76,DCC-NOISE-001003-2013-01-06T00-00-00.txt,0
2013-05-21 10:35:00,73.73,80.16,62.76,79.36,85.81,69.35,DCC-NOISE-001003-2013-05-21T00-00-00.txt,1
2013-08-26 11:55:00,66.08,70.01,53.24,72.22,76.01,64.58,DCC-NOISE-001003-2013-08-26T00-00-00.txt,1
2013-11-30 13:52:00,59.36,62.72,54.93,62.94,65.78,58.78,DCC-NOISE-001003-2013-11-30T00-00-00.txt,0
2013-03-19 17:25:00,63.22,64.9,55.76,65.63,67.91,58.96,DCC-NOISE-001003-2013-03-19T00-00-00.txt,1
2013-09-11 10:50:00,63.6,68.51,57.67,68.78,73.74,62.06,DCC-NOISE-001003-2013-09-11T00-00-00.txt,1
2013-12-07 15:57:00,58.28,60.96,54.07,61.18,63.43,57.16,DCC-NOISE-001003-2013-12-07T00-02-00.txt,0
2013-07-15 11:05:00,55.59,58.36,50.0,59.93,62.03,54.79,DCC-NOISE-001003-2013-07-15T00-00-00.txt,0
2013-09-15 12:30:00,63.48,65.99,59.15,68.06,72.92,61.11,DCC-NOISE-001003-2013-09-15T00-00-00.txt,1
2013-04-17 18:30:00,64.03,67.57,59.04,73.39,79.13,64.09,DCC-NOISE-001003-2013-04-17T00-00-00.txt,1
2013-10-19 08:02:00,54.71,59.04,49.62,57.99,61.4,52.73,DCC-NOISE-001003-2013-10-19T00-00-00.txt,0
2013-01-02 16:45:00,58.66,61.16,54.65,61.88,64.3,58.39,DCC-NOISE-001003-2013-01-02T00-00-00.txt,0
2013-06-20 06:30:00,63.29,71.3,45.15,62.48,69.64,49.53,DCC-NOISE-001003-2013-06-20T00-00-00.txt,1
2013-10-05 17:57:00,56.99,59.94,51.13,60.2,63.2,54.75,DCC-NOISE-001003-2013-10-05T00-00-00.txt,0
2013-12-03 07:47:00,59.33,62.2,55.39,63.16,65.93,59.0,DCC-NOISE-001003-2013-12-03T00-00-00.txt,0
2013-01-28 11:45:00,64.57,67.92,59.6,76.58,82.96,65.34,DCC-NOISE-001014-2013-01-28T00-00-00.txt,1
2013-10-18 15:52:00,63.5,65.13,61.34,64.39,66.28,62.13,DCC-NOISE-001003-2013-10-18T00-00-00.txt,1
2013-04-28 02:35:00,54.83,58.78,47.83,57.29,61.57,50.45,DCC-NOISE-001003-2013-04-28T00-00-00.txt,0
2013-04-09 20:15:00,56.92,60.01,50.04,60.38,62.98,55.31,DCC-NOISE-001003-2013-04-09T00-00-00.txt,0
2013-10-29 11:41:00,59.48,62.01,54.91,63.61,66.98,58.84,DCC-NOISE-001003-2013-10-29T00-00-00.txt,0
2013-06-11 15:15:00,65.17,70.51,58.81,72.42,78.42,65.44,DCC-NOISE-001003-2013-06-11T00-00-00.txt,1
2013-12-10 10:50:00,65.19,64.19,57.52,68.93,71.59,60.45,DCC-NOISE-001003-2013-12-10T00-00-00.txt,1
2013-09-15 23:05:00,55.97,59.68,50.56,59.35,63.15,53.63,DCC-NOISE-001003-2013-09-15T00-00-00.txt,0
2013-11-17 23:37:00,54.79,58.98,48.66,56.66,60.67,50.95,DCC-NOISE-001003-2013-11-17T00-00-00.txt,0
2013-12-20 16:50:00,64.0,65.89,60.38,72.01,77.87,64.32,DCC-NOISE-001003-2013-12-20T00-00-00.txt,1
2013-03-22 13:50:00,64.05,67.14,58.5,66.14,69.59,61.73,DCC-NOISE-001003-2013-03-22T00-00-00.txt,1
2013-06-06 09:15:00,69.81,76.59,50.21,75.92,82.35,55.45,DCC-NOISE-001003-2013-06-06T00-00-00.txt,1
2013-12-05 06:52:00,68.23,75.41,56.78,78.97,86.48,62.27,DCC-NOISE-001003-2013-12-05T00-00-00.txt,1
2013-04-03 14:35:00,64.03,67.07,58.81,64.52,66.92,60.16,DCC-NOISE-001003-2013-04-03T00-00-00.txt,1
2013-12-30 12:50:00,63.62,65.29,60.37,64.55,65.96,61.21,DCC-NOISE-001003-2013-12-30T00-00-00.txt,1
2013-06-05 23:30:00,51.54,56.68,42.33,54.26,58.84,45.75,DCC-NOISE-001003-2013-06-05T00-00-00.txt,0
2013-09-15 13:00:00,63.67,66.28,59.87,68.07,72.74,62.74,DCC-NOISE-001003-2013-09-15T00-00-00.txt,1
2013-05-15 05:05:00,66.61,69.13,48.86,65.69,67.78,52.09,DCC-NOISE-001003-2013-05-15T00-00-00.txt,1
2013-02-09 06:25:00,53.25,57.73,47.75,55.55,59.02,52.1,DCC-NOISE-001014-2013-02-09T00-00-00.txt,0
2013-07-18 05:35:00,52.66,57.42,46.52,55.1,59.08,50.26,DCC-NOISE-001003-2013-07-18T00-00-00.txt,0
2013-10-29 13:21:00,66.77,74.31,56.41,67.76,74.22,60.19,DCC-NOISE-001003-2013-10-29T00-00-00.txt,1
2013-06-08 23:35:00,52.56,57.91,42.68,55.71,60.87,47.01,DCC-NOISE-001003-2013-06-08T00-00-00.txt,0
2013-01-01 03:55:00,56.69,60.13,50.18,58.23,61.54,52.85,DCC-NOISE-001003-2013-01-01T00-00-00.txt,0
2013-08-02 16:50:00,63.67,66.72,55.72,64.17,66.64,57.93,DCC-NOISE-001003-2013-08-02T00-00-00.txt,1
2013-03-20 14:30:00,63.83,64.55,62.76,67.25,67.93,66.4,DCC-NOISE-001003-2013-03-20T00-00-00.txt,1
2013-12-26 20:55:00,65.7,69.89,57.65,74.07,78.98,63.84,DCC-NOISE-001003-2013-12-26T00-00-00.txt,1
2013-04-18 14:25:00,64.11,68.44,59.62,70.12,75.55,63.42,DCC-NOISE-001003-2013-04-18T00-00-00.txt,1
2013-02-14 04:35:00,49.73,55.7,45.4,53.23,57.79,49.59,DCC-NOISE-001014-2013-02-14T00-00-00.txt,0
2013-01-30 12:05:00,62.59,64.48,58.92,69.9,73.58,63.25,DCC-NOISE-001014-2013-01-30T00-00-00.txt,0
2013-01-28 12:00:00,64.41,68.47,59.09,76.44,82.66,65.21,DCC-NOISE-001014-2013-01-28T00-00-00.txt,1
2013-12-17 15:28:00,59.18,62.37,53.96,63.54,66.7,59.02,DCC-NOISE-001003-2013-12-17T00-03-00.txt,0
2013-06-13 18:50:00,58.81,60.85,55.56,61.15,63.14,57.23,DCC-NOISE-001003-2013-06-13T00-00-00.txt,0
2013-06-20 09:30:00,68.3,77.42,49.76,73.94,83.0,55.83,DCC-NOISE-001003-2013-06-20T00-00-00.txt,1
2013-05-20 17:55:00,63.2,62.39,53.71,64.86,66.46,57.17,DCC-NOISE-001003-2013-05-20T00-00-00.txt,1
2013-12-21 13:13:00,64.41,65.51,62.41,65.98,68.14,63.03,DCC-NOISE-001003-2013-12-21T00-03-00.txt,1
2013-03-27 10:05:00,60.45,64.46,54.21,62.7,65.95,57.32,DCC-NOISE-001003-2013-03-27T00-00-00.txt,0
2013-06-17 22:10:00,66.27,72.34,51.47,65.45,70.98,55.32,DCC-NOISE-001003-2013-06-17T00-00-00.txt,1
2013-07-01 16:05:00,61.8,62.66,51.8,64.49,68.06,56.1,DCC-NOISE-001003-2013-07-01T00-00-00.txt,0
2013-04-03 16:05:00,65.7,68.15,61.56,65.67,67.84,61.67,DCC-NOISE-001003-2013-04-03T00-00-00.txt,1
2013-10-16 09:37:00,60.54,63.99,55.53,63.77,67.23,58.81,DCC-NOISE-001003-2013-10-16T00-00-00.txt,0
2013-08-18 16:20:00,80.24,87.49,65.91,82.42,89.9,67.64,DCC-NOISE-001003-2013-08-18T00-00-00.txt,1
2013-05-04 08:55:00,61.11,65.86,53.67,65.85,71.61,57.45,DCC-NOISE-001003-2013-05-04T00-00-00.txt,0
2013-02-24 18:55:00,57.58,61.53,49.68,60.13,63.55,54.07,DCC-NOISE-001003-2013-02-24T00-00-00.txt,0
2013-07-21 00:15:00,50.39,55.06,40.0,53.07,57.23,44.75,DCC-NOISE-001003-2013-07-21T00-00-00.txt,0
2013-12-06 09:46:00,60.37,62.71,57.11,63.41,65.8,60.37,DCC-NOISE-001003-2013-12-06T00-00-00.txt,0
2013-03-22 08:05:00,61.31,64.7,56.18,64.24,67.38,59.98,DCC-NOISE-001003-2013-03-22T00-00-00.txt,0
2013-12-10 14:55:00,60.47,62.68,56.15,63.97,66.1,60.04,DCC-NOISE-001003-2013-12-10T00-00-00.txt,0
2013-11-20 18:41:00,60.21,62.73,56.15,64.54,67.03,60.7,DCC-NOISE-001003-2013-11-20T00-00-00.txt,0
2013-03-30 13:15:00,63.39,66.54,57.88,64.22,67.29,59.89,DCC-NOISE-001003-2013-03-30T00-00-00.txt,1
2013-08-18 14:20:00,64.14,67.47,59.35,65.78,68.52,62.33,DCC-NOISE-001003-2013-08-18T00-00-00.txt,1
2013-07-22 02:30:00,42.56,48.2,36.83,46.25,50.83,42.05,DCC-NOISE-001003-2013-07-22T00-00-00.txt,0
2013-10-01 08:07:00,62.45,66.25,55.86,63.76,66.83,58.59,DCC-NOISE-001003-2013-10-01T00-00-00.txt,0
2013-11-10 16:36:00,56.95,60.5,49.15,60.97,63.77,54.68,DCC-NOISE-001003-2013-11-10T00-00-00.txt,0
2013-03-15 08:05:00,60.32,63.37,56.38,64.02,67.28,59.69,DCC-NOISE-001003-2013-03-15T00-00-00.txt,0
2013-03-06 16:50:00,60.72,64.43,53.62,63.23,66.7,57.61,DCC-NOISE-001003-2013-03-06T00-00-00.txt,0
2013-06-29 00:05:00,52.53,56.67,46.16,54.82,58.23,49.64,DCC-NOISE-001003-2013-06-29T00-00-00.txt,0
2013-02-11 18:30:00,61.66,61.51,50.8,63.29,64.99,53.58,DCC-NOISE-001014-2013-02-11T00-00-00.txt,0
2013-12-30 14:20:00,63.63,65.32,60.69,64.78,66.65,61.64,DCC-NOISE-001003-2013-12-30T00-00-00.txt,1
2013-02-13 08:50:00,60.91,64.46,55.21,63.83,66.74,59.18,DCC-NOISE-001014-2013-02-13T00-00-00.txt,0
2013-12-14 05:15:00,52.87,55.86,47.2,61.28,66.04,52.61,DCC-NOISE-001003-2013-12-14T00-00-00.txt,0
2013-11-04 03:02:00,49.74,55.13,43.06,52.2,57.39,46.55,DCC-NOISE-001003-2013-11-04T00-00-00.txt,0
2013-12-20 15:00:00,64.53,66.04,61.48,71.4,77.16,63.19,DCC-NOISE-001003-2013-12-20T00-00-00.txt,1
2013-04-18 16:20:00,65.28,70.43,57.49,75.27,82.56,63.22,DCC-NOISE-001003-2013-04-18T00-00-00.txt,1
2013-01-29 14:10:00,63.93,66.38,57.14,70.5,75.99,62.27,DCC-NOISE-001014-2013-01-29T00-00-00.txt,1
2013-12-27 05:57:00,69.34,72.48,61.29,78.22,83.17,66.43,DCC-NOISE-001003-2013-12-27T00-02-00.txt,1
2013-12-05 11:32:00,63.91,67.06,59.81,71.08,76.53,63.27,DCC-NOISE-001003-2013-12-05T00-00-00.txt,1
2013-04-18 12:55:00,68.08,74.71,59.85,78.99,86.78,66.61,DCC-NOISE-001003-2013-04-18T00-00-00.txt,1
2013-03-26 07:35:00,61.21,63.87,56.1,62.03,64.39,57.97,DCC-NOISE-001003-2013-03-26T00-00-00.txt,0
2013-05-16 15:05:00,60.53,62.56,56.97,62.45,64.45,59.08,DCC-NOISE-001003-2013-05-16T00-00-00.txt,0
2013-11-18 16:32:00,64.6,63.82,55.99,67.07,68.62,59.96,DCC-NOISE-001003-2013-11-18T00-00-00.txt,1
2013-12-05 10:37:00,66.4,71.1,57.88,76.69,83.04,62.7,DCC-NOISE-001003-2013-12-05T00-00-00.txt,1
2013-12-20 17:05:00,62.22,65.6,58.49,69.73,74.81,63.61,DCC-NOISE-001003-2013-12-20T00-00-00.txt,0
2013-03-14 11:15:00,67.06,74.69,55.3,72.4,79.03,61.85,DCC-NOISE-001003-2013-03-14T00-00-00.txt,1
2013-04-29 09:45:00,60.52,62.83,55.27,66.84,70.92,59.75,DCC-NOISE-001003-2013-04-29T00-00-00.txt,0
2013-04-18 17:15:00,63.09,65.8,58.8,71.62,77.1,63.3,DCC-NOISE-001003-2013-04-18T00-00-00.txt,1
2013-05-04 22:10:00,58.59,62.84,53.46,61.92,67.13,56.71,DCC-NOISE-001003-2013-05-04T00-00-00.txt,0
2013-12-27 09:52:00,63.49,65.74,59.69,70.38,74.49,62.68,DCC-NOISE-001003-2013-12-27T00-02-00.txt,1
2013-10-04 11:22:00,65.35,67.43,62.37,72.88,74.86,69.56,DCC-NOISE-001003-2013-10-04T00-00-00.txt,1
2013-11-29 12:51:00,60.26,62.55,56.46,62.98,64.88,60.04,DCC-NOISE-001003-2013-11-29T00-00-00.txt,0
2013-12-27 12:27:00,63.12,64.61,59.66,66.89,69.61,61.0,DCC-NOISE-001003-2013-12-27T00-02-00.txt,1
2013-08-18 17:35:00,76.25,87.94,54.35,78.93,90.14,58.47,DCC-NOISE-001003-2013-08-18T00-00-00.txt,1
2013-05-13 09:30:00,68.88,72.95,58.91,74.37,78.82,64.28,DCC-NOISE-001003-2013-05-13T00-00-00.txt,1
2013-12-27 10:02:00,63.97,65.68,60.19,71.86,76.93,63.02,DCC-NOISE-001003-2013-12-27T00-02-00.txt,1
2013-02-01 10:30:00,60.45,62.59,57.72,66.13,69.66,61.97,DCC-NOISE-001014-2013-02-01T00-00-00.txt,0
2013-01-08 12:25:00,70.26,74.6,54.48,69.55,73.23,57.92,DCC-NOISE-001003-2013-01-08T00-00-00.txt,1
2013-11-21 16:21:00,56.92,59.51,53.38,60.84,63.67,57.57,DCC-NOISE-001003-2013-11-21T00-00-00.txt,0
2013-05-27 08:40:00,61.14,64.05,57.1,64.35,67.82,60.27,DCC-NOISE-001003-2013-05-27T00-00-00.txt,0
2013-08-20 23:30:00,52.66,56.4,47.1,55.74,59.06,51.22,DCC-NOISE-001003-2013-08-20T00-55-00.txt,0
2013-01-18 03:56:00,69.5,78.24,47.22,74.8,83.44,54.81,DCC-NOISE-001003-2013-01-18T00-00-00.txt,1
2013-12-24 13:20:00,64.42,67.07,60.57,72.45,77.6,65.24,DCC-NOISE-001003-2013-12-24T00-00-00.txt,1
2013-12-24 13:35:00,63.29,65.63,60.52,70.29,75.05,64.62,DCC-NOISE-001003-2013-12-24T00-00-00.txt,1
2013-05-24 09:40:00,60.54,61.01,54.24,63.02,65.12,57.76,DCC-NOISE-001003-2013-05-24T00-00-00.txt,0
2013-10-18 07:17:00,55.4,59.64,49.72,58.34,62.13,53.79,DCC-NOISE-001003-2013-10-18T00-00-00.txt,0
2013-05-28 11:25:00,62.79,67.49,51.03,64.43,68.65,55.24,DCC-NOISE-001003-2013-05-28T00-00-00.txt,0
2013-11-23 18:26:00,61.01,62.92,58.03,62.97,64.85,60.25,DCC-NOISE-001003-2013-11-23T00-00-00.txt,0
2013-07-06 02:45:00,48.17,52.74,43.03,51.17,55.43,47.11,DCC-NOISE-001003-2013-07-06T00-00-00.txt,0
2013-06-08 17:30:00,54.39,57.8,47.99,58.28,61.67,52.42,DCC-NOISE-001003-2013-06-08T00-00-00.txt,0
2013-05-06 13:10:00,70.89,72.76,68.2,69.74,71.61,67.25,DCC-NOISE-001003-2013-05-06T00-00-00.txt,1
2013-04-18 13:30:00,63.6,65.8,56.76,73.11,77.35,62.26,DCC-NOISE-001003-2013-04-18T00-00-00.txt,1
2013-12-22 10:20:00,63.45,65.01,60.9,63.53,65.07,61.26,DCC-NOISE-001003-2013-12-22T00-00-00.txt,1
2013-05-03 09:30:00,71.93,73.93,69.15,71.07,72.87,68.61,DCC-NOISE-001003-2013-05-03T00-00-00.txt,1
2013-06-20 08:35:00,69.1,71.42,64.98,74.71,77.74,69.25,DCC-NOISE-001003-2013-06-20T00-00-00.txt,1
2013-12-27 19:07:00,63.13,65.61,59.01,68.6,73.73,61.41,DCC-NOISE-001003-2013-12-27T00-02-00.txt,1
2013-12-12 14:05:00,62.09,63.56,60.11,64.43,67.54,61.8,DCC-NOISE-001003-2013-12-12T00-00-00.txt,0
2013-01-17 20:01:00,63.03,68.79,53.94,68.11,75.01,58.42,DCC-NOISE-001003-2013-01-17T00-00-00.txt,0
2013-06-14 20:05:00,59.62,61.94,56.23,62.29,64.29,59.06,DCC-NOISE-001003-2013-06-14T00-00-00.txt,0
2013-01-30 15:55:00,64.34,70.23,57.14,69.27,75.83,62.11,DCC-NOISE-001014-2013-01-30T00-00-00.txt,1
2013-09-10 16:55:00,57.65,60.11,52.55,61.64,64.41,56.58,DCC-NOISE-001003-2013-09-10T00-00-00.txt,0
2013-02-08 12:35:00,60.7,62.84,56.11,63.16,65.37,59.22,DCC-NOISE-001014-2013-02-08T00-00-00.txt,0
2013-08-16 08:20:00,59.26,61.77,54.74,64.46,67.53,60.55,DCC-NOISE-001003-2013-08-16T00-00-00.txt,0
2013-12-26 20:10:00,64.38,67.73,58.87,72.6,78.92,63.51,DCC-NOISE-001003-2013-12-26T00-00-00.txt,1
2013-07-13 13:50:00,53.03,56.61,44.77,58.84,62.03,52.6,DCC-NOISE-001003-2013-07-13T00-00-00.txt,0
2013-12-27 04:02:00,68.28,72.68,57.52,78.12,85.54,63.04,DCC-NOISE-001003-2013-12-27T00-02-00.txt,1
2013-12-12 14:50:00,60.99,62.69,58.96,62.64,65.13,60.12,DCC-NOISE-001003-2013-12-12T00-00-00.txt,0
2013-09-09 09:00:00,60.2,61.6,55.2,63.38,65.35,59.75,DCC-NOISE-001003-2013-09-09T00-00-00.txt,0
2013-01-25 14:05:00,64.98,67.16,61.13,72.54,77.68,64.14,DCC-NOISE-001014-2013-01-25T00-00-00.txt,1
2013-07-16 14:20:00,54.76,57.54,49.82,61.32,64.61,56.49,DCC-NOISE-001003-2013-07-16T00-00-00.txt,0
2013-03-24 20:40:00,56.47,60.35,50.11,60.14,63.19,54.33,DCC-NOISE-001003-2013-03-24T00-00-00.txt,0
2013-12-24 14:05:00,63.31,64.6,60.48,70.5,75.06,64.0,DCC-NOISE-001003-2013-12-24T00-00-00.txt,1
2013-04-14 18:15:00,65.02,68.81,59.66,75.28,82.0,63.16,DCC-NOISE-001003-2013-04-14T00-00-00.txt,1
2013-12-06 09:16:00,61.5,64.04,57.68,64.47,66.99,60.92,DCC-NOISE-001003-2013-12-06T00-00-00.txt,0
2013-12-31 18:02:00,60.3,64.03,55.21,62.66,65.77,57.9,DCC-NOISE-001003-2013-12-31T00-02-00.txt,0
2013-06-25 07:20:00,54.63,58.86,48.06,58.7,62.55,51.6,DCC-NOISE-001003-2013-06-25T00-00-00.txt,0
2013-11-26 14:31:00,67.33,70.32,62.31,73.6,76.42,68.54,DCC-NOISE-001003-2013-11-26T00-00-00.txt,1
2013-04-11 19:15:00,60.56,64.51,53.47,62.54,65.48,57.5,DCC-NOISE-001003-2013-04-11T00-00-00.txt,0
2013-12-14 18:10:00,61.14,64.29,56.56,64.22,67.25,59.42,DCC-NOISE-001003-2013-12-14T00-00-00.txt,0
2013-04-03 16:00:00,64.79,67.34,60.91,65.32,67.69,62.28,DCC-NOISE-001003-2013-04-03T00-00-00.txt,1
2013-12-21 13:58:00,64.1,65.87,61.9,65.82,67.86,62.62,DCC-NOISE-001003-2013-12-21T00-03-00.txt,1
2013-12-17 09:08:00,64.21,66.51,57.53,66.47,68.42,62.45,DCC-NOISE-001003-2013-12-17T00-03-00.txt,1
2013-10-25 21:31:00,57.52,60.09,54.33,60.46,62.71,57.3,DCC-NOISE-001003-2013-10-25T00-00-00.txt,0
2013-02-20 18:00:00,61.72,63.92,53.03,64.57,67.57,58.84,DCC-NOISE-001003-2013-02-20T00-00-00.txt,0
2013-07-02 11:25:00,58.47,62.19,53.5,60.79,63.38,57.1,DCC-NOISE-001003-2013-07-02T00-00-00.txt,0
2013-01-26 17:40:00,60.87,63.24,56.93,64.84,67.81,61.16,DCC-NOISE-001014-2013-01-26T00-00-00.txt,0
2013-07-16 01:15:00,50.08,55.15,42.65,53.03,57.12,47.94,DCC-NOISE-001003-2013-07-16T00-00-00.txt,0
2013-08-18 16:25:00,69.01,73.15,62.0,72.23,75.35,63.98,DCC-NOISE-001003-2013-08-18T00-00-00.txt,1
2013-07-04 15:30:00,57.54,59.85,53.14,62.28,65.43,57.16,DCC-NOISE-001003-2013-07-04T00-00-00.txt,0
2013-05-18 02:25:00,81.39,84.11,74.59,83.67,86.66,76.39,DCC-NOISE-001003-2013-05-18T00-00-00.txt,1
2013-03-11 16:05:00,63.07,64.93,59.37,66.32,70.64,60.73,DCC-NOISE-001003-2013-03-11T00-00-00.txt,1
2013-10-19 19:12:00,57.03,60.14,52.39,59.82,62.41,55.59,DCC-NOISE-001003-2013-10-19T00-00-00.txt,0
2013-05-21 09:15:00,69.93,73.88,64.96,75.14,79.02,69.18,DCC-NOISE-001003-2013-05-21T00-00-00.txt,1
2013-10-29 09:46:00,58.84,61.14,55.96,62.96,66.13,59.64,DCC-NOISE-001003-2013-10-29T00-00-00.txt,0
2013-12-16 14:20:00,63.74,65.24,61.4,64.79,67.02,62.15,DCC-NOISE-001003-2013-12-16T00-00-00.txt,1
2013-10-31 13:51:00,66.71,68.83,64.07,77.02,79.16,73.67,DCC-NOISE-001003-2013-10-31T00-00-00.txt,1
2013-03-21 13:25:00,67.54,70.94,63.64,70.98,73.45,67.52,DCC-NOISE-001003-2013-03-21T00-00-00.txt,1
2013-02-15 15:40:00,70.86,73.12,67.84,69.9,72.0,66.87,DCC-NOISE-001014-2013-02-15T00-00-00.txt,1
2013-02-26 11:05:00,63.56,67.57,54.34,69.08,73.37,58.79,DCC-NOISE-001003-2013-02-26T00-00-00.txt,1
2013-11-12 07:21:00,60.51,62.33,58.18,63.26,64.55,61.09,DCC-NOISE-001003-2013-11-12T00-00-00.txt,0
2013-12-16 11:40:00,61.42,63.76,56.44,64.53,66.2,59.93,DCC-NOISE-001003-2013-12-16T00-00-00.txt,0
2013-04-07 20:40:00,64.1,72.76,49.46,64.31,71.3,53.5,DCC-NOISE-001003-2013-04-07T00-00-00.txt,1
2013-12-26 22:05:00,64.0,66.93,58.79,67.02,71.35,60.43,DCC-NOISE-001003-2013-12-26T00-00-00.txt,1
2013-10-05 22:52:00,53.8,57.62,48.41,56.61,59.82,51.49,DCC-NOISE-001003-2013-10-05T00-00-00.txt,0
2013-01-08 12:40:00,73.36,74.86,71.08,72.33,74.09,70.0,DCC-NOISE-001003-2013-01-08T00-00-00.txt,1
2013-01-28 12:35:00,63.49,65.98,58.7,74.04,79.67,64.24,DCC-NOISE-001014-2013-01-28T00-00-00.txt,1
2013-10-26 08:21:00,53.91,58.3,47.93,56.97,61.2,51.94,DCC-NOISE-001003-2013-10-26T00-00-00.txt,0
2013-05-24 03:15:00,50.12,55.09,44.26,52.64,57.17,48.02,DCC-NOISE-001003-2013-05-24T00-00-00.txt,0
2013-04-19 18:30:00,63.53,69.47,56.13,67.32,73.04,60.28,DCC-NOISE-001003-2013-04-19T00-00-00.txt,1
2013-04-14 17:05:00,62.87,65.85,57.45,71.24,77.91,60.14,DCC-NOISE-001003-2013-04-14T00-00-00.txt,0
2013-04-18 02:45:00,63.75,70.71,53.31,74.64,82.72,59.13,DCC-NOISE-001003-2013-04-18T00-00-00.txt,1
2013-12-24 10:35:00,63.34,66.12,57.75,71.88,77.99,61.85,DCC-NOISE-001003-2013-12-24T00-00-00.txt,1
2013-02-16 20:40:00,56.41,60.13,51.34,60.12,63.47,54.92,DCC-NOISE-001014-2013-02-16T00-00-00.txt,0
2013-04-26 07:25:00,60.64,63.41,56.66,64.26,68.0,60.16,DCC-NOISE-001003-2013-04-26T00-00-00.txt,0
2013-04-03 13:35:00,63.07,66.64,54.16,64.87,68.21,58.13,DCC-NOISE-001003-2013-04-03T00-00-00.txt,1
2013-12-25 15:07:00,62.18,64.1,58.56,62.4,64.36,58.97,DCC-NOISE-001003-2013-12-25T00-02-00.txt,0
2013-08-31 12:00:00,56.24,59.05,51.25,61.81,65.67,56.45,DCC-NOISE-001003-2013-08-31T00-00-00.txt,0
2013-12-27 14:27:00,65.13,67.46,61.37,71.58,76.63,64.1,DCC-NOISE-001003-2013-12-27T00-02-00.txt,1
2013-04-23 18:15:00,68.5,73.06,58.66,67.72,71.64,60.12,DCC-NOISE-001003-2013-04-23T00-00-00.txt,1
2013-03-19 15:20:00,65.11,69.77,56.09,68.73,73.81,60.46,DCC-NOISE-001003-2013-03-19T00-00-00.txt,1
2013-03-29 15:25:00,63.18,64.58,60.02,63.44,65.42,59.94,DCC-NOISE-001003-2013-03-29T00-00-00.txt,1
2013-03-21 11:25:00,63.49,67.99,57.46,68.44,72.35,62.23,DCC-NOISE-001003-2013-03-21T00-00-00.txt,1
2013-04-07 13:40:00,60.34,62.93,55.99,64.67,69.26,58.23,DCC-NOISE-001003-2013-04-07T00-00-00.txt,0
2013-03-21 10:45:00,65.45,67.6,60.03,70.34,73.41,64.41,DCC-NOISE-001003-2013-03-21T00-00-00.txt,1
2013-12-05 07:27:00,64.29,68.97,58.17,73.59,80.64,62.89,DCC-NOISE-001003-2013-12-05T00-00-00.txt,1
2013-01-18 14:21:00,63.25,66.89,57.45,68.16,73.9,60.6,DCC-NOISE-001003-2013-01-18T00-00-00.txt,1
2013-01-18 09:11:00,64.01,66.47,57.66,68.35,72.81,61.33,DCC-NOISE-001003-2013-01-18T00-00-00.txt,1
2013-01-26 14:05:00,60.72,63.46,56.86,66.0,69.23,60.96,DCC-NOISE-001014-2013-01-26T00-00-00.txt,0
2013-04-17 21:55:00,64.8,68.99,58.48,73.72,79.95,63.48,DCC-NOISE-001003-2013-04-17T00-00-00.txt,1
2013-01-30 11:00:00,72.52,78.08,61.56,82.44,90.12,66.64,DCC-NOISE-001014-2013-01-30T00-00-00.txt,1
2013-04-07 13:25:00,63.19,66.87,57.87,63.65,66.89,58.71,DCC-NOISE-001003-2013-04-07T00-00-00.txt,1
2013-03-15 07:25:00,60.54,63.92,56.9,63.69,66.76,59.71,DCC-NOISE-001003-2013-03-15T00-00-00.txt,0
2013-02-06 10:40:00,64.5,70.62,53.91,65.66,69.91,58.59,DCC-NOISE-001014-2013-02-06T00-00-00.txt,1
2013-03-20 09:35:00,62.15,66.7,51.52,65.48,70.45,55.61,DCC-NOISE-001003-2013-03-20T00-00-00.txt,0
2013-12-18 16:00:00,69.21,71.49,65.37,74.58,79.2,67.31,DCC-NOISE-001003-2013-12-18T00-00-00.txt,1
2013-01-18 18:36:00,61.42,64.75,54.03,64.09,67.41,57.33,DCC-NOISE-001003-2013-01-18T00-00-00.txt,0
2013-03-20 11:50:00,64.86,66.38,60.19,70.14,73.29,64.34,DCC-NOISE-001003-2013-03-20T00-00-00.txt,1
2013-01-26 20:40:00,60.02,62.96,55.48,68.59,75.64,59.45,DCC-NOISE-001014-2013-01-26T00-00-00.txt,0
2013-06-30 21:50:00,55.42,58.33,51.08,58.05,60.82,54.61,DCC-NOISE-001003-2013-06-30T00-00-00.txt,0
2013-04-18 15:50:00,67.51,73.42,59.02,76.84,83.42,63.67,DCC-NOISE-001003-2013-04-18T00-00-00.txt,1
2013-04-03 15:55:00,65.47,68.09,60.05,66.67,69.52,61.19,DCC-NOISE-001003-2013-04-03T00-00-00.txt,1
2013-01-18 16:11:00,60.44,63.35,55.07,63.11,65.54,58.78,DCC-NOISE-001003-2013-01-18T00-00-00.txt,0
2013-06-25 18:05:00,63.47,71.63,49.7,63.68,70.37,54.32,DCC-NOISE-001003-2013-06-25T00-00-00.txt,1
2013-05-13 10:40:00,67.2,71.06,62.34,73.07,77.34,67.44,DCC-NOISE-001003-2013-05-13T00-00-00.txt,1
2013-05-01 11:05:00,73.06,80.61,61.52,78.23,85.34,66.93,DCC-NOISE-001003-2013-05-01T00-00-00.txt,1
2013-03-18 14:25:00,60.79,62.74,57.88,62.07,64.13,58.85,DCC-NOISE-001003-2013-03-18T00-00-00.txt,0
2013-05-05 22:35:00,66.71,71.6,51.11,65.89,70.34,53.52,DCC-NOISE-001003-2013-05-05T00-00-00.txt,1
2013-12-26 19:55:00,65.56,70.3,59.5,74.87,80.01,65.14,DCC-NOISE-001003-2013-12-26T00-00-00.txt,1
2013-04-18 00:05:00,64.95,69.59,57.45,73.62,80.37,62.56,DCC-NOISE-001003-2013-04-18T00-00-00.txt,1
2013-07-25 12:35:00,64.35,66.34,61.39,64.43,66.21,61.37,DCC-NOISE-001003-2013-07-25T00-00-00.txt,1
2013-05-02 04:15:00,45.7,52.89,38.34,48.49,55.47,42.57,DCC-NOISE-001003-2013-05-02T00-00-00.txt,0
2013-05-16 17:00:00,58.84,61.05,53.79,61.28,64.3,55.44,DCC-NOISE-001003-2013-05-16T00-00-00.txt,0
2013-06-18 05:10:00,53.06,60.31,41.2,54.04,60.56,45.23,DCC-NOISE-001003-2013-06-18T00-00-00.txt,0
2013-03-28 17:40:00,58.06,61.59,52.17,62.19,65.53,56.06,DCC-NOISE-001003-2013-03-28T00-00-00.txt,0
2013-03-09 12:40:00,61.0,64.28,56.77,62.58,65.89,58.45,DCC-NOISE-001003-2013-03-09T00-00-00.txt,0
2013-02-07 16:20:00,60.76,63.47,55.8,63.91,66.41,59.63,DCC-NOISE-001014-2013-02-07T00-00-00.txt,0
2013-11-03 08:07:00,53.76,58.53,48.82,57.09,60.95,52.35,DCC-NOISE-001003-2013-11-03T00-00-00.txt,0
2013-12-20 15:10:00,64.06,67.76,59.29,71.83,78.02,62.94,DCC-NOISE-001003-2013-12-20T00-00-00.txt,1
2013-04-17 11:15:00,63.21,68.13,56.43,72.22,78.78,62.03,DCC-NOISE-001003-2013-04-17T00-00-00.txt,1
2013-01-08 14:10:00,72.66,74.23,70.34,71.44,72.93,69.29,DCC-NOISE-001003-2013-01-08T00-00-00.txt,1
2013-04-20 20:25:00,64.05,71.48,52.67,64.26,70.35,56.21,DCC-NOISE-001003-2013-04-20T00-00-00.txt,1
2013-05-01 11:00:00,73.38,79.69,62.95,78.65,84.55,69.01,DCC-NOISE-001003-2013-05-01T00-00-00.txt,1
2013-12-05 10:32:00,65.33,70.7,59.07,75.19,82.96,63.54,DCC-NOISE-001003-2013-12-05T00-00-00.txt,1
2013-01-27 19:30:00,60.29,63.11,55.99,63.32,65.79,58.98,DCC-NOISE-001014-2013-01-27T00-00-00.txt,0
2013-12-14 09:25:00,63.25,66.52,58.31,71.67,79.06,61.02,DCC-NOISE-001003-2013-12-14T00-00-00.txt,1
2013-03-20 18:05:00,57.93,61.27,50.83,61.04,63.89,55.88,DCC-NOISE-001003-2013-03-20T00-00-00.txt,0
2013-02-05 11:15:00,60.81,62.62,58.51,67.96,71.56,63.15,DCC-NOISE-001014-2013-02-05T00-00-00.txt,0
2013-09-01 02:05:00,53.56,58.99,47.32,55.78,60.83,50.15,DCC-NOISE-001003-2013-09-01T00-00-00.txt,0
2013-05-14 11:00:00,56.38,59.06,51.77,61.49,64.78,57.05,DCC-NOISE-001003-2013-05-14T00-00-00.txt,0
2013-01-28 13:15:00,66.41,69.8,60.5,77.36,84.22,66.38,DCC-NOISE-001014-2013-01-28T00-00-00.txt,1
2013-02-23 00:40:00,52.2,57.49,43.29,54.79,60.16,46.53,DCC-NOISE-001003-2013-02-23T00-00-00.txt,0
2013-01-18 14:51:00,63.24,64.8,58.17,66.76,69.84,61.14,DCC-NOISE-001003-2013-01-18T00-00-00.txt,1
2013-01-10 19:10:00,61.53,63.81,56.9,64.02,66.93,59.98,DCC-NOISE-001003-2013-01-10T00-00-00.txt,0
2013-03-28 13:45:00,63.37,66.02,59.13,64.25,66.43,60.62,DCC-NOISE-001003-2013-03-28T00-00-00.txt,1
2013-03-14 07:40:00,60.65,63.12,58.02,63.91,66.32,61.34,DCC-NOISE-001003-2013-03-14T00-00-00.txt,0
2013-07-29 21:00:00,55.63,59.82,49.67,59.52,63.34,53.38,DCC-NOISE-001003-2013-07-29T00-00-00.txt,0
2013-12-31 06:32:00,53.25,57.51,48.2,55.54,59.55,51.25,DCC-NOISE-001003-2013-12-31T00-02-00.txt,0
2013-12-18 15:15:00,60.59,62.52,57.35,68.34,73.19,62.21,DCC-NOISE-001003-2013-12-18T00-00-00.txt,0
2013-01-08 14:15:00,69.6,73.45,57.65,68.91,72.19,59.76,DCC-NOISE-001003-2013-01-08T00-00-00.txt,1
2013-03-24 12:55:00,64.51,67.56,59.12,64.36,67.23,59.12,DCC-NOISE-001003-2013-03-24T00-00-00.txt,1
2013-09-30 04:07:00,45.25,50.32,39.72,47.07,52.11,42.49,DCC-NOISE-001003-2013-09-30T00-00-00.txt,0
2013-03-10 20:05:00,63.63,70.18,53.42,70.66,77.45,57.99,DCC-NOISE-001003-2013-03-10T00-00-00.txt,1
2013-11-18 15:52:00,60.29,62.9,56.66,62.76,64.94,59.73,DCC-NOISE-001003-2013-11-18T00-00-00.txt,0
2013-09-19 11:35:00,60.89,64.2,57.44,65.03,68.01,60.36,DCC-NOISE-001003-2013-09-19T00-00-00.txt,0
2013-03-20 15:00:00,63.45,65.76,51.26,66.48,69.04,55.29,DCC-NOISE-001003-2013-03-20T00-00-00.txt,1
2013-07-20 09:30:00,53.64,57.41,46.26,57.86,61.27,50.52,DCC-NOISE-001003-2013-07-20T00-00-00.txt,0
2013-11-02 16:47:00,64.84,68.47,59.93,70.38,76.69,62.85,DCC-NOISE-001003-2013-11-02T00-00-00.txt,1
2013-12-13 16:37:00,58.5,61.0,54.61,63.55,66.77,59.19,DCC-NOISE-001003-2013-12-13T00-02-00.txt,0
2013-02-05 12:00:00,63.84,65.22,57.9,71.67,76.6,63.84,DCC-NOISE-001014-2013-02-05T00-00-00.txt,1
2013-04-14 12:20:00,63.96,67.5,56.73,74.29,81.38,62.36,DCC-NOISE-001003-2013-04-14T00-00-00.txt,1
2013-10-02 06:37:00,53.71,58.43,46.33,57.13,61.23,50.2,DCC-NOISE-001003-2013-10-02T00-00-00.txt,0
2013-12-04 07:02:00,61.11,63.06,58.84,63.98,65.66,61.76,DCC-NOISE-001003-2013-12-04T00-00-00.txt,0
2013-08-30 08:55:00,63.78,68.75,57.48,67.11,69.9,62.99,DCC-NOISE-001003-2013-08-30T00-00-00.txt,1
2013-06-19 06:20:00,63.92,66.73,59.61,62.73,65.19,58.64,DCC-NOISE-001003-2013-06-19T00-00-00.txt,1
2013-06-27 03:25:00,47.34,51.86,41.57,50.9,55.19,46.71,DCC-NOISE-001003-2013-06-27T00-00-00.txt,0
2013-12-27 07:07:00,64.8,69.38,58.04,73.87,81.06,62.91,DCC-NOISE-001003-2013-12-27T00-02-00.txt,1
2013-01-20 14:12:00,60.41,63.17,56.1,62.13,65.1,57.64,DCC-NOISE-001003-2013-01-20T00-00-00.txt,0
2013-12-30 09:20:00,64.71,66.76,61.16,65.35,67.93,61.2,DCC-NOISE-001003-2013-12-30T00-00-00.txt,1
2013-01-17 14:11:00,58.18,61.15,53.6,60.89,63.87,56.63,DCC-NOISE-001003-2013-01-17T00-00-00.txt,0
2013-01-14 15:16:00,61.7,64.76,56.69,64.92,67.56,60.33,DCC-NOISE-001003-2013-01-14T00-00-00.txt,0
2013-10-14 04:46:00,48.74,54.35,43.54,50.96,57.04,46.03,DCC-NOISE-001003-2013-10-14T00-00-00.txt,0
2013-04-18 12:20:00,64.56,69.75,57.33,74.37,81.93,62.14,DCC-NOISE-001003-2013-04-18T00-00-00.txt,1
2013-08-29 16:50:00,56.78,59.38,50.77,60.93,63.63,55.47,DCC-NOISE-001003-2013-08-29T00-00-00.txt,0
2013-09-03 11:25:00,74.62,79.38,63.75,80.39,85.11,69.85,DCC-NOISE-001003-2013-09-03T00-00-00.txt,1
2013-02-05 15:15:00,60.91,63.18,57.76,66.09,68.92,62.26,DCC-NOISE-001014-2013-02-05T00-00-00.txt,0
2013-04-26 14:50:00,64.99,70.44,57.18,66.58,70.26,61.39,DCC-NOISE-001003-2013-04-26T00-00-00.txt,1
2013-12-26 20:40:00,68.42,73.9,58.87,77.11,84.36,64.05,DCC-NOISE-001003-2013-12-26T00-00-00.txt,1
2013-12-27 03:12:00,65.93,70.38,55.74,75.57,81.97,61.12,DCC-NOISE-001003-2013-12-27T00-02-00.txt,1
2013-05-11 17:20:00,59.1,61.83,55.55,63.58,65.86,58.98,DCC-NOISE-001003-2013-05-11T00-00-00.txt,0
2013-01-14 17:31:00,60.56,62.84,56.65,63.55,65.67,60.39,DCC-NOISE-001003-2013-01-14T00-00-00.txt,0
2013-12-24 00:55:00,63.78,67.39,56.68,72.63,78.93,60.98,DCC-NOISE-001003-2013-12-24T00-00-00.txt,1
2013-12-27 05:37:00,66.84,71.13,58.93,77.28,83.79,64.86,DCC-NOISE-001003-2013-12-27T00-02-00.txt,1
2013-06-18 22:30:00,73.27,78.41,57.05,71.64,76.62,57.11,DCC-NOISE-001003-2013-06-18T00-00-00.txt,1
2013-02-13 08:55:00,60.55,63.24,56.43,64.02,66.57,59.95,DCC-NOISE-001014-2013-02-13T00-00-00.txt,0
2013-04-22 16:40:00,63.92,62.45,57.43,67.35,70.93,60.72,DCC-NOISE-001003-2013-04-22T00-00-00.txt,1
2013-03-01 13:00:00,63.49,66.09,53.96,65.19,67.76,57.09,DCC-NOISE-001003-2013-03-01T11-05-00.txt,1
2013-12-03 09:17:00,58.84,61.47,54.76,62.22,64.54,59.51,DCC-NOISE-001003-2013-12-03T00-00-00.txt,0
2013-12-14 11:35:00,65.07,67.33,61.09,73.98,79.0,64.59,DCC-NOISE-001003-2013-12-14T00-00-00.txt,1
2013-07-05 09:15:00,63.2,67.44,56.95,68.3,73.4,61.28,DCC-NOISE-001003-2013-07-05T00-00-00.txt,1
2013-09-23 23:00:00,50.14,55.4,40.71,53.29,57.75,45.02,DCC-NOISE-001003-2013-09-23T00-00-00.txt,0
2013-11-19 14:11:00,70.16,76.31,59.31,78.12,85.3,63.96,DCC-NOISE-001003-2013-11-19T00-00-00.txt,1
2013-12-22 17:05:00,61.71,63.56,58.25,66.57,69.92,61.8,DCC-NOISE-001003-2013-12-22T00-00-00.txt,0
2013-09-15 12:55:00,65.43,68.69,59.04,70.68,75.65,61.38,DCC-NOISE-001003-2013-09-15T00-00-00.txt,1
2013-01-14 11:26:00,63.69,64.3,55.66,65.73,67.26,59.39,DCC-NOISE-001003-2013-01-14T00-00-00.txt,1
2013-08-29 11:15:00,65.49,68.55,61.6,71.41,73.72,67.57,DCC-NOISE-001003-2013-08-29T00-00-00.txt,1
2013-04-16 11:35:00,69.98,73.47,64.1,79.74,85.63,71.91,DCC-NOISE-001003-2013-04-16T00-00-00.txt,1
2013-02-28 19:20:00,61.11,64.41,55.34,64.07,66.76,59.43,DCC-NOISE-001003-2013-02-28T00-00-00.txt,0
2013-09-20 15:55:00,56.56,59.71,51.47,62.36,65.65,57.61,DCC-NOISE-001003-2013-09-20T00-00-00.txt,0
2013-12-27 18:27:00,65.0,68.9,59.98,73.08,79.4,63.8,DCC-NOISE-001003-2013-12-27T00-02-00.txt,1
2013-12-24 00:25:00,63.18,68.68,53.95,72.94,80.62,58.88,DCC-NOISE-001003-2013-12-24T00-00-00.txt,1
2013-03-14 11:20:00,74.67,80.96,65.8,79.59,85.38,71.24,DCC-NOISE-001003-2013-03-14T00-00-00.txt,1
2013-02-08 19:15:00,62.68,64.17,56.49,64.96,66.53,60.04,DCC-NOISE-001014-2013-02-08T00-00-00.txt,0
2013-09-13 21:15:00,57.37,60.67,51.52,61.21,64.53,54.78,DCC-NOISE-001003-2013-09-13T00-00-00.txt,0
2013-12-05 11:52:00,64.18,65.76,60.12,71.65,76.26,63.61,DCC-NOISE-001003-2013-12-05T00-00-00.txt,1
2013-04-18 02:10:00,64.6,68.66,56.58,74.42,81.13,61.92,DCC-NOISE-001003-2013-04-18T00-00-00.txt,1
2013-03-14 07:30:00,59.87,62.05,57.33,62.52,64.08,60.26,DCC-NOISE-001003-2013-03-14T00-00-00.txt,0
2013-04-18 09:20:00,62.77,64.89,57.36,71.62,76.07,62.98,DCC-NOISE-001003-2013-04-18T00-00-00.txt,0
2013-10-31 15:16:00,68.02,71.07,63.01,76.89,80.19,70.76,DCC-NOISE-001003-2013-10-31T00-00-00.txt,1
2013-06-04 23:15:00,53.09,58.23,42.05,57.0,61.63,46.62,DCC-NOISE-001003-2013-06-04T00-00-00.txt,0
2013-01-30 05:40:00,55.65,59.87,50.0,59.25,63.05,54.26,DCC-NOISE-001014-2013-01-30T00-00-00.txt,0
2013-07-03 15:20:00,60.97,68.22,51.75,63.48,68.94,55.84,DCC-NOISE-001003-2013-07-03T00-00-00.txt,0
2013-03-26 07:45:00,60.24,63.19,55.44,62.85,65.6,58.16,DCC-NOISE-001003-2013-03-26T00-00-00.txt,0
2013-12-03 13:47:00,64.36,65.56,62.52,64.89,66.35,63.04,DCC-NOISE-001003-2013-12-03T00-00-00.txt,1
2013-12-27 06:12:00,66.12,70.29,58.7,73.75,78.85,63.18,DCC-NOISE-001003-2013-12-27T00-02-00.txt,1
2013-02-21 01:30:00,50.13,55.96,41.75,56.99,62.95,47.47,DCC-NOISE-001003-2013-02-21T00-00-00.txt,0
2013-03-14 18:20:00,60.72,63.13,56.82,62.84,64.85,59.76,DCC-NOISE-001003-2013-03-14T00-00-00.txt,0
2013-03-27 08:55:00,60.4,63.85,54.87,62.06,65.23,56.74,DCC-NOISE-001003-2013-03-27T00-00-00.txt,0
2013-06-04 02:55:00,44.91,53.06,37.01,47.47,54.59,40.96,DCC-NOISE-001003-2013-06-04T00-00-00.txt,0
2013-05-10 23:25:00,57.91,61.14,51.68,59.98,63.04,54.68,DCC-NOISE-001003-2013-05-10T00-00-00.txt,0
2013-06-18 22:15:00,65.13,69.86,56.73,64.01,68.25,57.88,DCC-NOISE-001003-2013-06-18T00-00-00.txt,1
2013-10-31 12:06:00,70.05,72.71,64.8,73.93,75.69,71.28,DCC-NOISE-001003-2013-10-31T00-00-00.txt,1
2013-03-11 12:50:00,63.25,65.6,58.97,67.97,72.06,61.31,DCC-NOISE-001003-2013-03-11T00-00-00.txt,1
2013-04-18 12:45:00,63.11,65.89,58.04,72.01,77.58,62.68,DCC-NOISE-001003-2013-04-18T00-00-00.txt,1
2013-08-18 16:50:00,86.66,91.31,75.18,91.26,94.55,79.94,DCC-NOISE-001003-2013-08-18T00-00-00.txt,1
2013-12-20 17:40:00,62.3,64.12,58.42,69.17,72.06,62.78,DCC-NOISE-001003-2013-12-20T00-00-00.txt,0
2013-12-20 16:45:00,63.4,66.13,59.37,71.45,77.43,63.49,DCC-NOISE-001003-2013-12-20T00-00-00.txt,1
2013-02-05 11:40:00,62.46,65.41,58.34,72.27,78.67,63.38,DCC-NOISE-001014-2013-02-05T00-00-00.txt,0
2013-08-03 16:05:00,58.35,61.81,53.72,64.02,68.57,58.18,DCC-NOISE-001003-2013-08-03T00-00-00.txt,0
2013-10-12 14:26:00,55.74,59.29,50.45,59.45,62.46,54.9,DCC-NOISE-001003-2013-10-12T00-00-00.txt,0
2013-02-14 03:00:00,49.76,56.47,44.33,53.25,59.01,48.95,DCC-NOISE-001014-2013-02-14T00-00-00.txt,0
2013-02-23 14:25:00,62.3,64.15,58.89,63.85,65.59,60.34,DCC-NOISE-001003-2013-02-23T00-00-00.txt,0
2013-05-10 07:40:00,60.87,63.43,56.75,63.31,65.84,59.81,DCC-NOISE-001003-2013-05-10T00-00-00.txt,0
2013-12-20 11:55:00,63.7,64.91,60.05,68.18,73.46,63.4,DCC-NOISE-001003-2013-12-20T00-00-00.txt,1
2013-03-06 14:50:00,63.13,65.13,58.42,64.13,65.99,60.41,DCC-NOISE-001003-2013-03-06T00-00-00.txt,1
2013-10-01 11:22:00,57.81,61.28,53.06,61.35,64.36,57.29,DCC-NOISE-001003-2013-10-01T00-00-00.txt,0
2013-01-30 17:55:00,60.27,62.76,56.79,64.03,65.66,61.11,DCC-NOISE-001014-2013-01-30T00-00-00.txt,0
2013-04-29 13:40:00,72.04,73.92,69.05,73.18,75.12,68.86,DCC-NOISE-001003-2013-04-29T00-00-00.txt,1
2013-11-09 20:26:00,58.15,61.51,53.66,61.07,63.65,56.09,DCC-NOISE-001003-2013-11-09T00-00-00.txt,0
2013-12-27 11:32:00,65.39,66.33,60.44,73.18,76.75,63.35,DCC-NOISE-001003-2013-12-27T00-02-00.txt,1
2013-11-19 14:06:00,66.79,69.58,63.23,73.56,75.17,68.03,DCC-NOISE-001003-2013-11-19T00-00-00.txt,1
2013-12-21 14:08:00,64.0,66.05,60.23,66.3,68.76,62.62,DCC-NOISE-001003-2013-12-21T00-03-00.txt,1
2013-05-20 10:35:00,64.29,68.24,58.82,69.83,73.77,64.14,DCC-NOISE-001003-2013-05-20T00-00-00.txt,1
2013-05-28 10:50:00,65.21,71.27,52.47,66.76,72.22,56.37,DCC-NOISE-001003-2013-05-28T00-00-00.txt,1
2013-12-19 02:18:00,52.46,59.66,45.27,55.75,61.56,50.01,DCC-NOISE-001003-2013-12-19T00-03-00.txt,0
2013-04-04 15:05:00,56.89,60.01,51.44,62.22,66.2,57.08,DCC-NOISE-001003-2013-04-04T00-00-00.txt,0
2013-05-09 14:35:00,64.03,69.12,58.63,69.27,73.13,62.04,DCC-NOISE-001003-2013-05-09T00-00-00.txt,1
2013-04-26 10:00:00,72.39,74.15,69.67,71.49,73.23,69.0,DCC-NOISE-001003-2013-04-26T00-00-00.txt,1
2013-01-18 04:51:00,65.06,73.6,49.54,70.94,78.77,54.97,DCC-NOISE-001003-2013-01-18T00-00-00.txt,1
2013-10-03 12:02:00,65.17,62.22,50.52,66.8,69.18,55.55,DCC-NOISE-001003-2013-10-03T00-00-00.txt,1
2013-06-16 12:20:00,54.61,58.93,44.49,57.64,61.54,48.69,DCC-NOISE-001003-2013-06-16T00-00-00.txt,0
2013-04-16 12:00:00,66.4,70.83,59.07,77.07,84.01,63.66,DCC-NOISE-001003-2013-04-16T00-00-00.txt,1
2013-01-17 22:56:00,64.19,70.94,51.39,70.03,76.86,57.99,DCC-NOISE-001003-2013-01-17T00-00-00.txt,1
2013-10-18 15:47:00,63.86,65.6,61.33,64.85,66.42,62.07,DCC-NOISE-001003-2013-10-18T00-00-00.txt,1
2013-12-05 09:52:00,66.89,72.01,60.14,76.91,83.15,64.91,DCC-NOISE-001003-2013-12-05T00-00-00.txt,1
2013-03-13 09:15:00,60.82,64.0,56.21,64.98,68.7,59.94,DCC-NOISE-001003-2013-03-13T00-00-00.txt,0
2013-06-30 18:10:00,58.92,61.21,54.59,62.05,66.4,56.63,DCC-NOISE-001003-2013-06-30T00-00-00.txt,0
2013-04-16 12:40:00,64.84,69.65,56.28,75.55,82.47,61.13,DCC-NOISE-001003-2013-04-16T00-00-00.txt,1
2013-11-19 12:01:00,67.51,73.83,57.8,72.1,78.11,62.67,DCC-NOISE-001003-2013-11-19T00-00-00.txt,1
2013-12-05 07:07:00,66.48,71.19,57.46,76.53,83.31,61.93,DCC-NOISE-001003-2013-12-05T00-00-00.txt,1
2013-12-14 14:10:00,67.55,70.76,62.99,77.07,83.13,66.99,DCC-NOISE-001003-2013-12-14T00-00-00.txt,1
2013-12-16 15:05:00,64.37,65.5,62.98,65.3,66.85,63.43,DCC-NOISE-001003-2013-12-16T00-00-00.txt,1
2013-01-05 22:55:00,55.06,59.37,45.4,56.66,60.67,48.21,DCC-NOISE-001003-2013-01-05T00-00-00.txt,0
2013-03-22 02:35:00,63.7,68.79,54.8,74.42,80.06,62.72,DCC-NOISE-001003-2013-03-22T00-00-00.txt,1
2013-05-20 11:25:00,65.23,71.59,55.11,70.72,77.67,59.12,DCC-NOISE-001003-2013-05-20T00-00-00.txt,1
2013-12-14 13:30:00,67.74,70.57,62.02,77.03,83.01,66.6,DCC-NOISE-001003-2013-12-14T00-00-00.txt,1
2013-05-16 08:25:00,54.73,58.63,49.54,60.35,63.73,56.07,DCC-NOISE-001003-2013-05-16T00-00-00.txt,0
2013-04-26 13:05:00,63.18,65.98,58.73,66.87,70.39,62.28,DCC-NOISE-001003-2013-04-26T00-00-00.txt,1
2013-03-08 07:40:00,60.48,63.42,56.34,64.81,68.29,59.46,DCC-NOISE-001003-2013-03-08T00-00-00.txt,0
2013-03-11 12:05:00,61.45,63.78,56.98,65.13,69.13,60.35,DCC-NOISE-001003-2013-03-11T00-00-00.txt,0
2013-05-08 11:55:00,66.27,71.3,55.85,67.76,71.02,60.02,DCC-NOISE-001003-2013-05-08T00-00-00.txt,1
2013-11-30 13:47:00,60.26,62.77,53.9,62.57,65.26,56.81,DCC-NOISE-001003-2013-11-30T00-00-00.txt,0
2013-03-04 01:30:00,51.88,58.45,41.58,53.66,59.38,46.26,DCC-NOISE-001003-2013-03-04T00-00-00.txt,0
2013-08-16 15:30:00,54.78,57.81,49.76,59.27,62.2,54.81,DCC-NOISE-001003-2013-08-16T00-00-00.txt,0
2013-05-15 05:55:00,55.27,58.51,51.21,58.77,61.48,54.35,DCC-NOISE-001003-2013-05-15T00-00-00.txt,0
2013-09-06 01:55:00,51.37,58.45,40.72,55.28,61.84,45.19,DCC-NOISE-001003-2013-09-06T00-00-00.txt,0
2013-12-16 14:25:00,64.05,65.44,61.81,65.79,67.84,63.21,DCC-NOISE-001003-2013-12-16T00-00-00.txt,1
2013-01-25 10:55:00,60.19,63.54,55.35,67.36,73.19,59.38,DCC-NOISE-001014-2013-01-25T00-00-00.txt,0
2013-07-24 08:25:00,54.17,57.68,48.23,58.94,61.71,53.87,DCC-NOISE-001003-2013-07-24T00-00-00.txt,0
2013-08-26 15:20:00,54.92,58.37,49.29,61.07,64.45,55.93,DCC-NOISE-001003-2013-08-26T00-00-00.txt,0
2013-09-14 12:15:00,55.48,58.75,50.01,59.76,62.66,54.65,DCC-NOISE-001003-2013-09-14T00-00-00.txt,0
2013-12-27 05:07:00,63.38,67.57,54.99,71.53,76.14,59.95,DCC-NOISE-001003-2013-12-27T00-02-00.txt,1
2013-12-23 21:42:00,60.25,62.48,57.37,66.5,71.28,61.18,DCC-NOISE-001003-2013-12-23T00-02-00.txt,0
2013-12-19 13:08:00,60.34,61.89,57.29,63.91,65.92,60.83,DCC-NOISE-001003-2013-12-19T00-03-00.txt,0
2013-12-05 10:52:00,63.58,67.65,58.16,72.81,79.2,62.05,DCC-NOISE-001003-2013-12-05T00-00-00.txt,1
2013-04-18 15:00:00,66.1,71.89,57.97,76.3,83.62,63.24,DCC-NOISE-001003-2013-04-18T00-00-00.txt,1
2013-03-30 19:35:00,70.81,72.73,68.09,69.62,71.4,67.11,DCC-NOISE-001003-2013-03-30T00-00-00.txt,1
2013-05-24 07:50:00,64.13,65.66,53.2,65.59,68.85,56.38,DCC-NOISE-001003-2013-05-24T00-00-00.txt,1
2013-02-14 14:25:00,60.43,62.59,56.64,63.66,65.75,60.44,DCC-NOISE-001014-2013-02-14T00-00-00.txt,0
2013-08-29 18:50:00,55.11,57.88,49.98,59.88,62.44,55.55,DCC-NOISE-001003-2013-08-29T00-00-00.txt,0
2013-08-19 09:05:00,60.38,63.81,52.76,63.03,67.47,56.94,DCC-NOISE-001003-2013-08-19T00-00-00.txt,0
2013-04-12 16:35:00,59.12,61.55,54.47,62.25,64.51,58.44,DCC-NOISE-001003-2013-04-12T00-00-00.txt,0
2013-02-13 11:55:00,60.27,63.03,56.46,64.65,67.43,60.57,DCC-NOISE-001014-2013-02-13T00-00-00.txt,0
2013-12-18 18:40:00,64.27,68.15,59.71,70.34,74.56,62.89,DCC-NOISE-001003-2013-12-18T00-00-00.txt,1
2013-03-11 21:50:00,55.02,59.97,47.86,57.84,62.32,51.6,DCC-NOISE-001003-2013-03-11T00-00-00.txt,0
2013-10-08 21:01:00,55.66,58.37,51.83,59.36,61.85,55.75,DCC-NOISE-001003-2013-10-08T00-00-00.txt,0
2013-09-20 21:05:00,55.18,58.54,50.01,59.45,63.04,54.05,DCC-NOISE-001003-2013-09-20T00-00-00.txt,0
2013-01-31 10:30:00,60.6,62.93,56.63,65.16,67.88,60.64,DCC-NOISE-001014-2013-01-31T00-00-00.txt,0
2013-12-16 15:00:00,62.27,64.04,58.34,64.33,66.19,61.37,DCC-NOISE-001003-2013-12-16T00-00-00.txt,0
2013-01-30 14:15:00,64.96,66.24,58.72,70.81,76.67,63.4,DCC-NOISE-001014-2013-01-30T00-00-00.txt,1
2013-01-30 10:25:00,63.86,68.08,56.75,70.39,75.65,61.96,DCC-NOISE-001014-2013-01-30T00-00-00.txt,1
2013-04-16 09:55:00,61.13,65.02,55.75,69.68,76.03,60.31,DCC-NOISE-001003-2013-04-16T00-00-00.txt,0
2013-12-14 14:20:00,65.45,69.07,61.27,74.05,80.73,65.45,DCC-NOISE-001003-2013-12-14T00-00-00.txt,1
2013-10-20 16:47:00,57.78,60.57,53.77,61.09,64.2,56.72,DCC-NOISE-001003-2013-10-20T00-00-00.txt,0
2013-04-14 15:15:00,60.88,63.11,57.01,66.67,70.96,60.82,DCC-NOISE-001003-2013-04-14T00-00-00.txt,0
2013-04-11 10:10:00,57.88,61.37,53.02,61.65,64.66,57.32,DCC-NOISE-001003-2013-04-11T00-00-00.txt,0
2013-10-24 17:31:00,57.22,59.99,51.43,60.75,62.88,55.95,DCC-NOISE-001003-2013-10-24T00-00-00.txt,0
2013-03-10 23:05:00,60.56,66.57,51.28,67.9,74.47,56.26,DCC-NOISE-001003-2013-03-10T00-00-00.txt,0
2013-12-24 16:15:00,63.67,66.35,60.03,65.64,68.21,62.11,DCC-NOISE-001003-2013-12-24T00-00-00.txt,1
2013-01-28 17:15:00,60.58,62.54,57.67,67.27,71.21,62.15,DCC-NOISE-001014-2013-01-28T00-00-00.txt,0
2013-03-09 14:10:00,63.55,65.32,60.94,63.99,65.97,61.27,DCC-NOISE-001003-2013-03-09T00-00-00.txt,1
2013-08-05 21:10:00,55.33,59.45,49.02,58.89,61.87,52.11,DCC-NOISE-001003-2013-08-05T00-00-00.txt,0
2013-01-18 04:31:00,64.14,73.43,48.18,69.52,78.97,52.29,DCC-NOISE-001003-2013-01-18T00-00-00.txt,1
2013-12-19 12:53:00,63.39,65.57,59.24,67.2,72.03,62.4,DCC-NOISE-001003-2013-12-19T00-03-00.txt,1
2013-11-18 12:02:00,67.77,68.85,66.09,67.49,68.85,65.61,DCC-NOISE-001003-2013-11-18T00-00-00.txt,1
2013-03-06 15:35:00,61.3,64.13,55.96,63.33,65.65,59.59,DCC-NOISE-001003-2013-03-06T00-00-00.txt,0
2013-03-21 14:30:00,65.48,67.54,60.02,68.0,69.68,64.67,DCC-NOISE-001003-2013-03-21T00-00-00.txt,1
2013-07-10 19:30:00,53.85,58.19,46.9,58.81,62.67,51.69,DCC-NOISE-001003-2013-07-10T00-00-00.txt,0
2013-05-18 07:15:00,64.05,71.99,48.71,64.09,70.82,53.32,DCC-NOISE-001003-2013-05-18T00-00-00.txt,1
2013-12-18 15:45:00,66.16,71.43,57.42,76.76,82.98,65.26,DCC-NOISE-001003-2013-12-18T00-00-00.txt,1
2013-01-18 17:51:00,61.06,65.0,55.63,63.88,66.54,59.56,DCC-NOISE-001003-2013-01-18T00-00-00.txt,0
2013-12-24 09:30:00,61.95,64.65,57.82,68.36,71.59,62.01,DCC-NOISE-001003-2013-12-24T00-00-00.txt,0
2013-04-20 07:45:00,56.41,59.86,52.49,59.92,63.06,56.43,DCC-NOISE-001003-2013-04-20T00-00-00.txt,0
2013-04-07 09:30:00,64.51,70.12,52.97,65.58,70.39,57.23,DCC-NOISE-001003-2013-04-07T00-00-00.txt,1
2013-11-13 15:11:00,60.19,62.55,55.77,63.43,66.13,59.88,DCC-NOISE-001003-2013-11-13T00-00-00.txt,0
2013-08-13 11:05:00,56.26,59.66,50.91,61.47,64.42,55.26,DCC-NOISE-001003-2013-08-13T00-00-00.txt,0
2013-04-16 09:40:00,65.11,69.16,58.33,74.04,80.97,63.04,DCC-NOISE-001003-2013-04-16T00-00-00.txt,1
2013-08-11 16:25:00,56.79,59.6,52.37,59.75,62.18,55.08,DCC-NOISE-001003-2013-08-11T00-00-00.txt,0
2013-03-04 08:10:00,56.32,59.51,50.3,60.2,62.86,55.93,DCC-NOISE-001003-2013-03-04T00-00-00.txt,0
2013-10-06 21:16:00,55.99,59.4,51.32,58.96,62.31,54.48,DCC-NOISE-001003-2013-10-06T00-00-00.txt,0
2013-03-21 13:50:00,72.23,73.74,69.47,75.59,77.28,73.65,DCC-NOISE-001003-2013-03-21T00-00-00.txt,1
2013-03-20 09:30:00,67.28,70.75,63.39,71.14,74.0,67.51,DCC-NOISE-001003-2013-03-20T00-00-00.txt,1
2013-12-27 15:22:00,63.83,65.65,60.63,67.54,70.98,62.69,DCC-NOISE-001003-2013-12-27T00-02-00.txt,1
2013-03-20 14:40:00,65.44,66.62,60.25,68.93,69.83,66.62,DCC-NOISE-001003-2013-03-20T00-00-00.txt,1
2013-05-02 10:25:00,63.31,65.79,58.59,69.02,71.81,63.44,DCC-NOISE-001003-2013-05-02T00-00-00.txt,1
2013-12-22 15:25:00,63.12,65.12,60.11,64.91,66.64,62.13,DCC-NOISE-001003-2013-12-22T00-00-00.txt,1
2013-10-25 09:26:00,58.97,61.65,54.97,63.84,66.77,60.13,DCC-NOISE-001003-2013-10-25T00-00-00.txt,0
2013-04-21 15:25:00,58.7,61.56,54.23,62.12,65.4,57.02,DCC-NOISE-001003-2013-04-21T00-00-00.txt,0
2013-07-10 10:40:00,64.61,65.71,62.98,64.14,65.59,62.27,DCC-NOISE-001003-2013-07-10T00-00-00.txt,1
2013-01-28 14:35:00,61.36,63.48,58.42,66.8,70.07,62.02,DCC-NOISE-001014-2013-01-28T00-00-00.txt,0
2013-07-14 18:35:00,52.58,56.07,45.92,57.11,60.26,50.68,DCC-NOISE-001003-2013-07-14T00-00-00.txt,0
2013-10-02 00:50:00,55.53,59.74,48.2,57.36,61.67,50.11,DCC-NOISE-001003-2013-10-02T00-00-00.txt,0
2013-03-25 14:20:00,71.39,75.61,64.9,76.71,80.35,71.4,DCC-NOISE-001003-2013-03-25T00-00-00.txt,1
2013-11-06 19:47:00,59.4,62.03,55.1,61.76,64.33,58.21,DCC-NOISE-001003-2013-11-06T00-00-00.txt,0
2013-04-16 09:35:00,63.31,65.71,58.47,71.05,75.7,62.59,DCC-NOISE-001003-2013-04-16T00-00-00.txt,1
2013-05-31 16:40:00,60.28,62.58,51.28,63.48,67.64,56.89,DCC-NOISE-001003-2013-05-31T00-00-00.txt,0
2013-03-11 16:00:00,63.34,64.94,61.24,65.13,67.45,62.26,DCC-NOISE-001003-2013-03-11T00-00-00.txt,1
2013-01-02 11:55:00,61.68,65.14,57.31,68.16,73.43,61.6,DCC-NOISE-001003-2013-01-02T00-00-00.txt,0
2013-07-25 16:05:00,55.38,58.67,47.82,59.43,62.61,51.95,DCC-NOISE-001003-2013-07-25T00-00-00.txt,0
2013-03-21 11:30:00,68.64,73.04,59.61,71.62,75.46,64.72,DCC-NOISE-001003-2013-03-21T00-00-00.txt,1
2013-11-27 13:01:00,61.27,63.27,57.53,63.02,65.25,59.66,DCC-NOISE-001003-2013-11-27T00-00-00.txt,0
2013-12-26 19:25:00,65.03,69.98,57.14,74.07,81.31,61.68,DCC-NOISE-001003-2013-12-26T00-00-00.txt,1
2013-07-10 00:10:00,47.31,54.05,36.65,50.42,56.86,42.1,DCC-NOISE-001003-2013-07-10T00-00-00.txt,0
2013-01-30 14:00:00,63.17,65.83,59.2,73.73,79.57,63.55,DCC-NOISE-001014-2013-01-30T00-00-00.txt,1
2013-12-24 12:50:00,64.12,67.37,57.33,72.49,78.14,62.24,DCC-NOISE-001003-2013-12-24T00-00-00.txt,1
2013-10-06 06:46:00,51.31,56.38,44.92,54.9,59.64,48.5,DCC-NOISE-001003-2013-10-06T00-00-00.txt,0
2013-10-19 04:47:00,46.9,54.9,38.66,49.19,56.15,43.48,DCC-NOISE-001003-2013-10-19T00-00-00.txt,0
2013-09-06 12:20:00,54.84,58.06,50.26,59.48,61.63,56.16,DCC-NOISE-001003-2013-09-06T00-00-00.txt,0
2013-09-20 11:05:00,64.49,69.43,59.74,69.2,74.74,64.09,DCC-NOISE-001003-2013-09-20T00-00-00.txt,1
2013-12-17 12:43:00,60.76,63.4,56.54,62.77,65.29,58.86,DCC-NOISE-001003-2013-12-17T00-03-00.txt,0
2013-04-23 11:05:00,68.09,75.61,58.71,74.59,79.9,65.78,DCC-NOISE-001003-2013-04-23T00-00-00.txt,1
2013-01-03 14:55:00,61.02,63.98,56.28,64.12,68.24,59.08,DCC-NOISE-001003-2013-01-03T00-00-00.txt,0
2013-06-04 02:20:00,46.32,55.1,35.59,48.35,56.13,40.55,DCC-NOISE-001003-2013-06-04T00-00-00.txt,0
2013-01-29 11:45:00,67.96,71.08,58.66,68.78,71.05,62.13,DCC-NOISE-001014-2013-01-29T00-00-00.txt,1
2013-10-31 15:01:00,66.13,68.63,62.74,73.83,76.52,69.81,DCC-NOISE-001003-2013-10-31T00-00-00.txt,1
2013-10-05 21:47:00,54.89,58.2,49.33,58.34,61.57,52.77,DCC-NOISE-001003-2013-10-05T00-00-00.txt,0
2013-02-23 11:10:00,62.12,64.45,57.27,64.85,66.76,58.92,DCC-NOISE-001003-2013-02-23T00-00-00.txt,0
2013-04-17 21:15:00,63.87,67.6,57.07,73.28,78.81,62.74,DCC-NOISE-001003-2013-04-17T00-00-00.txt,1
2013-04-17 21:05:00,64.15,68.03,57.82,73.17,78.44,63.82,DCC-NOISE-001003-2013-04-17T00-00-00.txt,1
2013-03-09 08:55:00,56.33,60.7,47.09,58.73,62.91,49.08,DCC-NOISE-001003-2013-03-09T00-00-00.txt,0
2013-03-30 19:45:00,67.0,71.51,51.57,66.41,70.18,56.52,DCC-NOISE-001003-2013-03-30T00-00-00.txt,1
2013-08-19 00:10:00,50.71,56.12,42.41,52.96,57.96,46.46,DCC-NOISE-001003-2013-08-19T00-00-00.txt,0
2013-12-26 21:55:00,63.6,66.23,58.89,66.24,69.25,60.33,DCC-NOISE-001003-2013-12-26T00-00-00.txt,1
2013-04-19 22:10:00,56.57,60.28,50.24,59.1,62.19,53.51,DCC-NOISE-001003-2013-04-19T00-00-00.txt,0
2013-02-28 18:10:00,58.04,60.52,54.06,62.12,64.77,58.89,DCC-NOISE-001003-2013-02-28T00-00-00.txt,0
2013-03-21 12:55:00,62.1,63.88,58.97,66.58,68.83,61.75,DCC-NOISE-001003-2013-03-21T00-00-00.txt,0
2013-02-09 08:30:00,57.22,60.41,53.26,59.43,61.87,56.0,DCC-NOISE-001014-2013-02-09T00-00-00.txt,0
2013-12-26 13:00:00,58.93,62.07,54.31,61.47,63.62,57.78,DCC-NOISE-001003-2013-12-26T00-00-00.txt,0
2013-04-07 09:40:00,73.61,78.41,57.67,73.64,78.0,62.34,DCC-NOISE-001003-2013-04-07T00-00-00.txt,1
2013-06-04 08:45:00,54.93,58.35,49.21,60.58,64.49,55.39,DCC-NOISE-001003-2013-06-04T00-00-00.txt,0
2013-02-04 16:55:00,63.15,65.29,58.21,73.12,78.35,62.89,DCC-NOISE-001014-2013-02-04T00-00-00.txt,1
2013-12-31 14:02:00,63.16,65.75,58.93,65.77,68.41,61.82,DCC-NOISE-001003-2013-12-31T00-02-00.txt,1
2013-04-29 12:00:00,64.28,66.58,59.84,69.64,71.98,65.38,DCC-NOISE-001003-2013-04-29T00-00-00.txt,1
2013-04-17 16:05:00,62.21,66.08,56.8,71.37,78.65,61.12,DCC-NOISE-001003-2013-04-17T00-00-00.txt,0
2013-12-10 15:15:00,62.51,63.95,59.9,65.06,66.9,61.91,DCC-NOISE-001003-2013-12-10T00-00-00.txt,0
2013-11-30 23:22:00,56.19,59.5,51.52,58.06,61.25,53.58,DCC-NOISE-001003-2013-11-30T00-00-00.txt,0
2013-04-17 17:40:00,63.3,67.36,58.35,73.96,80.98,64.24,DCC-NOISE-001003-2013-04-17T00-00-00.txt,1
2013-06-16 12:00:00,56.18,59.64,50.05,58.83,61.74,54.13,DCC-NOISE-001003-2013-06-16T00-00-00.txt,0
2013-12-20 14:55:00,64.62,65.92,62.02,69.9,75.48,63.42,DCC-NOISE-001003-2013-12-20T00-00-00.txt,1
2013-07-23 13:55:00,56.04,59.43,50.48,60.4,64.38,55.27,DCC-NOISE-001003-2013-07-23T00-00-00.txt,0
2013-01-29 15:20:00,64.76,67.22,60.68,74.89,81.43,65.32,DCC-NOISE-001014-2013-01-29T00-00-00.txt,1
2013-07-14 22:05:00,52.56,57.49,45.0,55.94,59.67,49.92,DCC-NOISE-001003-2013-07-14T00-00-00.txt,0
2013-12-05 16:22:00,60.31,62.55,56.44,64.35,67.32,60.13,DCC-NOISE-001003-2013-12-05T00-00-00.txt,0
2013-06-16 22:20:00,55.55,60.22,46.93,57.75,62.17,49.98,DCC-NOISE-001003-2013-06-16T00-00-00.txt,0
2013-05-13 11:15:00,62.85,65.65,58.64,67.6,70.34,64.0,DCC-NOISE-001003-2013-05-13T00-00-00.txt,0
2013-04-29 13:35:00,71.48,73.59,68.79,70.78,72.67,68.21,DCC-NOISE-001003-2013-04-29T00-00-00.txt,1
2013-03-19 11:40:00,63.18,66.06,57.23,65.37,68.78,60.04,DCC-NOISE-001003-2013-03-19T00-00-00.txt,1
2013-08-18 12:10:00,77.63,87.14,54.47,80.25,89.69,58.86,DCC-NOISE-001003-2013-08-18T00-00-00.txt,1
2013-02-19 08:50:00,60.4,62.92,56.03,64.14,66.55,59.91,DCC-NOISE-001003-2013-02-19T00-00-00.txt,0
2013-10-25 15:16:00,60.05,65.01,53.02,62.9,65.9,58.22,DCC-NOISE-001003-2013-10-25T00-00-00.txt,0
2013-03-06 11:45:00,57.48,60.45,53.22,61.64,64.59,57.18,DCC-NOISE-001003-2013-03-06T00-00-00.txt,0
2013-01-14 04:15:00,49.25,54.17,44.68,54.44,59.84,48.18,DCC-NOISE-001003-2013-01-14T00-00-00.txt,0
2013-01-05 18:45:00,58.89,61.96,54.64,61.5,63.95,58.22,DCC-NOISE-001003-2013-01-05T00-00-00.txt,0
2013-01-14 09:36:00,60.34,63.01,56.2,63.54,65.78,59.87,DCC-NOISE-001003-2013-01-14T00-00-00.txt,0
2013-07-27 11:00:00,53.6,57.15,47.1,57.88,60.6,52.49,DCC-NOISE-001003-2013-07-27T00-00-00.txt,0
2013-01-13 14:46:00,64.01,67.19,58.12,66.44,69.94,60.72,DCC-NOISE-001003-2013-01-13T00-00-00.txt,1
2013-01-10 02:50:00,47.79,52.27,41.24,50.34,54.36,45.53,DCC-NOISE-001003-2013-01-10T00-00-00.txt,0
2013-11-07 16:36:00,63.43,68.11,56.97,64.98,68.19,60.29,DCC-NOISE-001003-2013-11-07T00-00-00.txt,1
2013-10-31 14:26:00,62.79,67.4,57.69,68.81,75.94,61.42,DCC-NOISE-001003-2013-10-31T00-00-00.txt,0
2013-04-18 07:10:00,60.65,63.76,56.48,63.61,66.42,59.71,DCC-NOISE-001003-2013-04-18T00-00-00.txt,0
2013-12-05 07:47:00,66.81,71.8,59.3,77.3,83.28,64.87,DCC-NOISE-001003-2013-12-05T00-00-00.txt,1
2013-10-31 14:31:00,65.41,68.34,61.03,73.29,77.68,68.81,DCC-NOISE-001003-2013-10-31T00-00-00.txt,1
2013-11-11 23:01:00,52.51,56.69,47.28,55.73,59.43,51.34,DCC-NOISE-001003-2013-11-11T00-00-00.txt,0
2013-01-27 13:45:00,65.33,68.1,61.43,73.89,80.42,64.97,DCC-NOISE-001014-2013-01-27T00-00-00.txt,1
2013-08-15 07:55:00,69.48,73.09,55.57,72.55,75.05,65.37,DCC-NOISE-001003-2013-08-15T00-00-00.txt,1
2013-04-22 16:00:00,60.99,64.53,55.95,69.86,76.52,60.76,DCC-NOISE-001003-2013-04-22T00-00-00.txt,0
2013-08-18 13:00:00,81.56,87.83,57.56,83.08,89.14,62.24,DCC-NOISE-001003-2013-08-18T00-00-00.txt,1
2013-03-17 10:20:00,59.89,63.84,52.57,61.72,64.51,55.91,DCC-NOISE-001003-2013-03-17T00-00-00.txt,0
2013-03-20 12:10:00,64.01,66.2,58.16,69.02,71.58,63.47,DCC-NOISE-001003-2013-03-20T00-00-00.txt,1
2013-04-18 01:00:00,63.55,68.41,57.17,71.4,77.23,62.02,DCC-NOISE-001003-2013-04-18T00-00-00.txt,1
2013-03-21 13:10:00,62.47,64.39,59.76,66.24,68.89,62.33,DCC-NOISE-001003-2013-03-21T00-00-00.txt,0
2013-03-18 03:05:00,61.43,62.92,44.24,62.54,63.54,46.91,DCC-NOISE-001003-2013-03-18T00-00-00.txt,0
2013-06-18 06:00:00,63.25,70.64,52.3,62.68,69.29,53.36,DCC-NOISE-001003-2013-06-18T00-00-00.txt,1
2013-05-17 19:55:00,57.17,60.07,50.85,59.87,62.72,55.25,DCC-NOISE-001003-2013-05-17T00-00-00.txt,0
2013-12-14 17:30:00,60.29,63.43,56.48,66.83,71.3,60.64,DCC-NOISE-001003-2013-12-14T00-00-00.txt,0
2013-09-30 06:17:00,50.02,54.82,43.42,53.62,58.3,47.04,DCC-NOISE-001003-2013-09-30T00-00-00.txt,0
2013-12-27 14:32:00,64.85,66.97,61.08,70.52,74.84,63.7,DCC-NOISE-001003-2013-12-27T00-02-00.txt,1
2013-03-22 16:30:00,63.37,65.65,58.2,70.22,76.66,62.48,DCC-NOISE-001003-2013-03-22T00-00-00.txt,1
2013-01-18 10:56:00,63.47,67.25,57.02,67.69,73.38,60.07,DCC-NOISE-001003-2013-01-18T00-00-00.txt,1
2013-12-05 12:27:00,66.27,71.66,60.17,75.04,82.83,64.09,DCC-NOISE-001003-2013-12-05T00-00-00.txt,1
2013-09-24 10:50:00,66.22,73.29,49.8,70.62,77.65,54.37,DCC-NOISE-001003-2013-09-24T00-00-00.txt,1
2013-01-27 13:15:00,63.45,66.92,59.11,73.03,80.12,63.85,DCC-NOISE-001014-2013-01-27T00-00-00.txt,1
2013-06-17 21:40:00,62.01,67.31,53.73,61.62,66.11,54.55,DCC-NOISE-001003-2013-06-17T00-00-00.txt,0
2013-04-17 18:00:00,63.29,66.94,58.64,72.76,80.31,63.35,DCC-NOISE-001003-2013-04-17T00-00-00.txt,1
2013-12-22 16:20:00,62.14,63.93,58.26,64.84,66.65,61.34,DCC-NOISE-001003-2013-12-22T00-00-00.txt,0
2013-01-31 11:20:00,62.91,65.68,56.39,66.55,71.35,60.57,DCC-NOISE-001014-2013-01-31T00-00-00.txt,0
2013-12-20 19:15:00,64.42,68.59,58.08,73.05,79.53,63.26,DCC-NOISE-001003-2013-12-20T00-00-00.txt,1
2013-04-17 21:30:00,64.04,69.47,57.33,73.92,81.71,61.45,DCC-NOISE-001003-2013-04-17T00-00-00.txt,1
2013-02-26 10:35:00,65.72,71.89,54.22,70.34,77.2,59.0,DCC-NOISE-001003-2013-02-26T00-00-00.txt,1
2013-03-20 11:45:00,63.61,66.7,53.6,68.6,73.47,58.84,DCC-NOISE-001003-2013-03-20T00-00-00.txt,1
2013-04-18 03:00:00,64.5,71.05,52.22,75.53,82.9,58.07,DCC-NOISE-001003-2013-04-18T00-00-00.txt,1
2013-12-14 13:55:00,66.73,70.3,61.52,75.63,83.21,65.66,DCC-NOISE-001003-2013-12-14T00-00-00.txt,1
2013-11-02 19:07:00,64.74,68.05,59.65,69.95,74.87,62.47,DCC-NOISE-001003-2013-11-02T00-00-00.txt,1
2013-12-27 13:52:00,64.42,66.39,60.51,69.88,72.58,63.09,DCC-NOISE-001003-2013-12-27T00-02-00.txt,1
2013-06-11 14:25:00,67.89,74.67,58.78,75.04,80.65,65.97,DCC-NOISE-001003-2013-06-11T00-00-00.txt,1
2013-01-31 04:30:00,65.9,71.12,55.87,77.53,84.93,62.05,DCC-NOISE-001014-2013-01-31T00-00-00.txt,1
2013-07-19 04:00:00,46.0,52.34,36.99,48.61,53.62,42.86,DCC-NOISE-001003-2013-07-19T00-00-00.txt,0
2013-09-03 10:50:00,67.96,70.67,64.04,73.62,77.21,68.22,DCC-NOISE-001003-2013-09-03T00-00-00.txt,1
2013-12-05 08:37:00,66.68,71.51,61.55,76.73,83.37,66.82,DCC-NOISE-001003-2013-12-05T00-00-00.txt,1
2013-05-21 01:25:00,51.45,57.32,43.94,53.41,58.56,47.03,DCC-NOISE-001003-2013-05-21T00-00-00.txt,0
2013-04-18 18:35:00,63.08,65.4,58.88,66.35,69.97,61.83,DCC-NOISE-001003-2013-04-18T00-00-00.txt,1
2013-08-18 16:40:00,85.2,90.47,69.65,90.42,94.01,73.25,DCC-NOISE-001003-2013-08-18T00-00-00.txt,1
2013-11-11 01:51:00,47.07,52.98,42.32,50.35,55.32,46.67,DCC-NOISE-001003-2013-11-11T00-00-00.txt,0
2013-04-18 17:00:00,65.17,70.35,58.71,75.52,82.49,63.63,DCC-NOISE-001003-2013-04-18T00-00-00.txt,1
2013-12-14 12:15:00,66.73,69.08,62.29,75.59,80.87,66.28,DCC-NOISE-001003-2013-12-14T00-00-00.txt,1
2013-01-11 04:28:00,50.43,53.57,46.51,53.14,56.0,50.08,DCC-NOISE-001003-2013-01-11T00-00-00.txt,0
2013-12-27 06:32:00,63.17,66.94,56.42,71.54,77.6,62.11,DCC-NOISE-001003-2013-12-27T00-02-00.txt,1
2013-01-30 12:50:00,63.39,65.69,59.2,72.06,78.2,62.82,DCC-NOISE-001014-2013-01-30T00-00-00.txt,1
2013-04-17 18:05:00,63.71,67.49,57.65,73.82,80.85,62.99,DCC-NOISE-001003-2013-04-17T00-00-00.txt,1
2013-04-03 15:05:00,64.51,67.27,59.39,65.35,67.52,60.72,DCC-NOISE-001003-2013-04-03T00-00-00.txt,1
2013-04-22 16:15:00,61.16,63.64,57.33,69.0,74.41,61.19,DCC-NOISE-001003-2013-04-22T00-00-00.txt,0
2013-04-21 14:00:00,62.52,64.94,56.32,67.25,72.08,59.42,DCC-NOISE-001003-2013-04-21T00-00-00.txt,0
2013-11-02 11:47:00,63.3,66.09,59.87,67.09,70.67,62.62,DCC-NOISE-001003-2013-11-02T00-00-00.txt,1
2013-03-10 19:25:00,60.77,64.34,54.27,66.6,72.15,59.14,DCC-NOISE-001003-2013-03-10T00-00-00.txt,0
2013-05-05 20:25:00,55.67,58.42,49.8,59.04,62.1,53.0,DCC-NOISE-001003-2013-05-05T00-00-00.txt,0
2013-08-30 10:30:00,65.07,71.56,54.65,66.09,70.6,59.94,DCC-NOISE-001003-2013-08-30T00-00-00.txt,1
2013-12-14 12:35:00,65.65,67.79,62.27,72.91,78.45,65.22,DCC-NOISE-001003-2013-12-14T00-00-00.txt,1
2013-04-18 02:55:00,63.77,68.74,53.45,74.81,81.62,59.49,DCC-NOISE-001003-2013-04-18T00-00-00.txt,1
2013-10-31 19:41:00,65.9,71.15,57.46,69.18,74.34,60.48,DCC-NOISE-001003-2013-10-31T00-00-00.txt,1
2013-12-30 15:05:00,63.31,64.86,60.71,64.33,65.9,61.79,DCC-NOISE-001003-2013-12-30T00-00-00.txt,1
2013-12-23 12:42:00,60.42,62.71,57.25,66.37,70.52,61.37,DCC-NOISE-001003-2013-12-23T00-02-00.txt,0
2013-04-17 11:20:00,60.07,63.18,56.01,67.76,73.1,60.81,DCC-NOISE-001003-2013-04-17T00-00-00.txt,0
2013-04-16 10:20:00,63.16,66.88,58.52,71.86,78.26,63.88,DCC-NOISE-001003-2013-04-16T00-00-00.txt,1
2013-02-04 18:45:00,64.01,67.26,58.33,73.5,80.65,63.12,DCC-NOISE-001014-2013-02-04T00-00-00.txt,1
2013-10-16 04:37:00,50.56,53.68,46.19,51.75,55.02,47.42,DCC-NOISE-001003-2013-10-16T00-00-00.txt,0
2013-07-19 07:05:00,53.07,57.2,47.31,57.38,61.25,52.1,DCC-NOISE-001003-2013-07-19T00-00-00.txt,0
2013-12-18 19:00:00,62.29,64.78,58.77,67.69,71.54,62.12,DCC-NOISE-001003-2013-12-18T00-00-00.txt,0
2013-05-05 16:25:00,70.55,72.51,67.65,69.25,71.11,66.62,DCC-NOISE-001003-2013-05-05T00-00-00.txt,1
2013-10-19 13:52:00,62.73,64.15,58.39,64.18,66.12,59.82,DCC-NOISE-001003-2013-10-19T00-00-00.txt,0
2013-12-21 12:18:00,60.74,62.91,57.32,64.09,66.93,59.79,DCC-NOISE-001003-2013-12-21T00-03-00.txt,0
2013-12-27 14:22:00,62.74,64.68,59.65,67.77,70.41,62.72,DCC-NOISE-001003-2013-12-27T00-02-00.txt,0
2013-11-08 02:21:00,48.05,53.38,42.84,51.28,54.99,47.17,DCC-NOISE-001003-2013-11-08T00-00-00.txt,0
2013-11-11 04:41:00,50.82,54.9,46.18,53.24,56.88,49.22,DCC-NOISE-001003-2013-11-11T00-00-00.txt,0
2013-05-13 13:40:00,64.15,69.89,56.57,70.63,75.94,59.54,DCC-NOISE-001003-2013-05-13T00-00-00.txt,1
2013-12-16 15:20:00,63.21,64.68,60.89,65.31,67.69,62.06,DCC-NOISE-001003-2013-12-16T00-00-00.txt,1
2013-09-16 11:10:00,59.42,61.86,56.38,62.76,65.37,59.13,DCC-NOISE-001003-2013-09-16T00-00-00.txt,0
2013-03-17 13:45:00,60.15,62.97,55.21,61.88,64.92,57.1,DCC-NOISE-001003-2013-03-17T00-00-00.txt,0
2013-08-19 23:25:00,51.91,56.5,45.92,54.89,59.09,49.75,DCC-NOISE-001003-2013-08-19T00-00-00.txt,0
2013-12-27 18:57:00,63.66,67.45,57.86,72.38,79.1,63.2,DCC-NOISE-001003-2013-12-27T00-02-00.txt,1
2013-04-03 14:40:00,64.84,67.74,60.2,65.99,67.98,62.47,DCC-NOISE-001003-2013-04-03T00-00-00.txt,1
2013-11-26 13:51:00,67.23,70.17,60.15,73.28,76.6,66.03,DCC-NOISE-001003-2013-11-26T00-00-00.txt,1
2013-02-03 12:05:00,60.78,63.44,56.8,65.98,70.03,60.41,DCC-NOISE-001014-2013-02-03T00-00-00.txt,0
2013-11-07 20:01:00,58.43,61.14,54.59,60.81,63.05,57.24,DCC-NOISE-001003-2013-11-07T00-00-00.txt,0
2013-12-16 13:20:00,61.22,63.54,56.23,63.89,66.31,60.02,DCC-NOISE-001003-2013-12-16T00-00-00.txt,0
2013-11-18 03:02:00,48.64,55.64,40.57,49.73,56.6,42.59,DCC-NOISE-001003-2013-11-18T00-00-00.txt,0
2013-01-08 17:10:00,72.28,73.6,70.56,71.18,72.53,69.59,DCC-NOISE-001003-2013-01-08T00-00-00.txt,1
2013-10-31 12:51:00,70.63,74.35,67.72,77.67,79.89,74.46,DCC-NOISE-001003-2013-10-31T00-00-00.txt,1
2013-03-10 18:50:00,60.06,63.13,55.23,65.72,70.17,59.6,DCC-NOISE-001003-2013-03-10T00-00-00.txt,0
2013-04-18 14:05:00,65.17,68.48,59.08,70.03,75.49,62.78,DCC-NOISE-001003-2013-04-18T00-00-00.txt,1
2013-03-06 15:00:00,64.1,66.3,60.88,64.36,66.79,60.16,DCC-NOISE-001003-2013-03-06T00-00-00.txt,1
2013-03-21 11:50:00,66.42,68.88,61.09,70.67,74.05,65.34,DCC-NOISE-001003-2013-03-21T00-00-00.txt,1
2013-12-31 14:32:00,65.37,67.07,61.95,66.01,67.51,63.39,DCC-NOISE-001003-2013-12-31T00-02-00.txt,1
2013-05-01 10:45:00,65.0,71.57,53.31,69.71,76.78,57.83,DCC-NOISE-001003-2013-05-01T00-00-00.txt,1
2013-01-12 13:06:00,60.38,62.86,55.83,62.23,64.02,57.56,DCC-NOISE-001003-2013-01-12T00-00-00.txt,0
2013-02-23 15:25:00,62.46,64.74,57.64,63.39,65.73,58.47,DCC-NOISE-001003-2013-02-23T00-00-00.txt,0
2013-04-28 14:35:00,65.64,72.04,56.59,66.39,71.21,59.6,DCC-NOISE-001003-2013-04-28T00-00-00.txt,1
2013-02-26 12:55:00,59.36,62.26,53.84,62.74,65.23,56.46,DCC-NOISE-001003-2013-02-26T00-00-00.txt,0
2013-03-19 15:35:00,66.21,69.1,60.99,69.65,72.99,64.62,DCC-NOISE-001003-2013-03-19T00-00-00.txt,1
2013-07-31 21:45:00,56.59,59.86,51.34,60.78,64.08,56.38,DCC-NOISE-001003-2013-07-31T00-00-00.txt,0
2013-12-04 19:27:00,60.43,62.55,57.23,62.94,64.76,60.23,DCC-NOISE-001003-2013-12-04T00-00-00.txt,0
2013-08-15 08:10:00,65.32,69.81,54.4,69.68,72.58,64.27,DCC-NOISE-001003-2013-08-15T00-00-00.txt,1
2013-02-01 14:55:00,61.26,63.17,58.77,63.97,65.73,61.58,DCC-NOISE-001014-2013-02-01T00-00-00.txt,0
2013-10-31 20:01:00,63.21,66.37,57.49,66.26,70.59,60.62,DCC-NOISE-001003-2013-10-31T00-00-00.txt,1
2013-12-22 14:10:00,62.01,64.24,58.17,64.78,66.83,60.76,DCC-NOISE-001003-2013-12-22T00-00-00.txt,0
2013-07-17 12:45:00,65.17,71.71,53.44,70.83,77.46,60.11,DCC-NOISE-001003-2013-07-17T00-00-00.txt,1
2013-03-19 10:35:00,64.12,68.94,53.4,66.8,70.85,58.1,DCC-NOISE-001003-2013-03-19T00-00-00.txt,1
2013-03-17 09:35:00,62.49,65.85,56.7,63.04,65.91,57.99,DCC-NOISE-001003-2013-03-17T00-00-00.txt,0
2013-03-22 08:45:00,61.75,64.73,57.52,66.19,68.74,61.01,DCC-NOISE-001003-2013-03-22T00-00-00.txt,0
2013-12-14 03:00:00,52.18,57.78,44.41,54.58,59.51,48.01,DCC-NOISE-001003-2013-12-14T00-00-00.txt,0
2013-04-17 18:40:00,64.4,67.51,58.93,74.41,80.98,64.06,DCC-NOISE-001003-2013-04-17T00-00-00.txt,1
2013-06-11 14:05:00,65.09,70.18,55.01,72.3,77.67,62.84,DCC-NOISE-001003-2013-06-11T00-00-00.txt,1
2013-12-06 15:20:00,64.01,65.24,62.27,65.6,67.12,63.33,DCC-NOISE-001003-2013-12-06T14-40-00.txt,1
2013-11-29 19:11:00,60.23,62.65,56.15,62.83,65.1,59.75,DCC-NOISE-001003-2013-11-29T00-00-00.txt,0
2013-12-14 13:00:00,68.01,72.1,62.93,76.52,82.81,66.37,DCC-NOISE-001003-2013-12-14T00-00-00.txt,1
2013-06-07 18:20:00,57.02,59.34,52.32,59.69,63.1,54.25,DCC-NOISE-001003-2013-06-07T00-00-00.txt,0
2013-04-23 11:00:00,75.27,81.97,64.02,80.57,86.97,70.79,DCC-NOISE-001003-2013-04-23T00-00-00.txt,1
2013-01-25 16:25:00,63.86,66.06,58.93,67.36,70.41,63.22,DCC-NOISE-001014-2013-01-25T00-00-00.txt,1
2013-12-05 10:07:00,65.6,69.57,59.59,75.41,81.84,64.34,DCC-NOISE-001003-2013-12-05T00-00-00.txt,1
2013-12-21 16:28:00,63.1,65.76,57.93,67.15,71.11,60.95,DCC-NOISE-001003-2013-12-21T00-03-00.txt,1
2013-05-10 14:20:00,68.63,70.52,65.77,69.62,71.7,66.54,DCC-NOISE-001003-2013-05-10T00-00-00.txt,1
2013-12-14 14:50:00,66.6,68.0,62.69,73.97,79.21,65.03,DCC-NOISE-001003-2013-12-14T00-00-00.txt,1
2013-05-24 03:50:00,48.31,51.71,42.57,52.23,57.16,46.3,DCC-NOISE-001003-2013-05-24T00-00-00.txt,0
2013-02-19 07:50:00,63.32,71.74,56.49,67.02,75.7,59.63,DCC-NOISE-001003-2013-02-19T00-00-00.txt,1
2013-02-03 13:15:00,60.21,62.75,56.65,63.87,66.69,60.05,DCC-NOISE-001014-2013-02-03T00-00-00.txt,0
2013-12-20 12:55:00,60.74,62.45,57.9,66.02,69.64,61.29,DCC-NOISE-001003-2013-12-20T00-00-00.txt,0
2013-04-28 16:00:00,67.36,72.75,55.25,68.09,72.49,58.74,DCC-NOISE-001003-2013-04-28T00-00-00.txt,1
2013-11-29 14:31:00,62.32,63.91,59.9,65.57,68.66,61.36,DCC-NOISE-001003-2013-11-29T00-00-00.txt,0
2013-12-07 14:27:00,60.29,62.28,56.77,62.93,65.64,59.32,DCC-NOISE-001003-2013-12-07T00-02-00.txt,0
2013-08-09 03:55:00,49.21,53.81,44.51,52.02,55.6,48.23,DCC-NOISE-001003-2013-08-09T00-00-00.txt,0
2013-01-25 18:00:00,63.99,66.23,59.54,66.19,69.24,61.55,DCC-NOISE-001014-2013-01-25T00-00-00.txt,1
2013-04-09 22:35:00,53.32,58.09,45.65,55.55,59.84,48.57,DCC-NOISE-001003-2013-04-09T00-00-00.txt,0
2013-04-16 11:40:00,71.85,77.73,65.06,82.57,89.56,72.12,DCC-NOISE-001003-2013-04-16T00-00-00.txt,1
2013-08-18 17:25:00,92.32,96.22,82.67,95.5,98.71,88.77,DCC-NOISE-001003-2013-08-18T00-00-00.txt,1
2013-12-25 19:27:00,59.1,62.52,55.42,61.11,64.12,57.5,DCC-NOISE-001003-2013-12-25T00-02-00.txt,0
2013-04-24 14:05:00,57.05,60.02,51.6,61.83,65.04,57.28,DCC-NOISE-001003-2013-04-24T00-00-00.txt,0
2013-12-14 13:40:00,67.03,70.48,62.36,76.27,83.12,66.17,DCC-NOISE-001003-2013-12-14T00-00-00.txt,1
2013-08-19 09:15:00,60.92,66.14,55.68,65.11,67.97,61.42,DCC-NOISE-001003-2013-08-19T00-00-00.txt,0
2013-11-19 09:16:00,60.55,62.57,56.94,65.61,68.25,61.82,DCC-NOISE-001003-2013-11-19T00-00-00.txt,0
2013-06-23 13:40:00,60.57,63.03,56.66,63.81,65.9,58.78,DCC-NOISE-001003-2013-06-23T00-00-00.txt,0
2013-03-27 09:00:00,61.38,64.43,57.12,62.88,65.24,58.64,DCC-NOISE-001003-2013-03-27T00-00-00.txt,0
2013-04-16 11:25:00,70.88,75.19,65.03,81.01,87.01,72.41,DCC-NOISE-001003-2013-04-16T00-00-00.txt,1
2013-09-14 23:50:00,51.5,56.64,45.59,53.75,58.19,48.95,DCC-NOISE-001003-2013-09-14T00-00-00.txt,0
2013-10-31 18:16:00,61.73,63.8,57.4,65.11,67.73,60.8,DCC-NOISE-001003-2013-10-31T00-00-00.txt,0
2013-01-18 07:41:00,62.77,66.66,56.25,67.04,71.35,59.69,DCC-NOISE-001003-2013-01-18T00-00-00.txt,0
2013-12-23 13:37:00,62.04,64.35,58.76,66.89,70.44,62.01,DCC-NOISE-001003-2013-12-23T00-02-00.txt,0
2013-12-05 06:37:00,64.25,70.29,56.74,73.7,81.31,62.51,DCC-NOISE-001003-2013-12-05T00-00-00.txt,1
2013-11-30 09:37:00,61.81,63.71,59.0,63.49,65.4,60.95,DCC-NOISE-001003-2013-11-30T00-00-00.txt,0
2013-12-15 21:22:00,57.49,60.49,52.9,60.85,63.78,56.01,DCC-NOISE-001003-2013-12-15T00-02-00.txt,0
2013-04-17 21:10:00,65.01,69.6,57.23,75.13,81.64,62.06,DCC-NOISE-001003-2013-04-17T00-00-00.txt,1
2013-07-04 22:50:00,54.3,57.57,50.73,57.08,60.39,53.48,DCC-NOISE-001003-2013-07-04T00-00-00.txt,0
2013-01-30 11:30:00,63.89,67.03,59.01,72.98,79.25,64.72,DCC-NOISE-001014-2013-01-30T00-00-00.txt,1
2013-08-20 11:20:00,54.5,58.21,48.16,58.49,61.61,52.54,DCC-NOISE-001003-2013-08-20T00-55-00.txt,0
2013-10-01 00:25:00,53.19,57.69,45.44,55.48,59.79,48.21,DCC-NOISE-001003-2013-10-01T00-00-00.txt,0
2013-02-07 13:40:00,63.37,66.62,57.93,66.72,70.43,62.18,DCC-NOISE-001014-2013-02-07T00-00-00.txt,1
2013-04-29 12:15:00,72.75,75.54,69.23,73.71,77.62,68.84,DCC-NOISE-001003-2013-04-29T00-00-00.txt,1
2013-04-05 14:50:00,61.52,63.97,57.19,63.43,66.21,58.65,DCC-NOISE-001003-2013-04-05T00-00-00.txt,0
2013-06-17 03:30:00,48.22,55.47,36.14,50.02,57.61,38.95,DCC-NOISE-001003-2013-06-17T00-00-00.txt,0
2013-01-01 12:30:00,57.73,60.77,53.92,61.76,65.68,57.19,DCC-NOISE-001003-2013-01-01T00-00-00.txt,0
2013-06-05 11:20:00,53.96,56.99,47.01,59.5,62.49,54.92,DCC-NOISE-001003-2013-06-05T00-00-00.txt,0
2013-01-16 19:51:00,58.39,61.89,53.23,61.57,64.51,57.23,DCC-NOISE-001003-2013-01-16T00-00-00.txt,0
2013-03-25 14:05:00,67.55,72.98,58.63,73.58,78.69,65.02,DCC-NOISE-001003-2013-03-25T00-00-00.txt,1
2013-02-10 14:50:00,63.36,65.73,59.47,65.35,67.76,61.63,DCC-NOISE-001014-2013-02-10T00-00-00.txt,1
2013-05-04 10:10:00,63.26,65.49,56.24,67.53,69.46,61.07,DCC-NOISE-001003-2013-05-04T00-00-00.txt,1
2013-01-17 20:41:00,64.22,70.85,53.13,69.66,76.76,57.79,DCC-NOISE-001003-2013-01-17T00-00-00.txt,1
2013-05-09 17:25:00,63.38,65.44,59.75,65.82,67.88,62.15,DCC-NOISE-001003-2013-05-09T00-00-00.txt,1
2013-02-27 00:20:00,48.79,55.44,36.6,51.99,58.62,40.45,DCC-NOISE-001003-2013-02-27T00-00-00.txt,0
2013-01-19 09:51:00,57.77,61.32,51.88,59.97,63.34,54.05,DCC-NOISE-001003-2013-01-19T00-00-00.txt,0
2013-07-02 07:05:00,54.81,59.05,47.71,57.26,60.81,51.51,DCC-NOISE-001003-2013-07-02T00-00-00.txt,0
2013-12-06 12:06:00,62.54,63.47,58.18,65.76,66.47,60.58,DCC-NOISE-001003-2013-12-06T00-00-00.txt,0
2013-06-14 00:40:00,51.01,56.37,44.97,53.75,58.3,49.27,DCC-NOISE-001003-2013-06-14T00-00-00.txt,0
2013-12-14 14:25:00,66.46,69.45,61.4,74.51,80.49,65.37,DCC-NOISE-001003-2013-12-14T00-00-00.txt,1
2013-08-29 11:35:00,63.6,66.04,59.97,69.92,72.12,66.89,DCC-NOISE-001003-2013-08-29T00-00-00.txt,1
2013-03-06 14:30:00,61.56,64.08,56.61,63.67,66.26,59.23,DCC-NOISE-001003-2013-03-06T00-00-00.txt,0
2013-12-18 18:30:00,63.13,66.1,59.25,68.7,72.22,62.79,DCC-NOISE-001003-2013-12-18T00-00-00.txt,1
2013-03-19 11:55:00,66.93,69.02,63.93,69.42,71.71,65.95,DCC-NOISE-001003-2013-03-19T00-00-00.txt,1
2013-01-05 19:00:00,57.41,59.97,52.58,60.88,63.68,55.82,DCC-NOISE-001003-2013-01-05T00-00-00.txt,0
2013-04-07 12:40:00,65.36,69.33,57.56,66.3,71.04,59.51,DCC-NOISE-001003-2013-04-07T00-00-00.txt,1
2013-07-01 12:50:00,66.32,70.76,51.97,65.68,69.43,55.43,DCC-NOISE-001003-2013-07-01T00-00-00.txt,1
2013-12-05 18:52:00,60.74,63.02,57.09,63.19,65.37,60.36,DCC-NOISE-001003-2013-12-05T00-00-00.txt,0
2013-04-03 15:15:00,63.67,66.24,59.54,64.34,66.51,60.21,DCC-NOISE-001003-2013-04-03T00-00-00.txt,1
2013-12-03 19:17:00,60.24,62.82,56.83,63.54,66.89,60.18,DCC-NOISE-001003-2013-12-03T00-00-00.txt,0
2013-01-25 14:10:00,65.78,69.0,60.68,75.52,81.52,65.58,DCC-NOISE-001014-2013-01-25T00-00-00.txt,1
2013-02-09 09:15:00,60.97,64.04,56.63,63.24,66.1,59.18,DCC-NOISE-001014-2013-02-09T00-00-00.txt,0
2013-12-19 14:13:00,64.4,65.79,61.81,66.17,67.68,62.98,DCC-NOISE-001003-2013-12-19T00-03-00.txt,1
2013-02-22 21:30:00,56.03,60.53,49.73,59.94,63.5,53.94,DCC-NOISE-001003-2013-02-22T00-00-00.txt,0
2013-05-13 15:25:00,65.76,70.34,57.74,73.53,80.28,62.02,DCC-NOISE-001003-2013-05-13T00-00-00.txt,1
2013-12-19 16:48:00,66.86,68.54,64.33,67.51,69.43,65.08,DCC-NOISE-001003-2013-12-19T00-03-00.txt,1
2013-10-26 19:06:00,58.54,61.19,55.36,62.16,64.76,58.56,DCC-NOISE-001003-2013-10-26T00-00-00.txt,0
2013-12-19 18:23:00,61.04,63.53,56.81,65.12,68.64,60.78,DCC-NOISE-001003-2013-12-19T00-03-00.txt,0
2013-11-19 13:51:00,64.94,67.24,60.4,69.99,71.74,66.98,DCC-NOISE-001003-2013-11-19T00-00-00.txt,1
2013-01-30 11:50:00,63.23,65.6,59.99,71.41,76.73,64.21,DCC-NOISE-001014-2013-01-30T00-00-00.txt,1
2013-11-21 03:16:00,49.7,56.22,41.3,52.55,57.64,45.24,DCC-NOISE-001003-2013-11-21T00-00-00.txt,0
2013-12-21 14:18:00,64.82,66.89,61.87,66.4,68.35,63.44,DCC-NOISE-001003-2013-12-21T00-03-00.txt,1
2013-01-30 11:35:00,65.15,68.73,59.65,74.35,81.22,64.02,DCC-NOISE-001014-2013-01-30T00-00-00.txt,1
2013-08-07 12:05:00,54.73,57.69,47.97,59.31,62.06,53.97,DCC-NOISE-001003-2013-08-07T00-00-00.txt,0
2013-07-17 13:35:00,67.16,69.85,59.62,72.68,76.24,65.04,DCC-NOISE-001003-2013-07-17T00-00-00.txt,1
2013-05-12 15:35:00,61.05,63.23,56.18,67.2,72.72,58.56,DCC-NOISE-001003-2013-05-12T00-00-00.txt,0
2013-02-10 23:45:00,57.01,62.16,47.05,59.7,63.77,49.24,DCC-NOISE-001014-2013-02-10T00-00-00.txt,0
2013-02-10 12:45:00,60.48,63.24,56.79,63.07,65.29,59.87,DCC-NOISE-001014-2013-02-10T00-00-00.txt,0
2013-02-26 10:40:00,69.04,73.0,63.42,74.69,78.96,68.65,DCC-NOISE-001003-2013-02-26T00-00-00.txt,1
2013-03-11 11:00:00,61.05,64.03,56.62,67.01,70.31,61.2,DCC-NOISE-001003-2013-03-11T00-00-00.txt,0
2013-06-17 16:25:00,56.13,59.98,47.34,59.7,62.62,50.79,DCC-NOISE-001003-2013-06-17T00-00-00.txt,0
2013-01-18 10:01:00,65.42,71.4,55.92,69.43,76.54,60.46,DCC-NOISE-001003-2013-01-18T00-00-00.txt,1
2013-01-24 14:00:00,60.84,63.25,55.29,62.78,64.91,57.62,DCC-NOISE-001014-2013-01-24T00-00-00.txt,0
2013-05-03 01:55:00,50.18,56.3,42.78,52.61,58.19,46.84,DCC-NOISE-001003-2013-05-03T00-00-00.txt,0
2013-12-15 17:12:00,61.25,63.96,56.28,63.14,65.26,59.15,DCC-NOISE-001003-2013-12-15T00-02-00.txt,0
2013-03-21 12:15:00,68.3,70.5,65.45,72.47,75.27,68.44,DCC-NOISE-001003-2013-03-21T00-00-00.txt,1
2013-12-31 14:37:00,66.1,67.37,64.15,66.38,67.84,64.23,DCC-NOISE-001003-2013-12-31T00-02-00.txt,1
2013-11-02 19:17:00,63.97,67.62,57.98,69.02,74.4,60.31,DCC-NOISE-001003-2013-11-02T00-00-00.txt,1
2013-02-08 05:00:00,54.52,59.63,48.08,56.79,60.71,52.33,DCC-NOISE-001014-2013-02-08T00-00-00.txt,0
2013-06-28 23:25:00,54.95,58.49,50.58,58.0,61.21,54.01,DCC-NOISE-001003-2013-06-28T00-00-00.txt,0
2013-12-26 19:30:00,64.84,70.92,56.13,74.1,81.45,61.3,DCC-NOISE-001003-2013-12-26T00-00-00.txt,1
2013-05-21 05:20:00,63.79,71.1,46.91,62.55,69.34,49.45,DCC-NOISE-001003-2013-05-21T00-00-00.txt,1
2013-03-27 13:25:00,64.71,67.74,58.87,67.26,71.14,60.63,DCC-NOISE-001003-2013-03-27T00-00-00.txt,1
2013-12-21 14:23:00,64.57,66.98,61.05,66.69,68.68,62.5,DCC-NOISE-001003-2013-12-21T00-03-00.txt,1
2013-09-15 19:15:00,60.99,64.14,54.37,65.61,68.9,57.64,DCC-NOISE-001003-2013-09-15T00-00-00.txt,0
2013-07-25 12:40:00,65.69,67.63,63.48,66.08,68.01,63.52,DCC-NOISE-001003-2013-07-25T00-00-00.txt,1
2013-01-26 01:10:00,56.04,60.98,50.04,59.15,63.13,54.22,DCC-NOISE-001014-2013-01-26T00-00-00.txt,0
2013-08-13 06:30:00,57.38,60.36,52.78,60.63,63.95,56.62,DCC-NOISE-001003-2013-08-13T00-00-00.txt,0
2013-11-20 11:56:00,60.69,63.13,56.83,65.79,69.97,60.69,DCC-NOISE-001003-2013-11-20T00-00-00.txt,0
2013-06-15 20:40:00,63.72,69.36,57.05,64.83,69.23,58.93,DCC-NOISE-001003-2013-06-15T00-00-00.txt,1
2013-12-27 15:32:00,65.07,67.78,60.61,70.57,74.53,63.18,DCC-NOISE-001003-2013-12-27T00-02-00.txt,1
2013-01-18 15:26:00,63.79,68.68,57.49,67.78,73.68,60.9,DCC-NOISE-001003-2013-01-18T00-00-00.txt,1
2013-12-28 12:35:00,64.4,63.32,55.8,65.46,65.89,59.24,DCC-NOISE-001003-2013-12-28T00-00-00.txt,1
2013-01-26 15:05:00,60.79,63.32,56.51,63.96,66.81,59.48,DCC-NOISE-001014-2013-01-26T00-00-00.txt,0
2013-08-18 14:15:00,72.26,81.53,59.7,75.32,85.22,62.71,DCC-NOISE-001003-2013-08-18T00-00-00.txt,1
2013-05-14 08:55:00,57.1,59.53,53.16,62.05,64.54,58.43,DCC-NOISE-001003-2013-05-14T00-00-00.txt,0
2013-12-27 07:42:00,64.42,68.47,56.7,72.58,79.29,60.85,DCC-NOISE-001003-2013-12-27T00-02-00.txt,1
2013-12-05 08:07:00,66.86,70.78,59.11,76.62,83.46,63.75,DCC-NOISE-001003-2013-12-05T00-00-00.txt,1
2013-03-14 14:15:00,63.35,63.89,59.69,65.12,66.53,60.86,DCC-NOISE-001003-2013-03-14T00-00-00.txt,1
2013-06-19 06:50:00,63.61,67.68,56.51,63.53,67.48,56.98,DCC-NOISE-001003-2013-06-19T00-00-00.txt,1
2013-07-01 03:55:00,49.42,54.86,43.54,51.88,56.71,46.38,DCC-NOISE-001003-2013-07-01T00-00-00.txt,0
2013-12-24 13:05:00,66.61,70.05,60.86,74.88,81.17,65.13,DCC-NOISE-001003-2013-12-24T00-00-00.txt,1
2013-10-26 14:21:00,63.34,66.75,59.04,67.98,71.78,62.04,DCC-NOISE-001003-2013-10-26T00-00-00.txt,1
2013-04-16 11:00:00,64.15,68.03,58.47,72.54,78.42,62.52,DCC-NOISE-001003-2013-04-16T00-00-00.txt,1
2013-11-18 13:12:00,66.49,68.28,59.51,66.18,67.74,62.02,DCC-NOISE-001003-2013-11-18T00-00-00.txt,1
2013-01-18 09:26:00,65.41,72.41,55.84,70.95,78.24,60.99,DCC-NOISE-001003-2013-01-18T00-00-00.txt,1
2013-03-17 03:00:00,56.05,61.41,46.29,58.38,63.2,49.9,DCC-NOISE-001003-2013-03-17T00-00-00.txt,0
2013-10-31 12:31:00,64.04,65.91,61.47,73.28,75.07,70.12,DCC-NOISE-001003-2013-10-31T00-00-00.txt,1
2013-08-18 15:40:00,77.55,82.82,61.61,80.03,85.15,64.0,DCC-NOISE-001003-2013-08-18T00-00-00.txt,1
2013-03-14 11:05:00,70.71,74.82,63.99,76.47,80.74,69.51,DCC-NOISE-001003-2013-03-14T00-00-00.txt,1
2013-02-05 16:05:00,61.16,63.34,57.16,66.96,70.4,60.87,DCC-NOISE-001014-2013-02-05T00-00-00.txt,0
2013-12-27 03:57:00,63.35,67.65,54.95,73.02,78.38,60.09,DCC-NOISE-001003-2013-12-27T00-02-00.txt,1
2013-04-23 15:00:00,61.64,66.48,56.66,66.36,70.41,61.35,DCC-NOISE-001003-2013-04-23T00-00-00.txt,0
2013-02-10 18:25:00,60.97,64.63,56.34,63.08,65.98,58.94,DCC-NOISE-001014-2013-02-10T00-00-00.txt,0
2013-04-17 14:15:00,63.63,66.75,59.25,73.37,80.09,63.32,DCC-NOISE-001003-2013-04-17T00-00-00.txt,1
2013-03-12 00:25:00,52.51,58.56,41.26,56.6,62.05,45.1,DCC-NOISE-001003-2013-03-12T00-00-00.txt,0
2013-12-13 20:07:00,62.69,65.53,56.52,63.89,66.23,60.17,DCC-NOISE-001003-2013-12-13T00-02-00.txt,0
2013-01-18 02:56:00,67.02,75.56,48.2,72.57,80.7,53.52,DCC-NOISE-001003-2013-01-18T00-00-00.txt,1
2013-12-20 13:30:00,63.75,64.94,62.02,67.63,71.0,63.0,DCC-NOISE-001003-2013-12-20T00-00-00.txt,1
2013-10-11 06:56:00,53.8,58.5,47.82,56.93,61.04,51.16,DCC-NOISE-001003-2013-10-11T00-00-00.txt,0
2013-04-03 12:10:00,64.61,67.81,58.87,65.14,67.87,60.18,DCC-NOISE-001003-2013-04-03T00-00-00.txt,1
2013-01-02 13:05:00,60.27,62.59,56.78,64.7,67.24,60.61,DCC-NOISE-001003-2013-01-02T00-00-00.txt,0
2013-02-24 03:10:00,55.11,59.75,46.39,56.49,60.8,48.5,DCC-NOISE-001003-2013-02-24T00-00-00.txt,0
2013-01-08 10:25:00,73.6,75.65,71.0,72.38,74.3,69.91,DCC-NOISE-001003-2013-01-08T00-00-00.txt,1
2013-05-24 05:00:00,53.13,56.49,45.78,54.7,57.82,49.29,DCC-NOISE-001003-2013-05-24T00-00-00.txt,0
2013-02-03 13:20:00,60.57,62.76,57.76,63.59,65.78,60.24,DCC-NOISE-001014-2013-02-03T00-00-00.txt,0
2013-05-05 16:35:00,68.38,71.87,51.83,67.46,70.46,56.4,DCC-NOISE-001003-2013-05-05T00-00-00.txt,1
2013-09-26 05:26:00,44.45,49.7,35.75,46.6,52.13,39.15,DCC-NOISE-001003-2013-09-26T00-00-00.txt,0
2013-03-20 11:30:00,64.31,66.21,58.24,67.93,70.22,63.92,DCC-NOISE-001003-2013-03-20T00-00-00.txt,1
2013-07-26 21:40:00,55.44,58.62,50.16,59.2,62.26,54.44,DCC-NOISE-001003-2013-07-26T00-00-00.txt,0
2013-01-31 16:15:00,62.21,64.19,58.89,64.57,66.27,61.79,DCC-NOISE-001014-2013-01-31T00-00-00.txt,0
2013-12-26 20:25:00,68.19,73.78,59.81,77.08,84.03,66.57,DCC-NOISE-001003-2013-12-26T00-00-00.txt,1
2013-12-30 23:35:00,54.56,60.17,44.63,57.88,62.7,48.87,DCC-NOISE-001003-2013-12-30T00-00-00.txt,0
2013-03-27 09:40:00,60.61,64.37,55.12,62.96,66.4,57.97,DCC-NOISE-001003-2013-03-27T00-00-00.txt,0
2013-12-11 21:47:00,55.54,59.31,48.59,57.99,60.86,52.41,DCC-NOISE-001003-2013-12-11T00-02-00.txt,0
2013-10-31 12:11:00,69.69,73.89,55.35,72.4,75.84,58.87,DCC-NOISE-001003-2013-10-31T00-00-00.txt,1
2013-11-19 13:56:00,66.09,68.76,62.53,70.9,73.08,67.86,DCC-NOISE-001003-2013-11-19T00-00-00.txt,1
2013-08-02 10:35:00,65.32,70.45,57.95,71.54,75.99,63.84,DCC-NOISE-001003-2013-08-02T00-00-00.txt,1
2013-06-07 15:35:00,57.62,60.64,50.85,62.23,65.29,55.62,DCC-NOISE-001003-2013-06-07T00-00-00.txt,0
2013-12-27 02:42:00,64.54,70.73,54.67,74.3,81.23,60.27,DCC-NOISE-001003-2013-12-27T00-02-00.txt,1
2013-01-30 14:45:00,60.75,62.23,58.43,66.7,71.25,61.43,DCC-NOISE-001014-2013-01-30T00-00-00.txt,0
2013-08-26 11:50:00,64.11,68.09,55.46,69.69,73.08,61.44,DCC-NOISE-001003-2013-08-26T00-00-00.txt,1
2013-01-28 16:10:00,64.75,67.49,60.43,73.91,79.79,65.47,DCC-NOISE-001014-2013-01-28T00-00-00.txt,1
2013-11-28 06:21:00,56.17,59.29,51.71,58.64,61.41,54.71,DCC-NOISE-001003-2013-11-28T00-00-00.txt,0
2013-04-24 17:50:00,64.33,65.97,60.27,64.93,66.36,60.73,DCC-NOISE-001003-2013-04-24T00-00-00.txt,1
2013-09-11 11:00:00,66.44,72.33,59.19,71.07,76.81,63.74,DCC-NOISE-001003-2013-09-11T00-00-00.txt,1
2013-07-01 11:15:00,60.99,64.3,55.81,67.13,70.99,60.48,DCC-NOISE-001003-2013-07-01T00-00-00.txt,0
2013-03-06 12:45:00,63.11,65.68,57.01,63.84,66.2,58.57,DCC-NOISE-001003-2013-03-06T00-00-00.txt,1
2013-03-06 15:10:00,63.82,65.73,61.05,64.5,66.39,60.86,DCC-NOISE-001003-2013-03-06T00-00-00.txt,1
2013-10-19 18:12:00,58.63,60.68,52.91,62.73,65.09,56.82,DCC-NOISE-001003-2013-10-19T00-00-00.txt,0
2013-04-14 12:40:00,60.66,63.28,56.31,69.08,74.32,60.68,DCC-NOISE-001003-2013-04-14T00-00-00.txt,0
2013-05-05 17:10:00,70.08,71.82,67.21,68.98,70.73,66.44,DCC-NOISE-001003-2013-05-05T00-00-00.txt,1
2013-03-10 18:30:00,63.66,69.67,53.38,70.58,77.86,57.5,DCC-NOISE-001003-2013-03-10T00-00-00.txt,1
2013-02-25 11:40:00,56.66,60.03,51.18,61.13,64.13,56.42,DCC-NOISE-001003-2013-02-25T00-00-00.txt,0
2013-02-21 17:05:00,60.93,65.02,54.6,62.77,66.0,57.54,DCC-NOISE-001003-2013-02-21T00-00-00.txt,0
2013-04-25 15:25:00,71.51,73.38,68.83,70.61,72.36,68.0,DCC-NOISE-001003-2013-04-25T00-15-00.txt,1
2013-04-03 13:10:00,63.46,67.58,52.55,64.9,68.16,55.87,DCC-NOISE-001003-2013-04-03T00-00-00.txt,1
2013-03-22 18:10:00,63.44,65.75,57.02,69.63,73.03,61.57,DCC-NOISE-001003-2013-03-22T00-00-00.txt,1
2013-04-03 12:30:00,64.83,67.22,60.1,66.81,69.55,62.71,DCC-NOISE-001003-2013-04-03T00-00-00.txt,1
2013-08-03 16:00:00,56.21,58.82,52.89,61.31,63.75,57.34,DCC-NOISE-001003-2013-08-03T00-00-00.txt,0
2013-12-27 07:02:00,63.91,67.31,56.78,72.84,78.44,61.99,DCC-NOISE-001003-2013-12-27T00-02-00.txt,1
2013-03-20 12:15:00,64.86,67.97,56.63,68.96,72.22,61.75,DCC-NOISE-001003-2013-03-20T00-00-00.txt,1
2013-11-02 16:42:00,61.59,63.56,58.72,65.51,68.17,61.54,DCC-NOISE-001003-2013-11-02T00-00-00.txt,0
2013-01-25 14:35:00,65.18,69.51,59.98,75.38,82.43,64.3,DCC-NOISE-001014-2013-01-25T00-00-00.txt,1
2013-02-19 02:45:00,48.35,54.84,41.41,50.93,55.35,45.72,DCC-NOISE-001003-2013-02-19T00-00-00.txt,0
2013-01-26 17:55:00,60.9,63.2,56.97,69.32,75.41,61.3,DCC-NOISE-001014-2013-01-26T00-00-00.txt,0
2013-03-12 08:25:00,59.09,62.35,54.59,62.91,65.79,59.1,DCC-NOISE-001003-2013-03-12T00-00-00.txt,0
2013-04-28 12:55:00,60.8,64.22,55.87,65.67,69.72,60.01,DCC-NOISE-001003-2013-04-28T00-00-00.txt,0
2013-03-04 20:05:00,65.02,65.84,63.98,64.54,65.69,62.94,DCC-NOISE-001003-2013-03-04T00-00-00.txt,1
2013-12-18 16:20:00,65.44,67.65,62.18,70.39,74.09,64.52,DCC-NOISE-001003-2013-12-18T00-00-00.txt,1
2013-02-08 09:35:00,61.48,63.52,58.12,64.82,66.86,61.97,DCC-NOISE-001014-2013-02-08T00-00-00.txt,0
2013-12-26 19:35:00,64.64,68.87,58.03,73.58,78.85,63.01,DCC-NOISE-001003-2013-12-26T00-00-00.txt,1
2013-06-03 23:15:00,51.31,56.4,42.06,53.55,57.93,46.26,DCC-NOISE-001003-2013-06-03T00-00-00.txt,0
2013-10-03 15:27:00,60.54,63.95,56.16,62.71,65.5,58.48,DCC-NOISE-001003-2013-10-03T00-00-00.txt,0
2013-06-20 09:40:00,73.41,80.01,61.56,79.39,85.96,68.66,DCC-NOISE-001003-2013-06-20T00-00-00.txt,1
2013-04-29 12:25:00,71.76,73.96,68.72,71.44,73.66,68.32,DCC-NOISE-001003-2013-04-29T00-00-00.txt,1
2013-06-08 12:45:00,54.19,57.59,47.49,59.35,62.66,53.61,DCC-NOISE-001003-2013-06-08T00-00-00.txt,0
2013-03-21 15:10:00,62.05,64.35,58.81,64.33,66.34,61.64,DCC-NOISE-001003-2013-03-21T00-00-00.txt,0
2013-04-18 19:15:00,63.52,66.04,58.75,65.72,68.22,61.13,DCC-NOISE-001003-2013-04-18T00-00-00.txt,1
2013-02-26 18:35:00,56.41,60.25,51.23,61.01,64.08,55.94,DCC-NOISE-001003-2013-02-26T00-00-00.txt,0
2013-02-01 10:10:00,60.49,63.07,56.89,64.42,67.37,60.83,DCC-NOISE-001014-2013-02-01T00-00-00.txt,0
2013-08-18 15:50:00,76.53,81.11,64.78,78.39,82.45,66.16,DCC-NOISE-001003-2013-08-18T00-00-00.txt,1
2013-04-05 16:50:00,61.88,63.4,58.76,64.53,67.0,60.62,DCC-NOISE-001003-2013-04-05T00-00-00.txt,0
2013-06-17 22:00:00,70.55,74.39,57.69,68.91,72.57,59.41,DCC-NOISE-001003-2013-06-17T00-00-00.txt,1
2013-02-14 12:50:00,60.68,62.6,57.75,65.64,68.74,61.05,DCC-NOISE-001014-2013-02-14T00-00-00.txt,0
2013-05-09 15:35:00,63.16,65.88,59.5,69.69,75.47,63.23,DCC-NOISE-001003-2013-05-09T00-00-00.txt,1
2013-09-22 17:35:00,54.95,58.75,49.07,58.45,61.88,53.31,DCC-NOISE-001003-2013-09-22T00-00-00.txt,0
2013-12-05 08:52:00,67.16,71.84,61.75,77.17,83.8,67.5,DCC-NOISE-001003-2013-12-05T00-00-00.txt,1
2013-09-24 10:40:00,66.64,74.27,51.95,71.2,78.96,57.73,DCC-NOISE-001003-2013-09-24T00-00-00.txt,1
2013-02-04 09:20:00,61.2,63.11,57.85,68.56,73.24,62.89,DCC-NOISE-001014-2013-02-04T00-00-00.txt,0
2013-12-27 04:12:00,64.08,69.52,55.71,73.41,80.61,60.33,DCC-NOISE-001003-2013-12-27T00-02-00.txt,1
2013-03-29 12:55:00,60.92,63.73,55.65,62.81,65.77,58.66,DCC-NOISE-001003-2013-03-29T00-00-00.txt,0
2013-04-23 18:10:00,71.88,73.51,69.6,70.62,72.22,68.47,DCC-NOISE-001003-2013-04-23T00-00-00.txt,1
2013-11-12 05:16:00,53.53,56.0,51.03,56.76,58.46,54.25,DCC-NOISE-001003-2013-11-12T00-00-00.txt,0
2013-02-06 22:50:00,58.27,62.26,52.71,60.82,63.58,56.52,DCC-NOISE-001014-2013-02-06T00-00-00.txt,0
2013-09-24 10:30:00,63.65,65.96,59.79,68.48,70.98,65.28,DCC-NOISE-001003-2013-09-24T00-00-00.txt,1
2013-01-27 14:50:00,61.24,63.76,57.82,64.63,66.58,60.89,DCC-NOISE-001014-2013-01-27T00-00-00.txt,0
2013-04-09 11:55:00,65.02,68.19,59.75,72.09,75.29,67.17,DCC-NOISE-001003-2013-04-09T00-00-00.txt,1
2013-07-10 10:35:00,64.5,65.61,62.96,64.14,65.37,62.3,DCC-NOISE-001003-2013-07-10T00-00-00.txt,1
2013-03-21 10:35:00,68.11,74.91,59.0,70.77,75.4,63.61,DCC-NOISE-001003-2013-03-21T00-00-00.txt,1
2013-12-19 17:23:00,63.69,65.59,57.42,65.82,68.66,60.63,DCC-NOISE-001003-2013-12-19T00-03-00.txt,1
2013-12-05 06:42:00,65.94,71.36,57.8,75.85,82.66,62.49,DCC-NOISE-001003-2013-12-05T00-00-00.txt,1
2013-12-30 15:55:00,61.83,62.45,56.93,65.51,66.35,60.65,DCC-NOISE-001003-2013-12-30T00-00-00.txt,0
2013-12-21 12:13:00,61.58,63.34,58.44,65.55,69.05,61.17,DCC-NOISE-001003-2013-12-21T00-03-00.txt,0
2013-01-29 11:05:00,69.63,71.82,66.68,71.65,74.23,67.18,DCC-NOISE-001014-2013-01-29T00-00-00.txt,1
2013-12-05 11:27:00,65.59,69.99,59.31,74.21,81.33,62.51,DCC-NOISE-001003-2013-12-05T00-00-00.txt,1
2013-08-14 21:50:00,54.43,58.34,48.6,57.48,61.29,52.12,DCC-NOISE-001003-2013-08-14T00-00-00.txt,0
2013-12-03 00:55:00,49.88,55.25,44.73,52.85,57.27,49.06,DCC-NOISE-001003-2013-12-03T00-00-00.txt,0
2013-01-30 13:45:00,63.47,65.85,60.31,72.4,79.07,64.37,DCC-NOISE-001014-2013-01-30T00-00-00.txt,1
2013-04-18 13:05:00,65.09,70.38,58.07,75.2,81.85,63.55,DCC-NOISE-001003-2013-04-18T00-00-00.txt,1
2013-04-18 00:40:00,65.07,69.09,57.63,74.19,79.35,62.9,DCC-NOISE-001003-2013-04-18T00-00-00.txt,1
2013-04-16 11:50:00,67.88,73.85,57.99,78.9,86.49,63.54,DCC-NOISE-001003-2013-04-16T00-00-00.txt,1
2013-04-17 14:00:00,63.33,65.64,58.55,71.37,77.89,62.64,DCC-NOISE-001003-2013-04-17T00-00-00.txt,1
2013-02-12 21:10:00,58.06,62.28,49.1,60.64,63.91,53.07,DCC-NOISE-001014-2013-02-12T00-00-00.txt,0
2013-05-30 08:35:00,70.07,73.9,56.87,75.94,79.94,62.44,DCC-NOISE-001003-2013-05-30T00-00-00.txt,1
2013-09-19 17:20:00,59.93,61.84,57.35,63.72,66.04,60.14,DCC-NOISE-001003-2013-09-19T00-00-00.txt,0
2013-10-31 19:36:00,66.91,73.82,57.6,68.52,74.89,60.67,DCC-NOISE-001003-2013-10-31T00-00-00.txt,1
2013-01-05 08:05:00,53.32,58.09,46.67,56.11,60.88,50.44,DCC-NOISE-001003-2013-01-05T00-00-00.txt,0
2013-04-16 11:15:00,70.22,74.75,64.55,80.45,87.29,71.75,DCC-NOISE-001003-2013-04-16T00-00-00.txt,1
2013-02-20 11:45:00,60.7,63.84,54.47,65.59,71.08,59.3,DCC-NOISE-001003-2013-02-20T00-00-00.txt,0
2013-04-25 08:10:00,61.25,64.45,56.67,64.1,67.07,60.29,DCC-NOISE-001003-2013-04-25T00-15-00.txt,0
2013-12-14 12:30:00,67.06,70.02,62.52,75.55,81.88,66.3,DCC-NOISE-001003-2013-12-14T00-00-00.txt,1
2013-12-10 08:45:00,60.76,64.79,54.54,69.68,76.18,59.41,DCC-NOISE-001003-2013-12-10T00-00-00.txt,0
2013-01-25 16:30:00,63.5,66.1,58.04,67.01,69.94,61.15,DCC-NOISE-001014-2013-01-25T00-00-00.txt,1
2013-01-18 03:21:00,64.28,72.6,47.26,70.08,78.09,53.51,DCC-NOISE-001003-2013-01-18T00-00-00.txt,1
2013-08-30 09:55:00,65.92,72.99,53.11,66.61,71.7,57.93,DCC-NOISE-001003-2013-08-30T00-00-00.txt,1
2013-12-30 21:35:00,56.01,60.14,47.49,58.89,62.26,51.05,DCC-NOISE-001003-2013-12-30T00-00-00.txt,0
2013-04-04 21:25:00,55.64,59.51,50.36,58.98,61.92,54.17,DCC-NOISE-001003-2013-04-04T00-00-00.txt,0
2013-04-19 07:30:00,60.81,62.98,58.51,64.33,66.35,61.88,DCC-NOISE-001003-2013-04-19T00-00-00.txt,0
2013-01-18 02:11:00,65.77,74.1,46.36,71.3,79.6,51.78,DCC-NOISE-001003-2013-01-18T00-00-00.txt,1
2013-04-22 15:45:00,72.48,74.7,68.89,75.56,80.52,69.32,DCC-NOISE-001003-2013-04-22T00-00-00.txt,1
2013-02-15 11:50:00,63.45,71.97,53.46,65.23,71.61,57.04,DCC-NOISE-001014-2013-02-15T00-00-00.txt,1
2013-08-18 13:35:00,69.43,74.94,59.99,71.91,76.84,63.52,DCC-NOISE-001003-2013-08-18T00-00-00.txt,1
2013-10-09 00:55:00,51.05,55.25,44.62,54.51,58.66,47.69,DCC-NOISE-001003-2013-10-09T00-00-00.txt,0
2013-11-13 15:46:00,60.69,62.85,56.77,65.27,67.95,60.2,DCC-NOISE-001003-2013-11-13T00-00-00.txt,0
2013-04-17 16:00:00,61.62,64.51,58.04,69.1,73.71,62.49,DCC-NOISE-001003-2013-04-17T00-00-00.txt,0
2013-03-06 15:20:00,64.42,65.97,59.95,64.75,66.6,60.25,DCC-NOISE-001003-2013-03-06T00-00-00.txt,1
2013-12-27 03:07:00,64.13,68.16,55.25,74.54,81.23,60.61,DCC-NOISE-001003-2013-12-27T00-02-00.txt,1
2013-03-19 12:05:00,64.0,67.15,57.71,67.27,70.75,60.87,DCC-NOISE-001003-2013-03-19T00-00-00.txt,1
2013-08-01 18:00:00,55.13,57.52,49.79,59.57,62.31,54.07,DCC-NOISE-001003-2013-08-01T00-00-00.txt,0
2013-11-20 01:56:00,51.91,54.83,47.78,59.18,64.39,53.06,DCC-NOISE-001003-2013-11-20T00-00-00.txt,0
2013-12-14 11:45:00,66.66,69.12,62.5,75.82,81.62,65.32,DCC-NOISE-001003-2013-12-14T00-00-00.txt,1
2013-09-17 21:50:00,54.43,58.26,48.21,57.01,60.41,51.82,DCC-NOISE-001003-2013-09-17T00-00-00.txt,0
2013-01-18 05:36:00,66.12,74.65,48.82,71.92,80.23,54.94,DCC-NOISE-001003-2013-01-18T00-00-00.txt,1
2013-01-30 12:00:00,63.07,65.48,59.53,68.4,73.38,63.53,DCC-NOISE-001014-2013-01-30T00-00-00.txt,1
2013-12-20 16:35:00,63.11,65.22,59.71,69.61,74.79,64.1,DCC-NOISE-001003-2013-12-20T00-00-00.txt,1
2013-05-05 15:15:00,70.84,72.78,67.83,69.66,71.62,66.7,DCC-NOISE-001003-2013-05-05T00-00-00.txt,1
2013-04-16 12:05:00,63.12,65.17,58.03,71.82,76.5,63.1,DCC-NOISE-001003-2013-04-16T00-00-00.txt,1
2013-04-29 05:10:00,53.2,56.4,49.06,57.97,62.1,52.42,DCC-NOISE-001003-2013-04-29T00-00-00.txt,0
2013-01-05 06:35:00,49.15,55.72,44.03,52.31,57.7,48.56,DCC-NOISE-001003-2013-01-05T00-00-00.txt,0
2013-04-28 17:55:00,62.43,64.02,59.37,62.91,64.7,59.75,DCC-NOISE-001003-2013-04-28T00-00-00.txt,0
2013-02-07 11:50:00,65.44,71.25,55.05,67.08,71.57,59.52,DCC-NOISE-001014-2013-02-07T00-00-00.txt,1
2013-03-30 19:25:00,64.25,71.6,48.52,64.25,70.31,53.49,DCC-NOISE-001003-2013-03-30T00-00-00.txt,1
2013-04-28 15:45:00,71.47,73.48,68.56,70.78,73.0,67.66,DCC-NOISE-001003-2013-04-28T00-00-00.txt,1
2013-01-30 16:20:00,60.41,62.43,56.18,63.72,65.9,59.9,DCC-NOISE-001014-2013-01-30T00-00-00.txt,0
2013-03-24 21:45:00,56.26,59.88,50.58,60.64,64.03,55.89,DCC-NOISE-001003-2013-03-24T00-00-00.txt,0
2013-05-27 21:15:00,55.01,59.16,47.9,58.38,61.32,50.88,DCC-NOISE-001003-2013-05-27T00-00-00.txt,0
2013-12-03 13:42:00,63.24,64.47,61.16,63.96,65.55,61.66,DCC-NOISE-001003-2013-12-03T00-00-00.txt,1
2013-06-20 21:50:00,55.12,58.61,48.44,57.72,60.38,52.29,DCC-NOISE-001003-2013-06-20T00-00-00.txt,0
2013-07-02 06:35:00,53.57,57.52,46.52,56.95,61.42,50.22,DCC-NOISE-001003-2013-07-02T00-00-00.txt,0
2013-01-26 19:35:00,62.66,65.8,56.66,72.26,79.48,60.97,DCC-NOISE-001014-2013-01-26T00-00-00.txt,0
2013-05-09 16:30:00,63.36,65.53,59.63,69.19,72.51,62.36,DCC-NOISE-001003-2013-05-09T00-00-00.txt,1
2013-12-04 17:47:00,60.06,61.64,57.48,63.41,65.06,61.06,DCC-NOISE-001003-2013-12-04T00-00-00.txt,0
2013-03-14 11:00:00,68.82,72.27,63.25,74.38,78.37,69.06,DCC-NOISE-001003-2013-03-14T00-00-00.txt,1
2013-03-21 16:20:00,60.68,62.92,57.49,64.08,66.05,60.98,DCC-NOISE-001003-2013-03-21T00-00-00.txt,0
2013-12-15 14:17:00,61.74,63.65,58.76,66.29,69.9,61.33,DCC-NOISE-001003-2013-12-15T00-02-00.txt,0
2013-10-03 15:42:00,61.92,64.95,55.45,65.35,70.94,57.91,DCC-NOISE-001003-2013-10-03T00-00-00.txt,0
2013-12-12 14:45:00,61.19,62.65,58.45,63.43,65.29,59.93,DCC-NOISE-001003-2013-12-12T00-00-00.txt,0
2013-07-21 22:25:00,52.32,57.41,42.4,54.64,59.16,46.23,DCC-NOISE-001003-2013-07-21T00-00-00.txt,0
2013-04-13 03:50:00,50.46,58.03,41.15,52.46,59.09,44.67,DCC-NOISE-001003-2013-04-13T00-00-00.txt,0
2013-01-18 07:11:00,64.91,72.23,52.99,69.16,77.59,56.29,DCC-NOISE-001003-2013-01-18T00-00-00.txt,1
2013-05-05 19:30:00,68.08,71.69,52.55,67.19,70.36,55.07,DCC-NOISE-001003-2013-05-05T00-00-00.txt,1
2013-10-13 19:56:00,56.19,59.19,50.89,59.48,62.73,54.21,DCC-NOISE-001003-2013-10-13T00-00-00.txt,0
2013-10-10 11:26:00,66.05,69.54,58.52,67.17,70.0,61.45,DCC-NOISE-001003-2013-10-10T00-00-00.txt,1
2013-02-26 11:15:00,62.9,66.75,57.91,68.24,71.54,63.9,DCC-NOISE-001003-2013-02-26T00-00-00.txt,0
2013-09-02 09:50:00,58.75,61.62,54.14,63.47,66.95,58.89,DCC-NOISE-001003-2013-09-02T00-00-00.txt,0
2013-05-25 16:05:00,56.34,59.23,49.25,60.58,62.43,53.7,DCC-NOISE-001003-2013-05-25T00-00-00.txt,0
2013-01-28 09:50:00,62.52,65.28,57.36,67.16,70.0,61.96,DCC-NOISE-001014-2013-01-28T00-00-00.txt,0
2013-08-18 17:05:00,76.15,86.03,56.68,79.96,89.21,60.16,DCC-NOISE-001003-2013-08-18T00-00-00.txt,1
2013-03-24 13:15:00,64.89,66.6,62.21,65.12,67.11,62.19,DCC-NOISE-001003-2013-03-24T00-00-00.txt,1
2013-12-14 10:05:00,64.46,68.48,58.01,74.5,81.49,63.06,DCC-NOISE-001003-2013-12-14T00-00-00.txt,1
2013-10-24 20:06:00,56.83,59.66,52.55,60.31,63.1,56.5,DCC-NOISE-001003-2013-10-24T00-00-00.txt,0
2013-05-20 10:30:00,64.38,69.04,57.04,69.86,74.01,63.28,DCC-NOISE-001003-2013-05-20T00-00-00.txt,1
2013-12-14 09:20:00,63.34,66.4,58.83,71.8,77.35,61.85,DCC-NOISE-001003-2013-12-14T00-00-00.txt,1
2013-03-08 11:50:00,63.51,66.49,58.25,65.31,67.74,60.51,DCC-NOISE-001003-2013-03-08T00-00-00.txt,1
2013-03-24 15:05:00,61.91,63.86,59.41,62.89,65.17,59.67,DCC-NOISE-001003-2013-03-24T00-00-00.txt,0
2013-03-22 13:35:00,63.28,66.05,58.37,64.91,67.33,60.57,DCC-NOISE-001003-2013-03-22T00-00-00.txt,1
2013-08-15 08:15:00,68.51,71.21,57.33,71.67,73.82,64.83,DCC-NOISE-001003-2013-08-15T00-00-00.txt,1
2013-05-27 10:40:00,57.88,61.3,51.25,60.26,63.16,54.55,DCC-NOISE-001003-2013-05-27T00-00-00.txt,0
2013-02-21 13:15:00,59.04,62.0,53.97,65.3,69.8,59.11,DCC-NOISE-001003-2013-02-21T00-00-00.txt,0
2013-12-27 06:22:00,62.95,65.91,57.84,70.88,76.37,63.28,DCC-NOISE-001003-2013-12-27T00-02-00.txt,0
2013-11-26 14:41:00,65.37,66.91,62.66,72.18,73.72,69.09,DCC-NOISE-001003-2013-11-26T00-00-00.txt,1
2013-11-20 15:06:00,62.23,64.3,57.4,66.45,71.48,60.8,DCC-NOISE-001003-2013-11-20T00-00-00.txt,0
2013-02-21 12:40:00,59.66,62.39,53.39,64.47,68.53,58.65,DCC-NOISE-001003-2013-02-21T00-00-00.txt,0
2013-04-16 12:35:00,64.44,69.33,58.23,75.09,81.81,63.07,DCC-NOISE-001003-2013-04-16T00-00-00.txt,1
2013-11-19 09:51:00,60.54,62.71,56.99,63.99,66.17,60.98,DCC-NOISE-001003-2013-11-19T00-00-00.txt,0
2013-04-03 12:25:00,63.52,66.42,59.42,63.79,66.14,60.58,DCC-NOISE-001003-2013-04-03T00-00-00.txt,1
2013-03-13 23:56:00,54.04,58.58,48.6,56.48,60.63,51.82,DCC-NOISE-001003-2013-03-13T00-00-00.txt,0
2013-01-27 19:25:00,59.83,63.05,55.27,62.67,65.23,58.27,DCC-NOISE-001014-2013-01-27T00-00-00.txt,0
2013-02-23 17:00:00,58.8,61.61,52.97,61.51,64.12,55.96,DCC-NOISE-001003-2013-02-23T00-00-00.txt,0
2013-01-19 09:21:00,57.75,62.1,51.32,59.35,63.08,53.98,DCC-NOISE-001003-2013-01-19T00-00-00.txt,0
2013-02-20 22:25:00,55.1,60.17,46.89,58.92,62.51,51.32,DCC-NOISE-001003-2013-02-20T00-00-00.txt,0
2013-05-18 18:30:00,61.36,64.43,53.92,62.56,65.74,55.85,DCC-NOISE-001003-2013-05-18T00-00-00.txt,0
2013-12-02 13:57:00,60.27,62.54,56.36,62.58,65.22,57.9,DCC-NOISE-001003-2013-12-02T00-00-00.txt,0
2013-02-09 15:15:00,58.65,61.38,53.76,61.46,64.17,56.67,DCC-NOISE-001014-2013-02-09T00-00-00.txt,0
2013-02-01 08:50:00,60.63,63.17,57.32,64.99,67.27,61.35,DCC-NOISE-001014-2013-02-01T00-00-00.txt,0
2013-01-09 10:25:00,60.4,63.45,54.67,62.73,65.22,58.63,DCC-NOISE-001003-2013-01-09T00-00-00.txt,0
2013-01-18 03:46:00,64.58,72.76,47.74,70.78,77.94,54.23,DCC-NOISE-001003-2013-01-18T00-00-00.txt,1
2013-06-30 22:35:00,55.04,58.56,50.42,57.81,60.83,53.12,DCC-NOISE-001003-2013-06-30T00-00-00.txt,0
2013-05-21 08:00:00,61.25,64.14,55.64,64.25,66.54,59.25,DCC-NOISE-001003-2013-05-21T00-00-00.txt,0
2013-04-16 12:30:00,64.48,68.69,58.15,74.8,81.65,63.03,DCC-NOISE-001003-2013-04-16T00-00-00.txt,1
2013-11-16 14:47:00,60.39,62.75,53.68,64.67,68.71,57.61,DCC-NOISE-001003-2013-11-16T00-00-00.txt,0
2013-09-25 10:41:00,73.48,80.31,52.38,77.72,84.45,58.11,DCC-NOISE-001003-2013-09-25T00-00-00.txt,1
2013-03-20 10:50:00,67.89,70.7,57.38,71.62,74.49,62.06,DCC-NOISE-001003-2013-03-20T00-00-00.txt,1
2013-10-28 11:51:00,59.38,61.82,55.93,63.27,66.26,58.98,DCC-NOISE-001003-2013-10-28T00-00-00.txt,0
2013-08-29 10:20:00,64.63,67.37,54.98,69.43,71.86,61.19,DCC-NOISE-001003-2013-08-29T00-00-00.txt,1
2013-01-30 13:40:00,63.5,67.12,58.13,73.93,80.37,62.98,DCC-NOISE-001014-2013-01-30T00-00-00.txt,1
2013-08-15 08:40:00,66.83,70.38,57.31,71.0,73.48,65.66,DCC-NOISE-001003-2013-08-15T00-00-00.txt,1
2013-06-16 11:05:00,64.86,70.32,52.18,64.0,68.89,56.13,DCC-NOISE-001003-2013-06-16T00-00-00.txt,1
2013-12-30 13:35:00,63.27,64.68,61.3,64.44,66.34,62.11,DCC-NOISE-001003-2013-12-30T00-00-00.txt,1
2013-08-28 15:20:00,64.45,68.3,58.19,69.89,75.19,63.49,DCC-NOISE-001003-2013-08-28T00-00-00.txt,1
2013-12-27 04:37:00,62.53,66.2,56.11,71.16,76.74,61.81,DCC-NOISE-001003-2013-12-27T00-02-00.txt,0
2013-03-07 15:45:00,62.96,64.95,58.85,64.28,66.29,60.73,DCC-NOISE-001003-2013-03-07T00-00-00.txt,0
2013-03-21 14:15:00,64.98,66.86,61.59,68.85,70.95,65.56,DCC-NOISE-001003-2013-03-21T00-00-00.txt,1
2013-12-06 15:25:00,63.26,64.88,60.22,64.99,66.97,62.29,DCC-NOISE-001003-2013-12-06T14-40-00.txt,1
2013-01-28 11:40:00,66.34,70.42,60.72,79.78,86.16,67.96,DCC-NOISE-001014-2013-01-28T00-00-00.txt,1
2013-12-20 17:50:00,64.48,66.46,60.59,71.07,76.13,64.17,DCC-NOISE-001003-2013-12-20T00-00-00.txt,1
2013-05-05 14:50:00,70.78,72.28,68.67,69.6,70.97,67.65,DCC-NOISE-001003-2013-05-05T00-00-00.txt,1
2013-01-14 16:41:00,60.83,62.7,57.67,64.86,67.48,61.33,DCC-NOISE-001003-2013-01-14T00-00-00.txt,0
2013-12-01 13:07:00,63.24,64.96,60.16,63.67,65.29,60.79,DCC-NOISE-001003-2013-12-01T00-00-00.txt,1
2013-01-28 18:45:00,63.41,66.88,57.94,73.54,80.41,62.34,DCC-NOISE-001014-2013-01-28T00-00-00.txt,1
2013-04-13 13:45:00,59.32,62.27,53.62,62.19,64.81,57.43,DCC-NOISE-001003-2013-04-13T00-00-00.txt,0
2013-06-14 11:15:00,56.78,59.53,49.44,61.57,64.86,54.31,DCC-NOISE-001003-2013-06-14T00-00-00.txt,0
2013-11-09 01:11:00,53.81,57.27,48.76,55.91,58.92,51.71,DCC-NOISE-001003-2013-11-09T00-00-00.txt,0
2013-08-26 09:05:00,63.25,69.18,53.78,66.87,72.01,58.26,DCC-NOISE-001003-2013-08-26T00-00-00.txt,1
2013-11-11 12:31:00,58.95,61.35,55.8,62.37,64.57,59.01,DCC-NOISE-001003-2013-11-11T00-00-00.txt,0
2013-12-18 16:05:00,68.06,70.02,65.42,69.41,71.75,65.8,DCC-NOISE-001003-2013-12-18T00-00-00.txt,1
2013-01-30 12:20:00,63.21,65.58,59.04,69.07,73.53,63.14,DCC-NOISE-001014-2013-01-30T00-00-00.txt,1
2013-08-18 15:00:00,78.89,82.26,71.48,83.49,87.09,73.89,DCC-NOISE-001003-2013-08-18T00-00-00.txt,1
2013-05-27 17:45:00,63.23,71.15,51.18,67.85,75.71,55.08,DCC-NOISE-001003-2013-05-27T00-00-00.txt,1
2013-01-11 08:53:00,60.37,62.56,57.07,63.99,65.96,61.54,DCC-NOISE-001003-2013-01-11T00-00-00.txt,0
2013-12-31 14:07:00,66.33,67.67,64.49,67.07,68.94,64.71,DCC-NOISE-001003-2013-12-31T00-02-00.txt,1
2013-01-12 20:56:00,57.47,61.43,49.15,61.06,63.77,52.54,DCC-NOISE-001003-2013-01-12T00-00-00.txt,0
2013-04-14 20:45:00,59.16,61.43,55.39,65.76,70.13,58.71,DCC-NOISE-001003-2013-04-14T00-00-00.txt,0
2013-03-20 15:40:00,63.7,69.09,52.91,68.22,73.48,57.68,DCC-NOISE-001003-2013-03-20T00-00-00.txt,1
2013-12-27 14:52:00,65.27,67.8,60.64,72.04,76.92,63.3,DCC-NOISE-001003-2013-12-27T00-02-00.txt,1
2013-05-04 17:00:00,59.33,61.64,55.41,63.5,67.29,58.32,DCC-NOISE-001003-2013-05-04T00-00-00.txt,0
2013-03-20 14:00:00,64.63,70.84,55.66,67.16,74.03,59.22,DCC-NOISE-001003-2013-03-20T00-00-00.txt,1
2013-08-16 13:25:00,57.09,59.43,53.05,62.74,66.57,56.71,DCC-NOISE-001003-2013-08-16T00-00-00.txt,0
2013-12-19 09:58:00,60.61,63.07,56.82,63.38,65.59,60.08,DCC-NOISE-001003-2013-12-19T00-03-00.txt,0
2013-01-18 03:51:00,63.26,70.68,46.86,69.32,77.05,53.81,DCC-NOISE-001003-2013-01-18T00-00-00.txt,1
2013-05-05 19:45:00,70.32,71.64,67.85,69.09,70.49,66.6,DCC-NOISE-001003-2013-05-05T00-00-00.txt,1
2013-03-20 11:10:00,67.83,70.92,56.64,71.06,74.66,60.61,DCC-NOISE-001003-2013-03-20T00-00-00.txt,1
2013-02-13 19:05:00,61.35,64.53,57.13,65.27,68.5,60.77,DCC-NOISE-001014-2013-02-13T00-00-00.txt,0
2013-12-05 09:47:00,70.05,75.53,60.72,80.02,86.74,65.57,DCC-NOISE-001003-2013-12-05T00-00-00.txt,1
2013-01-17 23:41:00,62.44,70.59,49.76,68.12,76.3,56.13,DCC-NOISE-001003-2013-01-17T00-00-00.txt,0
2013-05-30 04:15:00,63.53,64.81,47.56,63.2,63.99,51.24,DCC-NOISE-001003-2013-05-30T00-00-00.txt,1
2013-02-14 08:00:00,61.43,63.81,57.91,65.01,67.41,61.29,DCC-NOISE-001014-2013-02-14T00-00-00.txt,0
2013-02-04 12:20:00,63.49,66.12,58.65,73.77,80.24,63.26,DCC-NOISE-001014-2013-02-04T00-00-00.txt,1
2013-03-25 08:25:00,58.93,62.04,54.29,62.02,64.76,57.68,DCC-NOISE-001003-2013-03-25T00-00-00.txt,0
2013-01-29 15:40:00,65.46,69.32,59.88,75.04,81.76,65.45,DCC-NOISE-001014-2013-01-29T00-00-00.txt,1
2013-04-09 11:45:00,66.84,69.18,60.23,71.94,75.5,66.91,DCC-NOISE-001003-2013-04-09T00-00-00.txt,1
2013-05-18 05:45:00,70.42,80.91,47.41,69.57,80.15,49.99,DCC-NOISE-001003-2013-05-18T00-00-00.txt,1
2013-04-20 06:10:00,56.48,60.36,51.56,57.99,61.48,54.23,DCC-NOISE-001003-2013-04-20T00-00-00.txt,0
2013-04-26 07:50:00,60.55,63.03,56.84,64.09,66.55,60.97,DCC-NOISE-001003-2013-04-26T00-00-00.txt,0
2013-09-25 10:36:00,71.59,78.97,54.68,75.9,83.19,61.14,DCC-NOISE-001003-2013-09-25T00-00-00.txt,1
2013-03-20 11:40:00,64.88,67.94,55.6,70.33,74.34,62.65,DCC-NOISE-001003-2013-03-20T00-00-00.txt,1
2013-04-14 18:30:00,64.31,68.66,56.99,75.11,82.66,62.11,DCC-NOISE-001003-2013-04-14T00-00-00.txt,1
2013-01-08 12:50:00,69.06,73.98,54.59,68.54,72.84,59.0,DCC-NOISE-001003-2013-01-08T00-00-00.txt,1
2013-04-18 17:10:00,64.06,69.17,58.45,74.16,81.43,63.77,DCC-NOISE-001003-2013-04-18T00-00-00.txt,1
2013-02-04 11:00:00,61.26,64.27,56.59,71.18,77.75,61.55,DCC-NOISE-001014-2013-02-04T00-00-00.txt,0
2013-01-30 13:35:00,64.57,67.49,58.89,76.4,82.96,63.85,DCC-NOISE-001014-2013-01-30T00-00-00.txt,1
2013-12-19 14:08:00,64.82,66.68,62.14,67.2,70.18,63.44,DCC-NOISE-001003-2013-12-19T00-03-00.txt,1
2013-04-18 17:25:00,61.4,63.38,58.93,69.15,73.94,63.0,DCC-NOISE-001003-2013-04-18T00-00-00.txt,0
2013-07-09 06:15:00,51.83,56.45,44.17,56.88,60.82,50.3,DCC-NOISE-001003-2013-07-09T00-00-00.txt,0
2013-09-08 15:10:00,56.04,59.16,51.22,59.8,62.73,54.9,DCC-NOISE-001003-2013-09-08T00-00-00.txt,0
2013-01-30 09:15:00,60.59,62.82,57.42,66.22,69.7,62.17,DCC-NOISE-001014-2013-01-30T00-00-00.txt,0
2013-01-28 15:55:00,61.45,63.71,57.44,68.24,71.47,62.24,DCC-NOISE-001014-2013-01-28T00-00-00.txt,0
2013-08-30 02:25:00,48.18,54.6,40.55,50.54,56.36,44.45,DCC-NOISE-001003-2013-08-30T00-00-00.txt,0
2013-01-08 12:30:00,66.95,73.89,54.45,67.03,72.69,57.35,DCC-NOISE-001003-2013-01-08T00-00-00.txt,1
2013-01-18 07:26:00,64.8,69.27,55.52,69.58,75.51,60.32,DCC-NOISE-001003-2013-01-18T00-00-00.txt,1
2013-06-19 07:25:00,64.21,67.12,59.82,63.79,66.31,60.12,DCC-NOISE-001003-2013-06-19T00-00-00.txt,1
2013-02-20 10:50:00,56.72,60.02,52.19,62.54,66.04,57.61,DCC-NOISE-001003-2013-02-20T00-00-00.txt,0
2013-03-06 13:00:00,63.42,65.73,59.29,64.78,67.74,60.29,DCC-NOISE-001003-2013-03-06T00-00-00.txt,1
2013-05-23 07:20:00,60.37,63.28,54.49,65.14,70.31,58.77,DCC-NOISE-001003-2013-05-23T00-00-00.txt,0
2013-12-29 18:52:00,61.27,63.56,56.98,68.17,72.98,60.97,DCC-NOISE-001003-2013-12-29T00-02-00.txt,0
2013-03-21 16:55:00,61.01,64.31,56.96,64.68,66.87,60.65,DCC-NOISE-001003-2013-03-21T00-00-00.txt,0
2013-08-06 06:20:00,53.79,56.85,48.4,57.35,60.93,52.44,DCC-NOISE-001003-2013-08-06T00-00-00.txt,0
2013-02-04 14:00:00,60.98,63.13,56.76,67.5,71.95,60.74,DCC-NOISE-001014-2013-02-04T00-00-00.txt,0
2013-01-05 09:30:00,61.0,67.24,52.78,64.49,70.73,55.53,DCC-NOISE-001003-2013-01-05T00-00-00.txt,0
2013-08-19 12:25:00,55.05,57.75,51.14,60.17,63.21,55.82,DCC-NOISE-001003-2013-08-19T00-00-00.txt,0
2013-01-30 13:15:00,63.5,64.9,59.57,71.42,75.44,63.81,DCC-NOISE-001014-2013-01-30T00-00-00.txt,1
2013-08-18 17:20:00,90.12,95.07,77.42,93.41,97.49,84.25,DCC-NOISE-001003-2013-08-18T00-00-00.txt,1
2013-04-24 03:55:00,50.27,55.49,43.56,57.3,62.64,48.4,DCC-NOISE-001003-2013-04-24T00-00-00.txt,0
2013-01-31 00:35:00,63.9,68.93,53.15,76.5,83.68,59.98,DCC-NOISE-001014-2013-01-31T00-00-00.txt,1
2013-11-10 17:06:00,56.93,61.11,50.19,60.46,65.05,52.9,DCC-NOISE-001003-2013-11-10T00-00-00.txt,0
2013-12-27 03:17:00,67.36,71.83,60.1,76.11,82.61,65.43,DCC-NOISE-001003-2013-12-27T00-02-00.txt,1
2013-03-26 15:20:00,62.74,65.58,57.01,63.94,66.85,59.01,DCC-NOISE-001003-2013-03-26T00-00-00.txt,0
2013-04-03 15:40:00,67.13,71.33,62.16,66.72,70.17,61.83,DCC-NOISE-001003-2013-04-03T00-00-00.txt,1
2013-09-05 19:35:00,56.18,59.21,50.16,60.94,65.07,53.92,DCC-NOISE-001003-2013-09-05T00-00-00.txt,0
2013-08-19 17:20:00,55.88,58.7,52.3,59.99,62.73,56.07,DCC-NOISE-001003-2013-08-19T00-00-00.txt,0
2013-01-29 15:00:00,61.83,64.96,57.98,72.63,79.77,63.1,DCC-NOISE-001014-2013-01-29T00-00-00.txt,0
2013-05-05 15:20:00,70.87,72.74,68.31,69.64,71.34,67.14,DCC-NOISE-001003-2013-05-05T00-00-00.txt,1
2013-06-09 20:15:00,53.82,57.9,46.66,57.43,60.96,51.02,DCC-NOISE-001003-2013-06-09T00-00-00.txt,0
2013-01-08 12:45:00,73.08,74.68,70.6,71.97,73.54,69.62,DCC-NOISE-001003-2013-01-08T00-00-00.txt,1
2013-09-18 20:40:00,57.12,59.98,52.93,60.22,62.43,56.24,DCC-NOISE-001003-2013-09-18T00-00-00.txt,0
2013-04-18 11:50:00,63.5,69.33,55.84,72.94,80.58,60.62,DCC-NOISE-001003-2013-04-18T00-00-00.txt,1
2013-06-17 22:20:00,66.04,73.5,45.93,64.91,71.77,50.6,DCC-NOISE-001003-2013-06-17T00-00-00.txt,1
2013-02-17 18:00:00,55.54,60.06,48.43,59.25,63.57,53.29,DCC-NOISE-001014-2013-02-17T00-00-00.txt,0
2013-10-16 10:57:00,64.71,66.24,60.47,65.39,66.75,60.89,DCC-NOISE-001003-2013-10-16T00-00-00.txt,1
2013-03-20 15:15:00,66.65,72.02,57.6,69.86,74.63,62.96,DCC-NOISE-001003-2013-03-20T00-00-00.txt,1
2013-01-30 13:10:00,63.97,66.84,60.47,73.9,80.51,64.36,DCC-NOISE-001014-2013-01-30T00-00-00.txt,1
2013-05-27 08:10:00,60.47,63.43,55.85,62.69,65.34,58.27,DCC-NOISE-001003-2013-05-27T00-00-00.txt,0
2013-09-24 06:55:00,54.49,60.14,45.59,57.6,62.7,49.94,DCC-NOISE-001003-2013-09-24T00-00-00.txt,0
2013-09-26 12:56:00,57.05,60.09,52.63,60.28,63.16,55.64,DCC-NOISE-001003-2013-09-26T00-00-00.txt,0
2013-12-06 02:01:00,51.88,57.14,46.75,54.74,59.38,50.45,DCC-NOISE-001003-2013-12-06T00-00-00.txt,0
2013-04-22 14:50:00,64.0,68.09,56.0,72.43,79.49,61.13,DCC-NOISE-001003-2013-04-22T00-00-00.txt,1
2013-01-30 12:45:00,63.27,65.92,59.07,70.61,75.9,63.46,DCC-NOISE-001014-2013-01-30T00-00-00.txt,1
2013-06-18 20:25:00,55.9,59.15,50.06,59.42,62.8,53.35,DCC-NOISE-001003-2013-06-18T00-00-00.txt,0
2013-08-18 11:45:00,77.15,87.11,53.48,81.68,91.98,58.32,DCC-NOISE-001003-2013-08-18T00-00-00.txt,1
2013-04-11 16:35:00,63.18,65.96,58.42,64.16,66.64,59.82,DCC-NOISE-001003-2013-04-11T00-00-00.txt,1
2013-03-22 12:20:00,63.34,65.71,59.4,65.17,67.13,62.08,DCC-NOISE-001003-2013-03-22T00-00-00.txt,1
2013-01-28 06:25:00,55.01,60.03,50.13,60.04,65.24,53.6,DCC-NOISE-001014-2013-01-28T00-00-00.txt,0
2013-12-27 03:27:00,64.76,69.32,56.97,74.41,81.0,62.42,DCC-NOISE-001003-2013-12-27T00-02-00.txt,1
2013-10-10 11:31:00,70.09,76.02,55.99,70.3,75.68,59.34,DCC-NOISE-001003-2013-10-10T00-00-00.txt,1
2013-10-23 04:01:00,47.67,52.9,41.86,50.76,55.27,45.84,DCC-NOISE-001003-2013-10-23T00-00-00.txt,0
2013-12-16 10:00:00,60.56,63.09,56.47,63.61,66.43,59.74,DCC-NOISE-001003-2013-12-16T00-00-00.txt,0
2013-03-22 13:15:00,65.21,67.95,61.49,66.98,69.32,63.06,DCC-NOISE-001003-2013-03-22T00-00-00.txt,1
2013-03-26 14:35:00,63.17,65.98,57.87,64.14,66.5,59.83,DCC-NOISE-001003-2013-03-26T00-00-00.txt,1
2013-03-10 08:00:00,60.35,64.29,53.64,65.23,70.97,56.03,DCC-NOISE-001003-2013-03-10T00-00-00.txt,0
2013-12-26 22:10:00,63.73,66.27,59.71,67.84,71.55,61.59,DCC-NOISE-001003-2013-12-26T00-00-00.txt,1
2013-08-26 10:45:00,54.97,58.82,48.98,58.84,61.26,54.41,DCC-NOISE-001003-2013-08-26T00-00-00.txt,0
2013-12-13 10:12:00,59.95,62.41,55.78,63.47,66.31,59.61,DCC-NOISE-001003-2013-12-13T00-02-00.txt,0
2013-04-11 18:45:00,61.01,63.69,54.46,62.99,65.68,56.8,DCC-NOISE-001003-2013-04-11T00-00-00.txt,0
2013-02-08 13:40:00,61.92,66.76,56.13,67.18,74.73,59.36,DCC-NOISE-001014-2013-02-08T00-00-00.txt,0
2013-12-18 21:05:00,60.58,63.5,56.42,67.15,71.88,59.83,DCC-NOISE-001003-2013-12-18T00-00-00.txt,0
2013-10-01 16:37:00,57.93,60.14,53.89,61.32,64.34,56.61,DCC-NOISE-001003-2013-10-01T00-00-00.txt,0
2013-01-02 11:40:00,63.26,67.94,57.32,71.47,77.65,62.08,DCC-NOISE-001003-2013-01-02T00-00-00.txt,1
2013-08-30 16:30:00,61.26,62.61,55.07,64.72,67.41,59.04,DCC-NOISE-001003-2013-08-30T00-00-00.txt,0
2013-05-09 08:15:00,60.67,63.39,56.66,67.82,73.17,60.72,DCC-NOISE-001003-2013-05-09T00-00-00.txt,0
2013-09-20 01:45:00,49.45,53.23,45.51,53.0,56.02,49.75,DCC-NOISE-001003-2013-09-20T00-00-00.txt,0
2013-06-11 14:45:00,62.03,67.08,54.47,68.53,76.17,59.3,DCC-NOISE-001003-2013-06-11T00-00-00.txt,0
2013-01-18 02:51:00,69.08,77.19,47.51,74.24,82.09,52.05,DCC-NOISE-001003-2013-01-18T00-00-00.txt,1
2013-03-19 15:50:00,64.72,70.36,56.2,68.77,74.88,59.83,DCC-NOISE-001003-2013-03-19T00-00-00.txt,1
2013-04-25 08:25:00,61.69,64.9,57.52,65.53,69.55,61.27,DCC-NOISE-001003-2013-04-25T00-15-00.txt,0
2013-01-14 10:46:00,65.91,75.95,55.31,67.06,75.51,59.17,DCC-NOISE-001003-2013-01-14T00-00-00.txt,1
2013-12-20 17:00:00,64.21,64.6,59.12,71.32,72.98,63.87,DCC-NOISE-001003-2013-12-20T00-00-00.txt,1
2013-12-28 09:25:00,58.24,62.88,52.38,60.24,64.45,54.66,DCC-NOISE-001003-2013-12-28T00-00-00.txt,0
2013-10-04 11:27:00,64.13,66.48,60.94,71.79,73.92,68.09,DCC-NOISE-001003-2013-10-04T00-00-00.txt,1
2013-07-13 15:10:00,54.73,57.76,48.67,58.9,62.25,53.17,DCC-NOISE-001003-2013-07-13T00-00-00.txt,0
2013-05-05 07:10:00,50.95,57.02,44.3,55.08,61.58,47.2,DCC-NOISE-001003-2013-05-05T00-00-00.txt,0
2013-04-28 14:10:00,63.33,71.66,54.79,65.49,70.88,59.01,DCC-NOISE-001003-2013-04-28T00-00-00.txt,1
2013-01-17 20:56:00,65.47,73.05,53.15,71.22,78.5,57.67,DCC-NOISE-001003-2013-01-17T00-00-00.txt,1
2013-08-09 15:05:00,56.47,58.76,52.8,60.15,62.43,56.56,DCC-NOISE-001003-2013-08-09T00-00-00.txt,0
2013-08-18 14:30:00,68.24,72.1,62.25,69.97,73.23,64.45,DCC-NOISE-001003-2013-08-18T00-00-00.txt,1
2013-04-02 13:25:00,62.56,66.09,56.91,63.38,66.3,58.72,DCC-NOISE-001003-2013-04-02T00-00-00.txt,0
2013-05-05 15:25:00,71.01,72.88,68.37,69.82,71.58,67.36,DCC-NOISE-001003-2013-05-05T00-00-00.txt,1
2013-05-06 14:00:00,67.42,71.47,53.31,66.94,70.54,56.87,DCC-NOISE-001003-2013-05-06T00-00-00.txt,1
2013-12-22 15:35:00,64.02,65.67,61.24,65.55,67.44,62.6,DCC-NOISE-001003-2013-12-22T00-00-00.txt,1
2013-02-07 07:45:00,61.33,64.19,57.24,65.29,68.73,61.14,DCC-NOISE-001014-2013-02-07T00-00-00.txt,0
2013-04-18 19:20:00,63.73,66.1,59.0,66.72,68.02,62.0,DCC-NOISE-001003-2013-04-18T00-00-00.txt,1
2013-02-12 14:20:00,59.57,62.14,53.52,61.93,63.94,57.28,DCC-NOISE-001014-2013-02-12T00-00-00.txt,0
2013-04-17 18:10:00,64.02,67.34,59.05,73.64,78.93,63.47,DCC-NOISE-001003-2013-04-17T00-00-00.txt,1
2013-12-19 14:48:00,63.97,65.15,62.08,65.36,66.99,63.16,DCC-NOISE-001003-2013-12-19T00-03-00.txt,1
2013-12-07 12:12:00,61.82,64.24,57.63,63.15,65.22,60.02,DCC-NOISE-001003-2013-12-07T00-02-00.txt,0
2013-09-06 12:35:00,55.99,59.99,49.33,61.06,65.03,54.37,DCC-NOISE-001003-2013-09-06T00-00-00.txt,0
2013-04-05 22:40:00,55.32,59.82,46.94,57.35,61.13,49.28,DCC-NOISE-001003-2013-04-05T00-00-00.txt,0
2013-01-18 03:31:00,63.81,71.47,50.28,70.1,77.17,56.57,DCC-NOISE-001003-2013-01-18T00-00-00.txt,1
2013-12-14 10:00:00,63.23,65.5,59.01,70.84,76.83,63.28,DCC-NOISE-001003-2013-12-14T00-00-00.txt,1
2013-10-10 09:11:00,57.93,60.36,54.69,62.15,64.3,59.49,DCC-NOISE-001003-2013-10-10T00-00-00.txt,0
2013-08-31 14:50:00,56.53,59.62,51.32,61.98,66.34,55.74,DCC-NOISE-001003-2013-08-31T00-00-00.txt,0
2013-11-09 10:26:00,60.2,62.8,56.35,63.11,65.36,59.21,DCC-NOISE-001003-2013-11-09T00-00-00.txt,0
2013-09-23 13:15:00,54.54,57.97,49.38,59.77,62.44,55.69,DCC-NOISE-001003-2013-09-23T00-00-00.txt,0
2013-12-15 16:37:00,61.22,64.49,56.17,63.35,66.63,58.98,DCC-NOISE-001003-2013-12-15T00-02-00.txt,0
2013-12-20 17:25:00,63.6,66.56,58.81,72.3,78.66,63.45,DCC-NOISE-001003-2013-12-20T00-00-00.txt,1
2013-03-14 12:00:00,64.8,67.87,60.39,70.41,73.65,65.83,DCC-NOISE-001003-2013-03-14T00-00-00.txt,1
2013-07-23 22:45:00,50.95,55.72,40.99,54.06,58.13,45.58,DCC-NOISE-001003-2013-07-23T00-00-00.txt,0
2013-12-15 15:17:00,63.67,66.37,58.42,64.68,67.01,60.3,DCC-NOISE-001003-2013-12-15T00-02-00.txt,1
2013-03-22 11:35:00,63.15,65.73,59.15,65.42,68.29,61.93,DCC-NOISE-001003-2013-03-22T00-00-00.txt,1
2013-05-30 01:05:00,51.15,56.3,43.71,55.39,60.96,48.15,DCC-NOISE-001003-2013-05-30T00-00-00.txt,0
2013-03-22 10:40:00,63.4,66.09,58.13,70.51,75.91,62.48,DCC-NOISE-001003-2013-03-22T00-00-00.txt,1
2013-03-21 08:30:00,64.41,70.4,57.86,67.84,72.25,61.95,DCC-NOISE-001003-2013-03-21T00-00-00.txt,1
2013-12-27 06:57:00,71.66,76.92,61.18,81.07,88.42,66.45,DCC-NOISE-001003-2013-12-27T00-02-00.txt,1
2013-04-18 00:30:00,65.41,70.16,56.56,74.35,80.15,62.09,DCC-NOISE-001003-2013-04-18T00-00-00.txt,1
2013-12-21 16:58:00,61.31,63.4,57.06,63.9,66.16,60.05,DCC-NOISE-001003-2013-12-21T00-03-00.txt,0
2013-12-20 18:25:00,64.47,66.51,59.3,73.04,79.37,63.48,DCC-NOISE-001003-2013-12-20T00-00-00.txt,1
2013-03-16 18:15:00,57.6,60.26,52.36,60.54,63.11,55.4,DCC-NOISE-001003-2013-03-16T00-00-00.txt,0
2013-11-02 15:17:00,63.94,66.03,60.35,65.85,67.87,61.91,DCC-NOISE-001003-2013-11-02T00-00-00.txt,1
2013-01-27 13:30:00,67.7,71.01,63.22,77.57,84.38,66.68,DCC-NOISE-001014-2013-01-27T00-00-00.txt,1
2013-02-07 15:10:00,63.35,65.77,58.5,66.14,68.87,61.75,DCC-NOISE-001014-2013-02-07T00-00-00.txt,1
2013-03-19 10:40:00,66.88,70.46,62.21,69.28,71.98,64.78,DCC-NOISE-001003-2013-03-19T00-00-00.txt,1
2013-05-15 05:10:00,65.74,70.02,47.95,64.67,68.51,52.03,DCC-NOISE-001003-2013-05-15T00-00-00.txt,1
2013-04-23 17:00:00,72.26,73.98,69.51,71.27,72.87,68.57,DCC-NOISE-001003-2013-04-23T00-00-00.txt,1
2013-02-19 07:55:00,61.25,63.56,57.5,64.46,67.11,60.56,DCC-NOISE-001003-2013-02-19T00-00-00.txt,0
2013-02-04 08:15:00,60.87,63.83,57.02,67.44,71.75,61.87,DCC-NOISE-001014-2013-02-04T00-00-00.txt,0
2013-12-27 09:17:00,65.63,70.08,58.82,74.03,81.14,63.02,DCC-NOISE-001003-2013-12-27T00-02-00.txt,1
2013-05-15 08:35:00,57.74,60.52,54.26,63.46,67.08,58.7,DCC-NOISE-001003-2013-05-15T00-00-00.txt,0
2013-07-04 06:15:00,52.62,56.1,47.96,56.0,59.22,52.12,DCC-NOISE-001003-2013-07-04T00-00-00.txt,0
2013-08-30 10:00:00,65.26,71.56,52.12,66.0,70.87,57.3,DCC-NOISE-001003-2013-08-30T00-00-00.txt,1
2013-01-14 08:06:00,60.88,63.28,58.12,63.42,65.5,61.22,DCC-NOISE-001003-2013-01-14T00-00-00.txt,0
2013-02-04 15:40:00,61.26,63.8,57.99,69.8,74.81,62.46,DCC-NOISE-001014-2013-02-04T00-00-00.txt,0
2013-04-24 17:00:00,60.84,63.28,55.16,62.53,65.7,57.23,DCC-NOISE-001003-2013-04-24T00-00-00.txt,0
2013-12-26 20:30:00,65.33,68.8,58.5,73.09,78.92,62.28,DCC-NOISE-001003-2013-12-26T00-00-00.txt,1
2013-05-09 15:40:00,60.35,62.49,56.31,64.71,67.41,59.9,DCC-NOISE-001003-2013-05-09T00-00-00.txt,0
2013-12-10 13:40:00,60.47,61.14,53.77,63.06,65.06,57.55,DCC-NOISE-001003-2013-12-10T00-00-00.txt,0
2013-03-13 19:05:00,60.27,62.86,57.03,63.44,65.89,60.31,DCC-NOISE-001003-2013-03-13T00-00-00.txt,0
2013-12-14 09:30:00,63.33,66.52,58.09,71.37,77.24,62.6,DCC-NOISE-001003-2013-12-14T00-00-00.txt,1
2013-08-31 10:25:00,55.72,58.79,50.97,58.7,62.21,54.06,DCC-NOISE-001003-2013-08-31T00-00-00.txt,0
2013-01-25 18:25:00,63.6,66.02,59.5,66.14,68.42,61.8,DCC-NOISE-001014-2013-01-25T00-00-00.txt,1
2013-10-04 10:52:00,64.61,69.8,58.17,71.99,77.6,65.49,DCC-NOISE-001003-2013-10-04T00-00-00.txt,1
2013-03-20 10:45:00,64.6,68.19,56.98,67.86,71.67,60.84,DCC-NOISE-001003-2013-03-20T00-00-00.txt,1
2013-12-05 08:02:00,66.2,71.27,59.44,76.49,83.32,64.34,DCC-NOISE-001003-2013-12-05T00-00-00.txt,1
2013-01-28 10:35:00,63.43,65.98,58.67,71.66,76.67,64.48,DCC-NOISE-001014-2013-01-28T00-00-00.txt,1
2013-12-24 11:10:00,63.3,65.17,59.47,67.98,72.29,63.11,DCC-NOISE-001003-2013-12-24T00-00-00.txt,1
2013-10-11 08:56:00,57.61,60.83,53.35,61.97,64.63,57.97,DCC-NOISE-001003-2013-10-11T00-00-00.txt,0
2013-11-02 14:42:00,61.53,63.76,57.99,64.19,66.12,60.9,DCC-NOISE-001003-2013-11-02T00-00-00.txt,0
2013-07-11 03:55:00,46.29,55.35,35.53,48.81,57.11,40.99,DCC-NOISE-001003-2013-07-11T00-00-00.txt,0
2013-12-31 12:47:00,63.75,65.68,60.29,66.65,68.85,62.88,DCC-NOISE-001003-2013-12-31T00-02-00.txt,1
2013-03-20 11:00:00,69.23,76.1,57.32,71.14,76.75,60.42,DCC-NOISE-001003-2013-03-20T00-00-00.txt,1
2013-04-05 15:05:00,58.93,61.4,54.46,62.86,65.35,57.48,DCC-NOISE-001003-2013-04-05T00-00-00.txt,0
2013-02-05 10:55:00,60.94,63.35,57.39,67.37,71.05,61.32,DCC-NOISE-001014-2013-02-05T00-00-00.txt,0
2013-06-06 09:25:00,72.68,79.57,59.05,78.57,85.39,63.75,DCC-NOISE-001003-2013-06-06T00-00-00.txt,1
2013-12-21 15:13:00,64.52,66.69,60.75,68.13,72.78,62.69,DCC-NOISE-001003-2013-12-21T00-03-00.txt,1
2013-05-18 02:20:00,75.11,85.19,44.0,77.44,87.66,47.28,DCC-NOISE-001003-2013-05-18T00-00-00.txt,1
2013-12-26 07:55:00,55.91,60.46,48.86,57.56,61.61,51.9,DCC-NOISE-001003-2013-12-26T00-00-00.txt,0
2013-02-10 20:35:00,60.49,63.53,56.03,63.09,65.41,59.92,DCC-NOISE-001014-2013-02-10T00-00-00.txt,0
2013-03-21 13:45:00,70.04,71.66,66.97,74.39,76.51,71.65,DCC-NOISE-001003-2013-03-21T00-00-00.txt,1
2013-08-18 13:10:00,69.08,74.79,58.37,71.64,75.72,63.6,DCC-NOISE-001003-2013-08-18T00-00-00.txt,1
2013-03-19 10:50:00,69.46,70.6,67.47,70.09,71.27,67.93,DCC-NOISE-001003-2013-03-19T00-00-00.txt,1
2013-12-16 13:55:00,63.1,64.72,60.2,65.1,66.71,62.48,DCC-NOISE-001003-2013-12-16T00-00-00.txt,1
2013-05-09 17:50:00,62.42,64.87,58.48,68.31,74.74,61.34,DCC-NOISE-001003-2013-05-09T00-00-00.txt,0
2013-07-25 18:40:00,68.2,70.7,60.35,68.16,70.21,63.88,DCC-NOISE-001003-2013-07-25T00-00-00.txt,1
2013-03-02 16:45:00,57.97,60.88,52.83,60.77,63.74,55.77,DCC-NOISE-001003-2013-03-02T00-00-00.txt,0
2013-07-04 04:05:00,46.88,49.82,42.12,49.47,53.08,45.74,DCC-NOISE-001003-2013-07-04T00-00-00.txt,0
2013-12-14 10:10:00,64.06,66.77,59.64,72.44,78.89,63.61,DCC-NOISE-001003-2013-12-14T00-00-00.txt,1
2013-05-11 13:55:00,61.06,63.74,56.66,63.21,65.26,59.59,DCC-NOISE-001003-2013-05-11T00-00-00.txt,0
2013-02-09 13:25:00,58.84,61.48,53.68,62.05,64.71,56.53,DCC-NOISE-001014-2013-02-09T00-00-00.txt,0
2013-01-23 13:50:00,60.61,62.73,55.08,63.82,66.15,58.35,DCC-NOISE-001014-2013-01-23T12-25-00.txt,0
2013-12-20 13:25:00,64.94,66.25,61.91,69.49,72.56,63.53,DCC-NOISE-001003-2013-12-20T00-00-00.txt,1
2013-04-08 11:25:00,58.65,61.16,53.55,62.97,66.17,57.7,DCC-NOISE-001003-2013-04-08T00-00-00.txt,0
2013-08-30 06:30:00,52.45,56.76,47.4,55.64,58.64,51.38,DCC-NOISE-001003-2013-08-30T00-00-00.txt,0
2013-12-20 21:20:00,66.53,69.89,62.04,73.84,81.11,64.01,DCC-NOISE-001003-2013-12-20T00-00-00.txt,1
2013-11-26 14:51:00,63.32,64.95,61.49,69.77,71.74,67.36,DCC-NOISE-001003-2013-11-26T00-00-00.txt,1
2013-01-18 14:01:00,63.27,67.61,56.84,68.36,74.53,60.22,DCC-NOISE-001003-2013-01-18T00-00-00.txt,1
2013-03-19 14:30:00,62.98,65.12,57.71,64.59,66.75,59.91,DCC-NOISE-001003-2013-03-19T00-00-00.txt,0
2013-04-16 11:20:00,68.74,71.34,63.31,78.2,81.78,70.85,DCC-NOISE-001003-2013-04-16T00-00-00.txt,1
2013-04-25 13:30:00,59.83,63.87,54.84,63.33,66.1,58.84,DCC-NOISE-001003-2013-04-25T00-15-00.txt,0
2013-03-17 14:55:00,63.68,65.7,60.6,64.21,66.1,60.94,DCC-NOISE-001003-2013-03-17T00-00-00.txt,1
2013-08-15 08:25:00,63.4,67.98,56.9,68.37,71.26,64.85,DCC-NOISE-001003-2013-08-15T00-00-00.txt,1
2013-01-29 22:35:00,56.03,60.32,51.55,59.81,63.35,55.07,DCC-NOISE-001014-2013-01-29T00-00-00.txt,0
2013-02-04 12:30:00,62.79,65.96,58.72,72.95,77.92,63.66,DCC-NOISE-001014-2013-02-04T00-00-00.txt,0
2013-04-16 14:30:00,61.51,66.88,56.04,72.53,79.05,61.71,DCC-NOISE-001003-2013-04-16T00-00-00.txt,0
2013-12-23 23:42:00,66.69,72.4,58.3,76.51,83.62,62.51,DCC-NOISE-001003-2013-12-23T00-02-00.txt,1
2013-07-05 08:55:00,64.57,68.14,56.13,70.18,73.94,61.28,DCC-NOISE-001003-2013-07-05T00-00-00.txt,1
2013-01-14 15:31:00,60.68,63.34,57.25,64.07,66.51,60.95,DCC-NOISE-001003-2013-01-14T00-00-00.txt,0
2013-12-05 13:07:00,61.91,63.82,58.53,65.35,67.77,61.47,DCC-NOISE-001003-2013-12-05T00-00-00.txt,0
2013-03-04 20:00:00,64.1,64.96,62.96,63.65,65.08,62.0,DCC-NOISE-001003-2013-03-04T00-00-00.txt,1
2013-03-25 12:30:00,64.84,68.31,59.1,67.73,72.54,61.7,DCC-NOISE-001003-2013-03-25T00-00-00.txt,1
2013-11-05 07:57:00,60.46,62.22,55.72,63.6,65.57,60.16,DCC-NOISE-001003-2013-11-05T00-00-00.txt,0
2013-02-01 19:50:00,58.62,61.12,54.82,62.47,65.01,58.57,DCC-NOISE-001014-2013-02-01T00-00-00.txt,0
2013-07-28 16:25:00,67.26,68.88,64.4,66.94,68.45,64.17,DCC-NOISE-001003-2013-07-28T00-00-00.txt,1
2013-06-18 22:20:00,63.29,67.93,57.97,63.65,68.28,58.76,DCC-NOISE-001003-2013-06-18T00-00-00.txt,1
2013-06-11 14:35:00,64.84,69.84,59.37,71.5,76.22,65.11,DCC-NOISE-001003-2013-06-11T00-00-00.txt,1
2013-08-18 17:10:00,88.15,92.78,77.15,91.6,95.83,84.45,DCC-NOISE-001003-2013-08-18T00-00-00.txt,1
2013-04-18 00:50:00,65.61,69.57,59.75,73.78,79.21,65.2,DCC-NOISE-001003-2013-04-18T00-00-00.txt,1
2013-03-22 13:25:00,64.33,66.99,59.79,66.37,68.92,61.79,DCC-NOISE-001003-2013-03-22T00-00-00.txt,1
2013-02-08 17:00:00,60.39,63.06,55.2,63.11,65.32,59.05,DCC-NOISE-001014-2013-02-08T00-00-00.txt,0
2013-10-31 17:41:00,63.67,68.66,57.0,67.51,72.79,60.39,DCC-NOISE-001003-2013-10-31T00-00-00.txt,1
2013-09-30 21:21:00,53.54,57.16,47.04,56.87,60.3,51.37,DCC-NOISE-001003-2013-09-30T00-00-00.txt,0
2013-05-21 05:55:00,55.21,59.18,46.95,57.57,62.13,50.01,DCC-NOISE-001003-2013-05-21T00-00-00.txt,0
2013-02-01 00:05:00,55.02,59.94,49.1,58.68,62.52,53.3,DCC-NOISE-001014-2013-02-01T00-00-00.txt,0
2013-03-21 10:15:00,58.82,61.63,54.24,63.07,66.32,58.54,DCC-NOISE-001003-2013-03-21T00-00-00.txt,0
2013-03-06 12:30:00,63.63,65.67,59.98,65.02,67.63,60.84,DCC-NOISE-001003-2013-03-06T00-00-00.txt,1
2013-03-08 16:05:00,61.0,61.48,54.54,63.59,65.01,58.81,DCC-NOISE-001003-2013-03-08T00-00-00.txt,0
2013-05-06 07:30:00,53.23,58.01,45.78,55.77,59.67,50.16,DCC-NOISE-001003-2013-05-06T00-00-00.txt,0
2013-08-27 00:40:00,49.63,54.95,42.18,52.37,57.37,46.13,DCC-NOISE-001003-2013-08-27T00-00-00.txt,0
2013-03-19 12:00:00,67.37,68.47,65.73,70.94,72.14,68.97,DCC-NOISE-001003-2013-03-19T00-00-00.txt,1
2013-04-09 07:20:00,58.21,61.11,53.19,61.56,64.61,55.3,DCC-NOISE-001003-2013-04-09T00-00-00.txt,0
2013-05-20 10:45:00,63.16,65.59,59.19,67.04,69.8,63.7,DCC-NOISE-001003-2013-05-20T00-00-00.txt,1
2013-01-18 02:21:00,63.75,73.43,43.89,69.34,79.02,49.4,DCC-NOISE-001003-2013-01-18T00-00-00.txt,1
2013-03-21 14:20:00,63.8,65.66,59.7,67.92,70.17,64.51,DCC-NOISE-001003-2013-03-21T00-00-00.txt,1
2013-05-22 22:20:00,54.26,58.41,48.61,57.98,61.2,52.23,DCC-NOISE-001003-2013-05-22T00-00-00.txt,0
2013-03-23 17:25:00,63.88,65.8,60.76,64.15,66.08,60.85,DCC-NOISE-001003-2013-03-23T00-00-00.txt,1
2013-10-24 00:20:00,52.98,57.05,48.05,55.24,58.75,51.61,DCC-NOISE-001003-2013-10-24T00-00-00.txt,0
2013-05-09 17:30:00,63.75,65.51,60.77,67.55,70.16,63.33,DCC-NOISE-001003-2013-05-09T00-00-00.txt,1
2013-03-23 17:30:00,63.37,65.4,60.3,63.73,65.95,60.69,DCC-NOISE-001003-2013-03-23T00-00-00.txt,1
2013-12-27 02:32:00,63.97,68.85,56.0,73.96,80.53,61.14,DCC-NOISE-001003-2013-12-27T00-02-00.txt,1
2013-04-15 03:35:00,55.17,59.72,47.79,64.06,70.08,53.1,DCC-NOISE-001003-2013-04-15T00-00-00.txt,0
2013-08-05 14:40:00,54.78,57.75,50.02,58.08,60.58,54.14,DCC-NOISE-001003-2013-08-05T00-00-00.txt,0
2013-01-04 04:10:00,46.32,51.85,39.58,50.86,57.87,44.26,DCC-NOISE-001003-2013-01-04T00-00-00.txt,0
2013-07-03 22:05:00,54.91,58.01,50.22,59.8,64.38,54.74,DCC-NOISE-001003-2013-07-03T00-00-00.txt,0
2013-05-18 06:55:00,64.71,69.17,52.43,64.85,68.18,54.74,DCC-NOISE-001003-2013-05-18T00-00-00.txt,1
2013-12-19 11:13:00,60.88,63.35,56.9,65.97,67.45,61.17,DCC-NOISE-001003-2013-12-19T00-03-00.txt,0
2013-04-23 10:50:00,63.5,70.42,53.82,69.01,75.38,58.7,DCC-NOISE-001003-2013-04-23T00-00-00.txt,1
2013-04-03 15:45:00,64.73,67.24,59.93,65.51,67.9,60.28,DCC-NOISE-001003-2013-04-03T00-00-00.txt,1
2013-10-31 12:36:00,64.46,66.59,60.21,75.22,77.29,67.35,DCC-NOISE-001003-2013-10-31T00-00-00.txt,1
2013-10-18 09:47:00,57.99,61.79,52.52,61.46,65.01,56.38,DCC-NOISE-001003-2013-10-18T00-00-00.txt,0
2013-06-08 13:45:00,54.52,57.96,47.67,59.15,62.46,53.6,DCC-NOISE-001003-2013-06-08T00-00-00.txt,0
2013-07-21 23:50:00,50.82,56.72,39.37,52.76,57.69,44.85,DCC-NOISE-001003-2013-07-21T00-00-00.txt,0
2013-05-09 10:45:00,60.17,62.7,56.12,63.32,65.57,60.0,DCC-NOISE-001003-2013-05-09T00-00-00.txt,0
2013-07-22 06:30:00,52.44,56.77,45.89,56.1,59.69,50.73,DCC-NOISE-001003-2013-07-22T00-00-00.txt,0
2013-12-14 11:25:00,66.83,70.63,61.53,76.07,81.39,65.62,DCC-NOISE-001003-2013-12-14T00-00-00.txt,1
2013-11-18 18:07:00,60.37,62.66,56.65,62.72,64.76,59.56,DCC-NOISE-001003-2013-11-18T00-00-00.txt,0
2013-01-26 14:55:00,60.64,63.6,56.57,66.02,69.91,59.88,DCC-NOISE-001014-2013-01-26T00-00-00.txt,0
2013-01-31 14:50:00,73.35,75.01,70.93,72.6,73.96,70.31,DCC-NOISE-001014-2013-01-31T00-00-00.txt,1
2013-03-19 13:05:00,64.2,67.72,57.41,67.97,72.86,60.88,DCC-NOISE-001003-2013-03-19T00-00-00.txt,1
2013-11-20 10:11:00,60.33,62.69,56.26,63.62,66.18,59.81,DCC-NOISE-001003-2013-11-20T00-00-00.txt,0
2013-03-08 03:00:00,49.56,58.26,38.83,51.52,58.2,42.44,DCC-NOISE-001003-2013-03-08T00-00-00.txt,0
2013-12-05 10:12:00,64.45,68.58,59.49,74.08,80.91,64.64,DCC-NOISE-001003-2013-12-05T00-00-00.txt,1
2013-07-24 14:15:00,54.67,58.02,50.45,60.1,62.67,55.69,DCC-NOISE-001003-2013-07-24T00-00-00.txt,0
2013-06-19 04:40:00,65.69,72.7,42.14,64.0,70.9,45.5,DCC-NOISE-001003-2013-06-19T00-00-00.txt,1
2013-07-05 07:25:00,55.45,58.97,50.88,59.48,63.53,54.02,DCC-NOISE-001003-2013-07-05T00-00-00.txt,0
2013-12-21 12:33:00,63.16,64.66,61.24,64.87,66.89,62.13,DCC-NOISE-001003-2013-12-21T00-03-00.txt,1
2013-05-09 10:05:00,61.16,63.62,57.38,65.09,68.54,60.61,DCC-NOISE-001003-2013-05-09T00-00-00.txt,0
2013-11-23 14:11:00,58.72,60.83,55.08,62.36,64.43,59.25,DCC-NOISE-001003-2013-11-23T00-00-00.txt,0
2013-03-04 19:55:00,64.27,65.19,62.93,63.75,65.11,62.03,DCC-NOISE-001003-2013-03-04T00-00-00.txt,1
2013-12-15 16:12:00,60.55,63.46,56.13,62.75,65.27,58.8,DCC-NOISE-001003-2013-12-15T00-02-00.txt,0
2013-05-09 15:30:00,63.96,67.2,59.42,68.74,73.94,62.37,DCC-NOISE-001003-2013-05-09T00-00-00.txt,1
2013-06-06 03:00:00,43.52,47.94,35.67,46.4,51.22,39.7,DCC-NOISE-001003-2013-06-06T00-00-00.txt,0
2013-09-21 16:25:00,55.47,58.04,51.35,59.9,62.34,55.1,DCC-NOISE-001003-2013-09-21T00-00-00.txt,0
2013-08-18 19:40:00,56.58,59.86,51.37,59.32,62.36,55.03,DCC-NOISE-001003-2013-08-18T00-00-00.txt,0
2013-08-29 11:10:00,67.71,69.94,63.45,73.16,75.28,69.4,DCC-NOISE-001003-2013-08-29T00-00-00.txt,1
2013-02-15 15:45:00,71.41,73.92,67.76,70.38,72.63,67.16,DCC-NOISE-001014-2013-02-15T00-00-00.txt,1
2013-12-21 14:28:00,65.83,67.18,63.7,66.19,67.7,63.83,DCC-NOISE-001003-2013-12-21T00-03-00.txt,1
2013-09-19 08:30:00,61.19,63.9,57.9,64.92,67.59,61.71,DCC-NOISE-001003-2013-09-19T00-00-00.txt,0
2013-10-29 07:21:00,62.32,62.31,57.36,64.87,65.7,60.36,DCC-NOISE-001003-2013-10-29T00-00-00.txt,0
2013-11-02 18:12:00,61.53,64.17,58.01,65.71,68.65,61.38,DCC-NOISE-001003-2013-11-02T00-00-00.txt,0
2013-11-03 16:02:00,56.9,60.75,48.55,59.82,63.21,52.21,DCC-NOISE-001003-2013-11-03T00-00-00.txt,0
2013-04-18 16:50:00,63.15,65.91,59.67,69.63,74.53,62.49,DCC-NOISE-001003-2013-04-18T00-00-00.txt,1
2013-05-13 09:15:00,64.76,67.8,59.18,69.94,74.23,64.29,DCC-NOISE-001003-2013-05-13T00-00-00.txt,1
2013-04-18 13:00:00,65.83,73.06,58.01,76.11,84.61,62.2,DCC-NOISE-001003-2013-04-18T00-00-00.txt,1
2013-12-27 10:22:00,63.21,66.76,57.99,71.36,77.07,62.65,DCC-NOISE-001003-2013-12-27T00-02-00.txt,1
2013-03-01 13:55:00,57.31,60.54,51.27,61.09,63.81,56.31,DCC-NOISE-001003-2013-03-01T11-05-00.txt,0
2013-11-09 01:46:00,54.41,58.6,47.47,56.45,60.28,50.76,DCC-NOISE-001003-2013-11-09T00-00-00.txt,0
2013-02-02 20:55:00,57.45,61.01,53.52,60.25,63.0,56.88,DCC-NOISE-001014-2013-02-02T00-00-00.txt,0
2013-08-16 20:25:00,57.37,60.69,51.52,61.93,65.55,55.39,DCC-NOISE-001003-2013-08-16T00-00-00.txt,0
2013-02-11 15:20:00,60.46,63.07,55.42,64.09,68.63,58.06,DCC-NOISE-001014-2013-02-11T00-00-00.txt,0
2013-06-05 02:35:00,40.92,46.49,34.38,45.99,50.89,41.24,DCC-NOISE-001003-2013-06-05T00-00-00.txt,0
2013-12-15 15:22:00,62.25,64.24,59.01,63.95,66.3,60.64,DCC-NOISE-001003-2013-12-15T00-02-00.txt,0
2013-01-30 17:40:00,62.63,65.21,57.04,66.3,70.33,60.96,DCC-NOISE-001014-2013-01-30T00-00-00.txt,0
2013-04-11 16:55:00,63.24,66.14,56.19,64.59,67.27,58.42,DCC-NOISE-001003-2013-04-11T00-00-00.txt,1
2013-04-22 15:50:00,70.51,74.64,57.61,73.16,77.36,63.05,DCC-NOISE-001003-2013-04-22T00-00-00.txt,1
2013-10-09 03:11:00,46.51,52.53,40.94,49.72,54.4,45.47,DCC-NOISE-001003-2013-10-09T00-00-00.txt,0
2013-03-20 11:25:00,63.46,67.17,55.36,67.26,70.83,60.15,DCC-NOISE-001003-2013-03-20T00-00-00.txt,1
2013-12-04 09:07:00,63.59,65.1,61.58,65.69,67.31,63.86,DCC-NOISE-001003-2013-12-04T00-00-00.txt,1
2013-04-19 04:20:00,50.48,55.72,46.64,53.78,57.73,50.47,DCC-NOISE-001003-2013-04-19T00-00-00.txt,0
2013-01-24 22:16:00,57.86,61.44,49.78,61.41,64.32,53.82,DCC-NOISE-001014-2013-01-24T00-00-00.txt,0
2013-09-29 10:01:00,53.44,58.24,47.01,56.03,60.35,49.93,DCC-NOISE-001003-2013-09-29T00-00-00.txt,0
2013-11-15 15:07:00,59.19,61.69,55.19,62.52,64.97,58.41,DCC-NOISE-001003-2013-11-15T00-00-00.txt,0
2013-04-26 15:40:00,63.09,65.23,59.16,65.48,68.12,61.7,DCC-NOISE-001003-2013-04-26T00-00-00.txt,1
2013-12-27 08:27:00,65.33,69.72,58.1,74.5,80.73,62.9,DCC-NOISE-001003-2013-12-27T00-02-00.txt,1
2013-12-14 09:00:00,59.6,62.19,55.0,66.68,72.02,58.76,DCC-NOISE-001003-2013-12-14T00-00-00.txt,0
2013-11-26 15:01:00,64.14,65.79,61.7,69.9,71.58,67.57,DCC-NOISE-001003-2013-11-26T00-00-00.txt,1
2013-12-31 13:27:00,63.51,65.07,60.8,67.74,71.88,62.6,DCC-NOISE-001003-2013-12-31T00-02-00.txt,1
2013-09-15 13:45:00,64.02,66.69,58.58,68.16,71.34,60.46,DCC-NOISE-001003-2013-09-15T00-00-00.txt,1
2013-06-21 00:25:00,50.76,56.25,41.07,53.37,58.73,45.36,DCC-NOISE-001003-2013-06-21T00-00-00.txt,0
2013-05-08 17:00:00,61.24,63.88,56.11,63.66,65.94,59.59,DCC-NOISE-001003-2013-05-08T00-00-00.txt,0
2013-01-28 11:55:00,65.19,69.79,58.09,77.81,84.36,64.37,DCC-NOISE-001014-2013-01-28T00-00-00.txt,1
2013-08-05 23:05:00,51.77,56.15,44.15,54.41,58.41,47.01,DCC-NOISE-001003-2013-08-05T00-00-00.txt,0
2013-01-18 13:46:00,63.72,66.19,57.87,67.46,71.72,60.51,DCC-NOISE-001003-2013-01-18T00-00-00.txt,1
2013-07-01 18:10:00,57.22,59.06,54.19,61.4,63.77,56.9,DCC-NOISE-001003-2013-07-01T00-00-00.txt,0
2013-03-23 04:45:00,50.32,57.33,40.88,51.03,58.93,43.29,DCC-NOISE-001003-2013-03-23T00-00-00.txt,0
2013-03-20 14:15:00,64.17,65.23,62.54,67.86,68.87,66.64,DCC-NOISE-001003-2013-03-20T00-00-00.txt,1
2013-01-20 16:02:00,57.86,60.9,52.63,59.84,62.89,54.99,DCC-NOISE-001003-2013-01-20T00-00-00.txt,0
2013-04-17 17:10:00,64.75,67.89,58.69,74.89,81.25,62.63,DCC-NOISE-001003-2013-04-17T00-00-00.txt,1
2013-04-29 12:20:00,72.13,74.42,68.84,72.62,75.12,68.54,DCC-NOISE-001003-2013-04-29T00-00-00.txt,1
2013-11-19 12:51:00,67.57,72.15,58.86,70.42,75.76,61.51,DCC-NOISE-001003-2013-11-19T00-00-00.txt,1
2013-01-01 00:05:00,66.4,71.15,55.95,69.62,73.65,60.22,DCC-NOISE-001003-2013-01-01T00-00-00.txt,1
2013-07-25 16:40:00,54.51,58.29,47.17,60.4,64.31,54.03,DCC-NOISE-001003-2013-07-25T00-00-00.txt,0
2013-02-03 00:50:00,55.47,59.77,48.79,57.2,60.9,51.31,DCC-NOISE-001014-2013-02-03T00-00-00.txt,0
2013-01-31 12:45:00,62.36,64.47,57.03,70.42,75.81,61.56,DCC-NOISE-001014-2013-01-31T00-00-00.txt,0
2013-03-21 15:50:00,60.45,63.53,55.92,64.39,66.9,60.74,DCC-NOISE-001003-2013-03-21T00-00-00.txt,0
2013-04-05 10:10:00,57.64,60.69,52.82,61.12,64.24,56.76,DCC-NOISE-001003-2013-04-05T00-00-00.txt,0
2013-10-06 23:41:00,51.38,55.78,43.11,54.33,58.62,47.66,DCC-NOISE-001003-2013-10-06T00-00-00.txt,0
2013-07-25 14:50:00,56.12,59.48,49.05,60.12,62.9,52.96,DCC-NOISE-001003-2013-07-25T00-00-00.txt,0
2013-04-03 14:15:00,64.42,66.86,60.17,64.41,66.5,60.73,DCC-NOISE-001003-2013-04-03T00-00-00.txt,1
2013-05-28 10:30:00,56.51,59.7,50.1,60.64,64.3,54.96,DCC-NOISE-001003-2013-05-28T00-00-00.txt,0
2013-03-28 11:25:00,62.56,65.58,57.98,63.98,67.23,58.8,DCC-NOISE-001003-2013-03-28T00-00-00.txt,0
2013-12-20 10:30:00,61.41,63.96,57.65,65.07,67.7,61.65,DCC-NOISE-001003-2013-12-20T00-00-00.txt,0
2013-12-31 15:37:00,63.57,65.72,56.55,65.03,67.69,60.24,DCC-NOISE-001003-2013-12-31T00-02-00.txt,1
2013-04-16 13:10:00,65.6,71.9,58.43,75.46,83.92,62.65,DCC-NOISE-001003-2013-04-16T00-00-00.txt,1
2013-04-07 09:10:00,64.7,67.84,54.33,66.63,70.41,56.95,DCC-NOISE-001003-2013-04-07T00-00-00.txt,1
2013-04-07 10:55:00,63.24,67.44,57.27,71.92,74.94,66.6,DCC-NOISE-001003-2013-04-07T00-00-00.txt,1
2013-09-27 07:21:00,53.73,57.48,48.27,58.91,62.34,54.16,DCC-NOISE-001003-2013-09-27T00-00-00.txt,0
2013-01-17 01:55:00,48.02,54.8,39.05,49.39,55.44,42.82,DCC-NOISE-001003-2013-01-17T00-00-00.txt,0
2013-12-14 13:50:00,68.42,73.25,62.89,78.23,84.74,67.38,DCC-NOISE-001003-2013-12-14T00-00-00.txt,1
2013-03-23 08:15:00,66.49,74.11,50.85,65.85,72.56,53.24,DCC-NOISE-001003-2013-03-23T00-00-00.txt,1
2013-04-26 09:45:00,71.03,74.55,55.39,70.33,73.37,59.52,DCC-NOISE-001003-2013-04-26T00-00-00.txt,1
2013-04-04 10:35:00,61.03,64.42,55.45,64.34,67.43,58.5,DCC-NOISE-001003-2013-04-04T00-00-00.txt,0
2013-09-11 09:05:00,65.04,67.48,54.03,66.63,70.33,57.93,DCC-NOISE-001003-2013-09-11T00-00-00.txt,1
2013-12-14 11:55:00,66.79,71.22,62.01,74.65,80.72,65.32,DCC-NOISE-001003-2013-12-14T00-00-00.txt,1
2013-12-05 04:17:00,61.09,67.46,52.3,71.42,78.95,57.55,DCC-NOISE-001003-2013-12-05T00-00-00.txt,0
2013-07-18 02:55:00,46.73,53.44,39.99,50.46,55.64,46.09,DCC-NOISE-001003-2013-07-18T00-00-00.txt,0
2013-10-31 15:51:00,60.31,62.13,57.61,63.73,65.78,61.12,DCC-NOISE-001003-2013-10-31T00-00-00.txt,0
2013-01-18 09:36:00,64.72,70.03,56.09,70.66,76.45,60.43,DCC-NOISE-001003-2013-01-18T00-00-00.txt,1
2013-12-22 15:05:00,65.53,68.46,61.5,71.33,76.06,63.88,DCC-NOISE-001003-2013-12-22T00-00-00.txt,1
2013-01-18 03:16:00,65.25,72.8,47.52,70.96,78.05,53.25,DCC-NOISE-001003-2013-01-18T00-00-00.txt,1
2013-12-05 08:22:00,69.33,73.58,61.53,79.27,85.59,66.85,DCC-NOISE-001003-2013-12-05T00-00-00.txt,1
2013-11-20 13:26:00,61.32,63.52,57.47,66.66,70.36,61.59,DCC-NOISE-001003-2013-11-20T00-00-00.txt,0
2013-04-18 14:30:00,63.23,66.21,58.25,71.02,77.23,63.01,DCC-NOISE-001003-2013-04-18T00-00-00.txt,1
2013-01-28 12:45:00,66.44,71.23,59.48,78.7,85.46,65.76,DCC-NOISE-001014-2013-01-28T00-00-00.txt,1
2013-08-15 19:35:00,63.25,65.78,59.38,64.45,66.76,60.83,DCC-NOISE-001003-2013-08-15T00-00-00.txt,1
2013-01-14 09:41:00,60.25,62.81,56.49,63.65,65.99,60.6,DCC-NOISE-001003-2013-01-14T00-00-00.txt,0
2013-12-05 09:22:00,64.77,67.86,59.4,73.8,79.0,64.45,DCC-NOISE-001003-2013-12-05T00-00-00.txt,1
2013-08-05 01:00:00,53.03,58.08,40.38,54.96,59.71,44.12,DCC-NOISE-001003-2013-08-05T00-00-00.txt,0
2013-08-06 05:55:00,55.05,59.05,49.8,58.88,63.53,52.92,DCC-NOISE-001003-2013-08-06T00-00-00.txt,0
2013-03-11 15:30:00,61.41,64.21,56.87,66.28,71.32,59.56,DCC-NOISE-001003-2013-03-11T00-00-00.txt,0
2013-06-20 07:40:00,64.09,69.4,49.41,64.56,68.61,55.17,DCC-NOISE-001003-2013-06-20T00-00-00.txt,1
2013-11-18 01:07:00,53.22,58.06,45.15,54.55,58.7,47.32,DCC-NOISE-001003-2013-11-18T00-00-00.txt,0
2013-05-11 13:45:00,63.2,65.09,60.23,66.84,69.84,63.18,DCC-NOISE-001003-2013-05-11T00-00-00.txt,1
2013-12-16 14:15:00,63.28,64.93,60.58,64.37,66.04,61.92,DCC-NOISE-001003-2013-12-16T00-00-00.txt,1
2013-01-18 02:46:00,69.69,77.76,50.58,75.18,83.25,56.68,DCC-NOISE-001003-2013-01-18T00-00-00.txt,1
2013-03-23 16:50:00,64.22,65.91,61.16,64.54,66.29,61.34,DCC-NOISE-001003-2013-03-23T00-00-00.txt,1
2013-07-14 17:45:00,54.17,56.93,49.4,59.61,63.7,54.48,DCC-NOISE-001003-2013-07-14T00-00-00.txt,0
2013-01-20 20:02:00,56.35,59.66,48.63,59.89,63.85,53.32,DCC-NOISE-001003-2013-01-20T00-00-00.txt,0
2013-03-19 12:10:00,65.84,68.25,62.89,68.75,71.42,65.46,DCC-NOISE-001003-2013-03-19T00-00-00.txt,1
2013-10-29 08:01:00,60.58,62.95,57.72,64.37,67.43,61.38,DCC-NOISE-001003-2013-10-29T00-00-00.txt,0
2013-01-18 09:21:00,67.83,75.64,56.13,73.36,81.38,61.42,DCC-NOISE-001003-2013-01-18T00-00-00.txt,1
2013-03-27 10:30:00,59.15,63.05,52.36,63.21,66.67,57.89,DCC-NOISE-001003-2013-03-27T00-00-00.txt,0
2013-12-05 07:57:00,70.35,77.62,60.09,80.97,89.91,64.19,DCC-NOISE-001003-2013-12-05T00-00-00.txt,1
2013-11-26 00:40:00,52.95,58.09,45.22,54.72,59.56,48.37,DCC-NOISE-001003-2013-11-26T00-00-00.txt,0
2013-07-17 12:40:00,65.85,71.26,59.84,71.75,77.34,65.72,DCC-NOISE-001003-2013-07-17T00-00-00.txt,1
2013-11-19 12:26:00,64.79,67.87,55.75,71.91,75.83,59.39,DCC-NOISE-001003-2013-11-19T00-00-00.txt,1
2013-03-28 11:10:00,71.3,78.86,57.07,71.03,78.13,59.91,DCC-NOISE-001003-2013-03-28T00-00-00.txt,1
2013-01-18 14:36:00,63.31,68.31,57.62,67.52,73.57,60.53,DCC-NOISE-001003-2013-01-18T00-00-00.txt,1
2013-04-15 09:30:00,64.8,72.66,57.21,67.89,73.35,61.76,DCC-NOISE-001003-2013-04-15T00-00-00.txt,1
2013-02-23 11:00:00,64.72,69.98,57.44,67.05,71.91,60.0,DCC-NOISE-001003-2013-02-23T00-00-00.txt,1
2013-03-20 10:15:00,60.68,64.57,54.32,64.78,68.59,58.83,DCC-NOISE-001003-2013-03-20T00-00-00.txt,0
2013-11-06 18:57:00,61.35,63.22,56.84,64.25,66.15,59.52,DCC-NOISE-001003-2013-11-06T00-00-00.txt,0
2013-12-26 19:45:00,71.22,74.85,63.52,78.09,83.87,67.19,DCC-NOISE-001003-2013-12-26T00-00-00.txt,1
2013-04-10 07:25:00,56.2,59.99,50.33,59.74,63.27,54.41,DCC-NOISE-001003-2013-04-10T00-00-00.txt,0
2013-04-18 11:40:00,63.79,66.85,57.24,68.83,74.24,60.5,DCC-NOISE-001003-2013-04-18T00-00-00.txt,1
2013-03-11 09:10:00,60.38,62.76,55.97,64.42,66.87,59.74,DCC-NOISE-001003-2013-03-11T00-00-00.txt,0
2013-08-29 10:55:00,68.15,71.48,63.03,73.8,76.32,68.89,DCC-NOISE-001003-2013-08-29T00-00-00.txt,1
2013-04-16 09:30:00,63.39,66.71,59.09,71.72,78.45,63.64,DCC-NOISE-001003-2013-04-16T00-00-00.txt,1
2013-08-22 21:15:00,54.99,57.77,50.32,58.85,61.4,54.97,DCC-NOISE-001003-2013-08-22T00-00-00.txt,0
2013-08-17 20:40:00,56.55,58.69,52.71,60.54,64.74,55.38,DCC-NOISE-001003-2013-08-17T00-00-00.txt,0
2013-05-05 14:35:00,70.99,72.6,68.52,69.95,71.59,67.56,DCC-NOISE-001003-2013-05-05T00-00-00.txt,1
2013-05-24 04:45:00,63.73,69.21,46.79,63.37,68.13,50.37,DCC-NOISE-001003-2013-05-24T00-00-00.txt,1
2013-10-26 17:11:00,60.25,62.47,56.46,63.39,65.52,59.4,DCC-NOISE-001003-2013-10-26T00-00-00.txt,0
2013-01-25 14:25:00,66.23,70.8,59.47,79.07,85.44,65.68,DCC-NOISE-001014-2013-01-25T00-00-00.txt,1
2013-02-16 14:35:00,68.53,70.84,65.44,68.47,70.69,65.4,DCC-NOISE-001014-2013-02-16T00-00-00.txt,1
2013-04-17 17:45:00,63.67,66.69,58.88,73.93,80.17,63.63,DCC-NOISE-001003-2013-04-17T00-00-00.txt,1
2013-04-14 09:55:00,63.33,67.45,57.03,75.09,81.7,62.87,DCC-NOISE-001003-2013-04-14T00-00-00.txt,1
2013-10-23 15:11:00,57.91,60.32,54.37,61.48,63.7,58.14,DCC-NOISE-001003-2013-10-23T00-00-00.txt,0
2013-07-09 01:00:00,46.05,51.32,38.63,49.49,54.23,43.6,DCC-NOISE-001003-2013-07-09T00-00-00.txt,0
2013-12-05 06:57:00,63.65,68.06,57.55,73.32,79.95,62.98,DCC-NOISE-001003-2013-12-05T00-00-00.txt,1
2013-10-26 15:11:00,61.06,62.85,57.17,63.65,64.81,60.8,DCC-NOISE-001003-2013-10-26T00-00-00.txt,0
2013-11-12 07:16:00,60.48,62.2,58.58,63.31,64.65,61.74,DCC-NOISE-001003-2013-11-12T00-00-00.txt,0
2013-12-27 13:32:00,63.15,65.22,59.63,67.59,70.85,62.67,DCC-NOISE-001003-2013-12-27T00-02-00.txt,1
2013-07-30 23:20:00,52.11,56.72,45.76,56.26,60.84,49.79,DCC-NOISE-001003-2013-07-30T00-00-00.txt,0
2013-10-16 12:12:00,60.4,63.6,54.51,62.58,65.11,56.97,DCC-NOISE-001003-2013-10-16T00-00-00.txt,0
2013-12-16 09:55:00,60.55,62.76,56.36,63.42,65.55,59.24,DCC-NOISE-001003-2013-12-16T00-00-00.txt,0
2013-12-26 13:25:00,63.36,63.47,51.4,64.48,65.68,53.69,DCC-NOISE-001003-2013-12-26T00-00-00.txt,1
2013-01-30 11:25:00,63.18,65.61,59.76,69.4,73.86,63.93,DCC-NOISE-001014-2013-01-30T00-00-00.txt,1
2013-03-21 13:40:00,68.43,70.12,66.03,73.2,75.31,69.8,DCC-NOISE-001003-2013-03-21T00-00-00.txt,1
2013-03-11 19:05:00,58.42,61.94,52.61,61.9,64.57,56.92,DCC-NOISE-001003-2013-03-11T00-00-00.txt,0
2013-01-13 13:31:00,60.38,63.38,55.99,62.34,65.09,58.8,DCC-NOISE-001003-2013-01-13T00-00-00.txt,0
2013-03-19 12:35:00,64.06,68.53,55.41,67.54,71.88,58.3,DCC-NOISE-001003-2013-03-19T00-00-00.txt,1
2013-12-20 16:40:00,63.51,66.16,58.18,71.13,77.15,62.25,DCC-NOISE-001003-2013-12-20T00-00-00.txt,1
2013-04-20 18:40:00,63.36,61.16,53.23,65.15,64.85,57.73,DCC-NOISE-001003-2013-04-20T00-00-00.txt,1
2013-10-31 12:41:00,64.98,66.93,60.72,75.95,77.93,68.81,DCC-NOISE-001003-2013-10-31T00-00-00.txt,1
2013-03-20 14:25:00,63.83,64.81,62.5,67.29,68.24,66.27,DCC-NOISE-001003-2013-03-20T00-00-00.txt,1
2013-09-26 03:11:00,40.16,44.74,31.55,41.66,45.55,34.77,DCC-NOISE-001003-2013-09-26T00-00-00.txt,0
2013-04-25 09:45:00,60.42,62.71,55.95,63.36,65.49,59.28,DCC-NOISE-001003-2013-04-25T00-15-00.txt,0
2013-01-16 06:05:00,52.16,57.82,42.92,54.57,59.07,46.65,DCC-NOISE-001003-2013-01-16T00-00-00.txt,0
2013-10-31 15:31:00,66.99,73.72,60.38,74.44,80.51,65.79,DCC-NOISE-001003-2013-10-31T00-00-00.txt,1
2013-01-30 16:15:00,63.89,70.83,56.63,65.29,69.87,59.65,DCC-NOISE-001014-2013-01-30T00-00-00.txt,1
2013-08-18 15:05:00,74.1,79.33,60.8,78.15,83.28,63.25,DCC-NOISE-001003-2013-08-18T00-00-00.txt,1
2013-08-18 13:05:00,75.67,83.42,55.33,77.33,84.56,60.02,DCC-NOISE-001003-2013-08-18T00-00-00.txt,1
2013-01-13 12:41:00,61.18,64.38,56.57,63.41,66.42,59.15,DCC-NOISE-001003-2013-01-13T00-00-00.txt,0
2013-03-15 08:30:00,60.52,63.24,56.6,63.57,66.21,59.86,DCC-NOISE-001003-2013-03-15T00-00-00.txt,0
2013-12-31 13:22:00,64.53,66.7,61.93,68.12,71.49,63.64,DCC-NOISE-001003-2013-12-31T00-02-00.txt,1
2013-02-23 14:15:00,64.2,65.6,61.48,65.31,66.81,62.85,DCC-NOISE-001003-2013-02-23T00-00-00.txt,1
2013-06-11 14:10:00,65.36,72.78,56.84,72.7,78.94,65.24,DCC-NOISE-001003-2013-06-11T00-00-00.txt,1
2013-06-18 08:30:00,55.75,58.77,50.34,60.63,63.63,56.28,DCC-NOISE-001003-2013-06-18T00-00-00.txt,0
2013-03-07 13:50:00,60.86,63.68,56.88,63.44,66.35,59.75,DCC-NOISE-001003-2013-03-07T00-00-00.txt,0
2013-08-18 16:15:00,82.34,87.72,66.22,84.55,90.13,68.03,DCC-NOISE-001003-2013-08-18T00-00-00.txt,1
2013-04-28 16:20:00,60.64,62.76,55.32,66.45,69.98,59.09,DCC-NOISE-001003-2013-04-28T00-00-00.txt,0
2013-01-31 17:05:00,60.99,63.72,56.87,65.65,69.7,60.42,DCC-NOISE-001014-2013-01-31T00-00-00.txt,0
2013-04-24 18:25:00,62.26,64.85,54.61,63.81,66.81,57.14,DCC-NOISE-001003-2013-04-24T00-00-00.txt,0
2013-12-05 11:47:00,65.96,70.87,59.96,75.05,81.96,63.7,DCC-NOISE-001003-2013-12-05T00-00-00.txt,1
2013-11-27 18:16:00,60.39,62.51,56.1,63.71,65.36,59.89,DCC-NOISE-001003-2013-11-27T00-00-00.txt,0
2013-10-03 02:32:00,44.23,50.45,37.2,47.74,52.39,42.65,DCC-NOISE-001003-2013-10-03T00-00-00.txt,0
2013-12-25 12:22:00,57.77,60.31,53.76,60.21,62.77,56.36,DCC-NOISE-001003-2013-12-25T00-02-00.txt,0
2013-04-18 12:50:00,64.79,69.26,59.17,72.25,78.6,64.49,DCC-NOISE-001003-2013-04-18T00-00-00.txt,1
2013-09-19 06:25:00,55.08,59.66,49.96,57.75,62.05,53.21,DCC-NOISE-001003-2013-09-19T00-00-00.txt,0
2013-12-27 13:42:00,63.57,65.47,60.87,66.97,69.31,63.09,DCC-NOISE-001003-2013-12-27T00-02-00.txt,1
2013-01-18 13:51:00,64.04,67.39,59.08,67.89,73.19,61.03,DCC-NOISE-001003-2013-01-18T00-00-00.txt,1
2013-05-13 09:45:00,74.03,81.49,57.88,79.4,86.85,61.69,DCC-NOISE-001003-2013-05-13T00-00-00.txt,1
2013-02-04 18:55:00,60.58,62.63,57.12,68.15,73.45,61.72,DCC-NOISE-001014-2013-02-04T00-00-00.txt,0
2013-07-03 19:00:00,63.71,72.37,51.92,65.46,71.95,56.48,DCC-NOISE-001003-2013-07-03T00-00-00.txt,1
2013-12-16 12:55:00,63.67,65.61,60.42,64.77,66.62,62.25,DCC-NOISE-001003-2013-12-16T00-00-00.txt,1
2013-03-20 12:00:00,65.96,67.37,63.15,71.01,73.93,67.86,DCC-NOISE-001003-2013-03-20T00-00-00.txt,1
2013-04-21 16:55:00,61.82,64.08,57.86,63.27,65.82,59.04,DCC-NOISE-001003-2013-04-21T00-00-00.txt,0
2013-01-28 13:05:00,69.16,75.33,61.72,81.7,89.35,67.25,DCC-NOISE-001014-2013-01-28T00-00-00.txt,1
2013-12-27 11:02:00,63.15,65.67,59.58,70.24,74.11,63.72,DCC-NOISE-001003-2013-12-27T00-02-00.txt,1
2013-03-06 16:05:00,64.33,65.07,58.74,65.14,66.53,59.38,DCC-NOISE-001003-2013-03-06T00-00-00.txt,1
2013-05-01 16:50:00,58.87,61.34,51.53,62.2,64.89,56.56,DCC-NOISE-001003-2013-05-01T00-00-00.txt,0
2013-01-31 01:00:00,60.71,65.23,54.02,72.06,79.68,58.28,DCC-NOISE-001014-2013-01-31T00-00-00.txt,0
2013-11-02 17:17:00,64.14,67.42,58.51,69.35,73.0,61.75,DCC-NOISE-001003-2013-11-02T00-00-00.txt,1
2013-04-29 07:40:00,61.74,63.92,58.08,65.92,68.92,62.31,DCC-NOISE-001003-2013-04-29T00-00-00.txt,0
2013-12-30 15:20:00,59.56,62.06,56.1,62.51,64.87,59.39,DCC-NOISE-001003-2013-12-30T00-00-00.txt,0
2013-06-23 14:50:00,60.44,63.27,55.53,63.2,65.75,58.04,DCC-NOISE-001003-2013-06-23T00-00-00.txt,0
2013-11-28 12:11:00,61.58,62.2,54.85,64.5,66.0,59.26,DCC-NOISE-001003-2013-11-28T00-00-00.txt,0
2013-12-14 14:30:00,63.75,65.74,60.44,69.87,74.4,63.52,DCC-NOISE-001003-2013-12-14T00-00-00.txt,1
2013-03-22 15:00:00,63.51,66.17,59.2,65.48,67.45,62.03,DCC-NOISE-001003-2013-03-22T00-00-00.txt,1
2013-08-16 10:40:00,66.51,70.39,61.4,71.11,74.86,66.3,DCC-NOISE-001003-2013-08-16T00-00-00.txt,1
2013-12-05 10:27:00,66.76,71.45,59.14,77.16,83.67,64.69,DCC-NOISE-001003-2013-12-05T00-00-00.txt,1
2013-08-07 19:25:00,54.06,57.89,46.43,57.21,60.6,51.84,DCC-NOISE-001003-2013-08-07T00-00-00.txt,0
2013-12-27 17:37:00,63.55,66.07,58.75,70.73,76.32,61.91,DCC-NOISE-001003-2013-12-27T00-02-00.txt,1
2013-02-26 10:55:00,74.34,81.04,64.17,80.08,86.44,70.71,DCC-NOISE-001003-2013-02-26T00-00-00.txt,1
2013-01-25 19:05:00,64.17,66.73,59.46,65.19,67.27,61.33,DCC-NOISE-001014-2013-01-25T00-00-00.txt,1
2013-07-06 15:00:00,53.98,56.63,48.66,59.09,61.84,53.68,DCC-NOISE-001003-2013-07-06T00-00-00.txt,0
2013-08-04 20:15:00,57.72,58.68,45.14,60.07,61.38,48.92,DCC-NOISE-001003-2013-08-04T00-00-00.txt,0
2013-01-28 12:55:00,66.53,70.86,60.24,78.91,85.79,65.84,DCC-NOISE-001014-2013-01-28T00-00-00.txt,1
2013-08-16 09:50:00,61.03,64.47,56.06,66.18,69.56,61.34,DCC-NOISE-001003-2013-08-16T00-00-00.txt,0
2013-03-11 17:10:00,58.56,61.47,53.6,63.44,66.62,58.26,DCC-NOISE-001003-2013-03-11T00-00-00.txt,0
2013-12-27 14:17:00,63.98,65.48,61.24,67.56,70.58,63.08,DCC-NOISE-001003-2013-12-27T00-02-00.txt,1
2013-06-23 13:55:00,61.93,64.86,57.43,64.13,66.35,59.73,DCC-NOISE-001003-2013-06-23T00-00-00.txt,0
2013-01-23 02:37:00,43.25,49.32,35.68,45.27,50.6,39.96,DCC-NOISE-001003-2013-01-23T00-00-00.txt,0
2013-02-19 11:50:00,67.73,71.1,54.24,67.95,70.66,57.68,DCC-NOISE-001003-2013-02-19T00-00-00.txt,1
2013-03-20 10:35:00,68.29,70.71,60.33,71.77,74.94,64.01,DCC-NOISE-001003-2013-03-20T00-00-00.txt,1
2013-12-28 08:45:00,57.49,61.27,52.67,59.05,62.76,54.94,DCC-NOISE-001003-2013-12-28T00-00-00.txt,0
2013-11-27 21:51:00,57.67,60.43,53.6,60.03,62.37,56.64,DCC-NOISE-001003-2013-11-27T00-00-00.txt,0
2013-05-16 12:05:00,61.31,65.07,53.98,63.48,67.7,56.55,DCC-NOISE-001003-2013-05-16T00-00-00.txt,0
2013-05-06 13:20:00,70.47,72.12,67.88,69.4,70.97,67.1,DCC-NOISE-001003-2013-05-06T00-00-00.txt,1
2013-12-27 10:32:00,64.95,69.22,59.03,73.64,78.85,62.79,DCC-NOISE-001003-2013-12-27T00-02-00.txt,1
2013-03-23 16:45:00,64.17,66.36,61.28,65.14,68.5,61.23,DCC-NOISE-001003-2013-03-23T00-00-00.txt,1
2013-05-27 21:35:00,67.87,67.78,52.68,67.42,66.83,55.86,DCC-NOISE-001003-2013-05-27T00-00-00.txt,1
2013-12-24 16:05:00,64.36,66.22,61.21,66.07,67.69,62.84,DCC-NOISE-001003-2013-12-24T00-00-00.txt,1
2013-12-20 13:10:00,63.24,67.91,57.95,66.3,70.32,61.75,DCC-NOISE-001003-2013-12-20T00-00-00.txt,1
2013-12-21 14:58:00,63.66,66.35,60.04,65.77,68.18,62.0,DCC-NOISE-001003-2013-12-21T00-03-00.txt,1
2013-05-27 17:35:00,63.14,69.94,53.86,64.38,69.74,57.33,DCC-NOISE-001003-2013-05-27T00-00-00.txt,1
2013-01-01 17:50:00,59.44,62.01,54.82,62.25,65.22,57.98,DCC-NOISE-001003-2013-01-01T00-00-00.txt,0
2013-03-21 11:55:00,67.3,68.88,64.5,71.87,74.04,67.91,DCC-NOISE-001003-2013-03-21T00-00-00.txt,1
2013-12-18 23:15:00,57.6,61.25,52.55,62.08,65.65,56.41,DCC-NOISE-001003-2013-12-18T00-00-00.txt,0
2013-03-19 12:50:00,67.46,68.65,64.44,71.58,74.05,68.38,DCC-NOISE-001003-2013-03-19T00-00-00.txt,1
2013-11-04 08:27:00,60.82,62.66,58.91,63.97,65.96,61.88,DCC-NOISE-001003-2013-11-04T00-00-00.txt,0
2013-12-27 10:12:00,63.36,65.48,59.08,70.13,75.22,61.78,DCC-NOISE-001003-2013-12-27T00-02-00.txt,1
2013-08-18 14:45:00,74.59,77.47,62.21,80.06,83.33,64.39,DCC-NOISE-001003-2013-08-18T00-00-00.txt,1
2013-11-29 09:36:00,60.79,63.31,56.98,63.34,65.27,59.66,DCC-NOISE-001003-2013-11-29T00-00-00.txt,0
2013-08-12 07:50:00,61.47,64.41,56.17,67.14,70.32,61.5,DCC-NOISE-001003-2013-08-12T00-00-00.txt,0
2013-04-27 19:50:00,55.76,60.23,47.15,59.66,63.62,52.21,DCC-NOISE-001003-2013-04-27T00-00-00.txt,0
2013-08-28 15:10:00,65.03,71.12,58.62,70.7,77.12,63.73,DCC-NOISE-001003-2013-08-28T00-00-00.txt,1
2013-05-01 10:50:00,69.93,72.95,65.24,75.38,78.74,70.59,DCC-NOISE-001003-2013-05-01T00-00-00.txt,1
2013-03-21 14:35:00,63.52,65.94,59.3,68.32,70.56,64.07,DCC-NOISE-001003-2013-03-21T00-00-00.txt,1
2013-04-16 13:15:00,66.41,71.29,57.23,77.52,84.04,62.85,DCC-NOISE-001003-2013-04-16T00-00-00.txt,1
2013-05-04 16:10:00,65.37,71.93,53.25,66.81,71.58,57.87,DCC-NOISE-001003-2013-05-04T00-00-00.txt,1
2013-12-06 10:56:00,60.35,62.35,57.25,63.39,65.07,60.54,DCC-NOISE-001003-2013-12-06T00-00-00.txt,0
2013-12-14 10:35:00,63.68,65.94,58.62,71.75,77.34,63.01,DCC-NOISE-001003-2013-12-14T00-00-00.txt,1
2013-04-29 11:45:00,63.14,65.21,60.47,69.08,72.12,65.64,DCC-NOISE-001003-2013-04-29T00-00-00.txt,1
2013-02-07 11:10:00,60.93,63.92,55.69,63.84,66.47,59.56,DCC-NOISE-001014-2013-02-07T00-00-00.txt,0
2013-12-11 13:57:00,60.54,63.11,55.54,63.5,66.35,58.21,DCC-NOISE-001003-2013-12-11T00-02-00.txt,0
2013-10-31 18:36:00,63.3,65.03,57.3,65.86,68.55,60.34,DCC-NOISE-001003-2013-10-31T00-00-00.txt,1
2013-01-08 23:20:00,54.98,59.14,49.18,58.1,60.81,55.0,DCC-NOISE-001003-2013-01-08T00-00-00.txt,0
2013-04-29 11:50:00,63.54,65.38,60.49,70.25,74.71,65.98,DCC-NOISE-001003-2013-04-29T00-00-00.txt,1
2013-06-08 19:55:00,56.04,59.45,46.73,59.44,62.78,50.11,DCC-NOISE-001003-2013-06-08T00-00-00.txt,0
2013-12-20 21:25:00,64.21,66.68,60.43,68.17,71.92,62.56,DCC-NOISE-001003-2013-12-20T00-00-00.txt,1
2013-05-11 16:20:00,63.49,66.38,56.92,66.07,71.24,60.2,DCC-NOISE-001003-2013-05-11T00-00-00.txt,1
2013-01-30 13:20:00,64.25,67.45,58.9,73.94,80.76,63.75,DCC-NOISE-001014-2013-01-30T00-00-00.txt,1
2013-12-14 14:45:00,64.72,67.4,60.77,71.18,75.74,63.96,DCC-NOISE-001003-2013-12-14T00-00-00.txt,1
2013-02-13 08:45:00,61.83,64.76,56.46,64.19,66.84,60.02,DCC-NOISE-001014-2013-02-13T00-00-00.txt,0
2013-01-14 17:26:00,60.46,62.65,57.1,63.14,64.85,60.39,DCC-NOISE-001003-2013-01-14T00-00-00.txt,0
2013-01-26 09:30:00,59.78,63.77,54.04,62.14,65.13,56.96,DCC-NOISE-001014-2013-01-26T00-00-00.txt,0
2013-12-05 06:27:00,65.65,72.63,55.94,76.13,83.53,61.08,DCC-NOISE-001003-2013-12-05T00-00-00.txt,1
2013-01-08 14:00:00,72.87,74.58,70.18,71.59,73.24,68.97,DCC-NOISE-001003-2013-01-08T00-00-00.txt,1
2013-03-19 12:30:00,65.05,67.7,59.77,68.26,71.05,62.71,DCC-NOISE-001003-2013-03-19T00-00-00.txt,1
2013-12-16 09:20:00,63.37,65.11,61.53,65.13,66.87,62.59,DCC-NOISE-001003-2013-12-16T00-00-00.txt,1
2013-10-08 19:26:00,56.93,60.09,51.95,62.44,67.11,56.86,DCC-NOISE-001003-2013-10-08T00-00-00.txt,0
2013-06-23 15:00:00,60.77,63.53,56.28,63.49,66.34,59.23,DCC-NOISE-001003-2013-06-23T00-00-00.txt,0
2013-05-13 12:40:00,61.05,63.68,56.86,67.43,70.18,60.97,DCC-NOISE-001003-2013-05-13T00-00-00.txt,0
2013-12-03 14:12:00,61.65,63.31,57.94,63.52,65.31,61.01,DCC-NOISE-001003-2013-12-03T00-00-00.txt,0
2013-03-26 12:00:00,63.22,64.95,57.76,65.08,66.98,59.04,DCC-NOISE-001003-2013-03-26T00-00-00.txt,1
2013-10-09 06:41:00,55.72,58.53,51.99,59.84,63.01,55.74,DCC-NOISE-001003-2013-10-09T00-00-00.txt,0
2013-01-25 14:15:00,67.71,71.24,61.85,78.57,85.05,67.59,DCC-NOISE-001014-2013-01-25T00-00-00.txt,1
2013-12-29 18:12:00,62.3,63.03,55.68,67.03,72.45,58.77,DCC-NOISE-001003-2013-12-29T00-02-00.txt,0
2013-03-25 06:50:00,55.9,59.37,51.08,58.65,61.63,54.57,DCC-NOISE-001003-2013-03-25T00-00-00.txt,0
2013-01-24 21:31:00,55.67,59.44,50.05,58.88,62.24,54.17,DCC-NOISE-001014-2013-01-24T00-00-00.txt,0
2013-01-27 19:05:00,61.07,63.65,56.85,63.54,66.02,59.66,DCC-NOISE-001014-2013-01-27T00-00-00.txt,0
2013-04-23 10:45:00,69.07,73.81,54.99,74.52,79.19,58.87,DCC-NOISE-001003-2013-04-23T00-00-00.txt,1
2013-11-06 17:47:00,60.35,65.22,55.3,64.27,68.35,59.7,DCC-NOISE-001003-2013-11-06T00-00-00.txt,0
2013-07-10 23:45:00,50.7,56.12,42.24,54.46,59.4,47.54,DCC-NOISE-001003-2013-07-10T00-00-00.txt,0
2013-05-13 10:55:00,66.39,71.16,60.86,72.65,76.93,66.83,DCC-NOISE-001003-2013-05-13T00-00-00.txt,1
2013-01-11 10:13:00,58.71,62.38,52.62,61.52,64.81,56.38,DCC-NOISE-001003-2013-01-11T00-00-00.txt,0
2013-04-17 16:10:00,60.41,62.92,56.87,69.13,75.22,61.4,DCC-NOISE-001003-2013-04-17T00-00-00.txt,0
2013-06-07 16:40:00,57.06,59.11,53.28,59.64,62.26,55.69,DCC-NOISE-001003-2013-06-07T00-00-00.txt,0
2013-12-26 21:50:00,63.12,65.86,57.15,69.17,73.45,61.72,DCC-NOISE-001003-2013-12-26T00-00-00.txt,1
2013-04-26 23:57:00,53.84,57.67,48.0,56.44,60.0,51.81,DCC-NOISE-001003-2013-04-26T00-00-00.txt,0
2013-04-16 10:25:00,63.43,66.97,57.81,72.95,79.31,63.19,DCC-NOISE-001003-2013-04-16T00-00-00.txt,1
2013-04-28 14:45:00,72.3,74.28,69.33,71.48,73.42,68.69,DCC-NOISE-001003-2013-04-28T00-00-00.txt,1
2013-06-10 17:40:00,55.07,57.74,49.72,59.71,63.05,54.46,DCC-NOISE-001003-2013-06-10T00-00-00.txt,0
2013-09-01 14:50:00,56.64,59.85,50.93,60.11,63.31,54.4,DCC-NOISE-001003-2013-09-01T00-00-00.txt,0
2013-03-21 14:25:00,63.94,66.11,60.09,68.11,69.77,64.8,DCC-NOISE-001003-2013-03-21T00-00-00.txt,1
2013-08-01 22:50:00,53.06,58.0,44.64,55.73,59.4,48.75,DCC-NOISE-001003-2013-08-01T00-00-00.txt,0
2013-09-07 05:30:00,52.28,58.16,45.22,54.08,59.15,49.23,DCC-NOISE-001003-2013-09-07T00-00-00.txt,0
2013-12-07 16:37:00,62.29,64.02,59.35,63.15,64.82,60.36,DCC-NOISE-001003-2013-12-07T00-02-00.txt,0
2013-10-12 04:41:00,49.07,55.53,41.9,50.19,56.7,43.23,DCC-NOISE-001003-2013-10-12T00-00-00.txt,0
2013-04-09 16:05:00,56.7,60.17,51.4,61.03,64.5,54.33,DCC-NOISE-001003-2013-04-09T00-00-00.txt,0
2013-03-08 18:10:00,58.76,61.26,54.83,62.71,64.8,59.17,DCC-NOISE-001003-2013-03-08T00-00-00.txt,0
2013-04-14 14:35:00,63.29,65.98,58.44,72.01,78.55,61.74,DCC-NOISE-001003-2013-04-14T00-00-00.txt,1
2013-05-05 14:55:00,70.27,72.34,67.14,69.02,70.95,66.2,DCC-NOISE-001003-2013-05-05T00-00-00.txt,1
2013-04-18 17:55:00,63.73,68.86,58.37,73.24,80.5,62.9,DCC-NOISE-001003-2013-04-18T00-00-00.txt,1
2013-04-26 14:15:00,60.43,62.71,57.31,64.15,66.42,60.65,DCC-NOISE-001003-2013-04-26T00-00-00.txt,0
2013-09-30 04:52:00,48.86,54.71,42.18,50.84,56.55,45.43,DCC-NOISE-001003-2013-09-30T00-00-00.txt,0
2013-08-12 15:25:00,61.4,64.83,55.1,64.43,67.63,58.46,DCC-NOISE-001003-2013-08-12T00-00-00.txt,0
2013-12-26 23:10:00,63.47,67.42,56.72,73.14,79.28,61.36,DCC-NOISE-001003-2013-12-26T00-00-00.txt,1
2013-04-23 10:40:00,70.8,73.75,65.16,76.1,79.31,70.83,DCC-NOISE-001003-2013-04-23T00-00-00.txt,1
2013-08-18 12:25:00,63.09,66.65,54.58,66.69,70.19,59.1,DCC-NOISE-001003-2013-08-18T00-00-00.txt,1
2013-05-17 05:15:00,67.23,73.4,47.63,66.52,72.11,50.77,DCC-NOISE-001003-2013-05-17T00-00-00.txt,1
2013-06-13 09:00:00,60.21,63.04,56.5,63.66,66.33,60.22,DCC-NOISE-001003-2013-06-13T00-00-00.txt,0
2013-01-30 13:05:00,64.6,66.5,60.38,73.85,80.1,64.84,DCC-NOISE-001014-2013-01-30T00-00-00.txt,1
2013-03-22 13:00:00,64.68,67.57,58.37,66.13,68.76,60.08,DCC-NOISE-001003-2013-03-22T00-00-00.txt,1
2013-03-24 15:20:00,60.61,62.59,56.92,62.79,65.37,59.09,DCC-NOISE-001003-2013-03-24T00-00-00.txt,0
2013-04-22 06:25:00,56.12,59.21,52.69,60.07,63.34,56.27,DCC-NOISE-001003-2013-04-22T00-00-00.txt,0
2013-12-21 21:58:00,59.65,62.39,55.73,62.63,65.64,58.05,DCC-NOISE-001003-2013-12-21T00-03-00.txt,0
2013-04-02 14:00:00,61.65,64.66,56.3,62.48,65.37,58.42,DCC-NOISE-001003-2013-04-02T00-00-00.txt,0
2013-01-28 15:45:00,61.02,63.5,56.69,66.32,70.65,61.07,DCC-NOISE-001014-2013-01-28T00-00-00.txt,0
2013-05-09 18:05:00,60.29,61.96,57.34,64.86,67.06,61.1,DCC-NOISE-001003-2013-05-09T00-00-00.txt,0
2013-12-27 14:37:00,64.34,66.59,60.76,68.81,72.46,63.85,DCC-NOISE-001003-2013-12-27T00-02-00.txt,1
2013-10-05 18:52:00,56.16,59.28,51.65,60.44,64.08,55.23,DCC-NOISE-001003-2013-10-05T00-00-00.txt,0
2013-05-03 09:35:00,71.15,74.03,56.61,70.47,72.97,61.21,DCC-NOISE-001003-2013-05-03T00-00-00.txt,1
2013-12-30 13:40:00,63.49,65.26,60.13,64.9,67.03,61.8,DCC-NOISE-001003-2013-12-30T00-00-00.txt,1
2013-01-18 12:51:00,64.28,65.64,58.49,67.9,71.26,60.83,DCC-NOISE-001003-2013-01-18T00-00-00.txt,1
2013-12-05 09:32:00,66.38,71.22,60.54,75.51,83.29,65.33,DCC-NOISE-001003-2013-12-05T00-00-00.txt,1
2013-03-22 09:20:00,64.61,66.2,57.0,66.62,69.87,60.05,DCC-NOISE-001003-2013-03-22T00-00-00.txt,1
2013-12-20 19:30:00,63.42,65.79,58.18,71.39,76.88,62.44,DCC-NOISE-001003-2013-12-20T00-00-00.txt,1
2013-02-10 14:10:00,62.14,65.74,56.22,64.2,66.87,59.44,DCC-NOISE-001014-2013-02-10T00-00-00.txt,0
2013-02-04 09:15:00,61.3,63.37,57.11,68.02,71.93,61.62,DCC-NOISE-001014-2013-02-04T00-00-00.txt,0
2013-06-27 05:20:00,50.64,53.97,47.56,53.92,57.02,51.11,DCC-NOISE-001003-2013-06-27T00-00-00.txt,0
2013-03-22 07:25:00,61.12,64.02,55.58,66.02,69.35,59.2,DCC-NOISE-001003-2013-03-22T00-00-00.txt,0
2013-12-19 14:43:00,63.49,64.86,61.1,66.18,68.43,63.22,DCC-NOISE-001003-2013-12-19T00-03-00.txt,1
2013-05-18 02:35:00,73.15,82.04,46.62,75.44,84.26,51.52,DCC-NOISE-001003-2013-05-18T00-00-00.txt,1
2013-01-05 16:00:00,63.75,63.78,54.45,65.66,67.69,58.18,DCC-NOISE-001003-2013-01-05T00-00-00.txt,1
2013-06-15 22:00:00,64.85,70.07,53.63,65.06,69.3,56.43,DCC-NOISE-001003-2013-06-15T00-00-00.txt,1
2013-12-05 12:07:00,66.19,70.92,59.89,73.65,79.81,64.19,DCC-NOISE-001003-2013-12-05T00-00-00.txt,1
2013-09-09 15:45:00,56.13,58.79,51.54,60.09,63.13,55.84,DCC-NOISE-001003-2013-09-09T00-00-00.txt,0
2013-01-27 13:35:00,64.58,67.02,60.32,71.55,77.48,64.38,DCC-NOISE-001014-2013-01-27T00-00-00.txt,1
2013-02-09 20:05:00,57.47,62.01,51.44,61.05,64.49,54.88,DCC-NOISE-001014-2013-02-09T00-00-00.txt,0
2013-06-30 09:20:00,54.49,58.81,48.84,58.31,63.08,51.46,DCC-NOISE-001003-2013-06-30T00-00-00.txt,0
2013-08-19 12:40:00,57.39,59.89,53.27,61.66,64.29,57.48,DCC-NOISE-001003-2013-08-19T00-00-00.txt,0
2013-03-17 12:45:00,60.3,63.14,56.02,62.34,65.57,57.51,DCC-NOISE-001003-2013-03-17T00-00-00.txt,0
2013-02-03 12:35:00,63.27,66.07,57.39,64.9,68.0,59.68,DCC-NOISE-001014-2013-02-03T00-00-00.txt,1
2013-06-14 05:10:00,46.74,50.16,42.46,49.37,52.23,46.16,DCC-NOISE-001003-2013-06-14T00-00-00.txt,0
2013-12-10 02:00:00,46.79,54.44,39.26,51.72,58.11,44.25,DCC-NOISE-001003-2013-12-10T00-00-00.txt,0
2013-04-18 14:10:00,64.54,67.07,60.32,72.96,79.16,64.89,DCC-NOISE-001003-2013-04-18T00-00-00.txt,1
2013-03-06 19:40:00,57.81,61.41,52.01,61.26,64.25,56.35,DCC-NOISE-001003-2013-03-06T00-00-00.txt,0
2013-12-04 01:17:00,53.65,59.0,45.2,55.54,59.55,48.98,DCC-NOISE-001003-2013-12-04T00-00-00.txt,0
2013-03-22 10:10:00,64.58,67.69,59.29,72.09,77.3,63.19,DCC-NOISE-001003-2013-03-22T00-00-00.txt,1
2013-03-24 14:35:00,59.5,61.93,53.95,62.93,65.23,57.64,DCC-NOISE-001003-2013-03-24T00-00-00.txt,0
2013-04-13 02:05:00,53.74,58.5,44.81,56.11,60.8,47.81,DCC-NOISE-001003-2013-04-13T00-00-00.txt,0
2013-05-09 08:40:00,63.73,65.64,56.91,68.26,73.47,60.04,DCC-NOISE-001003-2013-05-09T00-00-00.txt,1
2013-03-05 17:05:00,58.18,61.12,52.78,61.92,64.91,56.24,DCC-NOISE-001003-2013-03-05T00-00-00.txt,0
2013-01-25 11:50:00,63.42,65.04,56.98,66.42,68.81,61.09,DCC-NOISE-001014-2013-01-25T00-00-00.txt,1
2013-12-23 23:57:00,63.63,67.53,55.58,72.6,78.37,60.9,DCC-NOISE-001003-2013-12-23T00-02-00.txt,1
2013-07-08 07:25:00,55.66,59.15,49.55,61.35,65.78,54.48,DCC-NOISE-001003-2013-07-08T00-00-00.txt,0
2013-05-18 18:15:00,60.69,63.17,56.39,64.05,67.28,59.24,DCC-NOISE-001003-2013-05-18T00-00-00.txt,0
2013-02-06 01:40:00,50.38,55.73,43.77,54.1,57.98,48.27,DCC-NOISE-001014-2013-02-06T00-00-00.txt,0
2013-01-25 18:20:00,63.07,66.01,58.51,65.09,67.41,61.46,DCC-NOISE-001014-2013-01-25T00-00-00.txt,1
2013-10-31 19:26:00,63.89,69.01,56.87,66.25,71.57,59.38,DCC-NOISE-001003-2013-10-31T00-00-00.txt,1
2013-03-27 12:25:00,63.86,65.56,61.1,64.71,67.02,61.57,DCC-NOISE-001003-2013-03-27T00-00-00.txt,1
2013-06-09 04:00:00,51.87,57.47,41.68,52.68,57.47,44.31,DCC-NOISE-001003-2013-06-09T00-00-00.txt,0
2013-01-08 10:20:00,74.63,76.87,71.43,73.46,75.68,70.42,DCC-NOISE-001003-2013-01-08T00-00-00.txt,1
2013-06-27 15:25:00,58.0,60.62,54.12,61.1,63.88,57.47,DCC-NOISE-001003-2013-06-27T00-00-00.txt,0
2013-10-13 13:51:00,56.68,60.34,48.77,58.98,62.35,52.25,DCC-NOISE-001003-2013-10-13T00-00-00.txt,0
2013-02-02 17:40:00,58.91,61.51,54.57,62.95,65.2,57.96,DCC-NOISE-001014-2013-02-02T00-00-00.txt,0
2013-04-11 23:10:00,55.47,60.48,47.72,57.37,62.03,50.6,DCC-NOISE-001003-2013-04-11T00-00-00.txt,0
2013-10-31 11:41:00,66.9,68.67,63.38,71.36,73.4,67.83,DCC-NOISE-001003-2013-10-31T00-00-00.txt,1
2013-06-08 11:05:00,54.55,57.77,47.86,57.54,61.26,50.99,DCC-NOISE-001003-2013-06-08T00-00-00.txt,0
2013-12-26 20:45:00,71.55,78.38,59.77,79.99,86.22,65.27,DCC-NOISE-001003-2013-12-26T00-00-00.txt,1
2013-04-16 12:15:00,65.32,72.77,57.57,76.29,85.0,62.05,DCC-NOISE-001003-2013-04-16T00-00-00.txt,1
2013-10-10 10:56:00,66.52,76.24,53.61,67.39,76.22,57.43,DCC-NOISE-001003-2013-10-10T00-00-00.txt,1
2013-02-03 12:30:00,61.35,63.87,57.05,64.88,68.11,60.21,DCC-NOISE-001014-2013-02-03T00-00-00.txt,0
2013-10-04 11:17:00,64.15,68.56,60.09,71.73,75.81,66.87,DCC-NOISE-001003-2013-10-04T00-00-00.txt,1
2013-08-18 13:25:00,65.27,71.27,56.88,68.63,73.98,62.07,DCC-NOISE-001003-2013-08-18T00-00-00.txt,1
2013-08-28 21:20:00,55.19,58.22,49.7,59.38,61.98,54.32,DCC-NOISE-001003-2013-08-28T00-00-00.txt,0
2013-04-07 14:55:00,57.02,59.96,51.23,62.08,65.53,56.08,DCC-NOISE-001003-2013-04-07T00-00-00.txt,0
2013-12-20 18:10:00,63.22,65.98,59.4,69.42,74.49,63.15,DCC-NOISE-001003-2013-12-20T00-00-00.txt,1
2013-04-26 07:40:00,60.71,63.28,56.81,64.93,68.21,60.62,DCC-NOISE-001003-2013-04-26T00-00-00.txt,0
2013-05-11 19:40:00,65.16,68.3,56.13,71.15,77.24,59.58,DCC-NOISE-001003-2013-05-11T00-00-00.txt,1
2013-12-24 09:10:00,60.22,62.74,55.84,66.74,71.14,59.89,DCC-NOISE-001003-2013-12-24T00-00-00.txt,0
2013-12-23 08:22:00,63.67,67.3,58.04,72.9,78.48,62.86,DCC-NOISE-001003-2013-12-23T00-02-00.txt,1
2013-09-11 16:10:00,66.24,65.32,55.3,68.07,70.89,59.05,DCC-NOISE-001003-2013-09-11T00-00-00.txt,1
2013-02-08 16:45:00,59.63,62.07,54.88,62.8,65.04,58.76,DCC-NOISE-001014-2013-02-08T00-00-00.txt,0
2013-12-27 06:42:00,64.38,68.83,56.17,72.49,78.37,60.86,DCC-NOISE-001003-2013-12-27T00-02-00.txt,1
2013-01-18 04:26:00,63.37,70.96,48.83,68.77,76.54,54.14,DCC-NOISE-001003-2013-01-18T00-00-00.txt,1
2013-07-18 16:45:00,54.5,57.58,47.9,59.88,63.58,54.04,DCC-NOISE-001003-2013-07-18T00-00-00.txt,0
2013-10-19 15:07:00,58.71,61.47,53.37,62.21,64.46,57.59,DCC-NOISE-001003-2013-10-19T00-00-00.txt,0
2013-04-23 18:00:00,71.8,73.65,69.32,70.62,72.24,68.09,DCC-NOISE-001003-2013-04-23T00-00-00.txt,1
2013-03-20 20:35:00,56.58,60.81,48.13,59.66,63.43,52.36,DCC-NOISE-001003-2013-03-20T00-00-00.txt,0
2013-06-10 19:30:00,60.44,69.03,48.28,63.53,72.24,51.69,DCC-NOISE-001003-2013-06-10T00-00-00.txt,0
2013-04-17 22:00:00,64.11,67.55,57.4,73.1,79.97,62.36,DCC-NOISE-001003-2013-04-17T00-00-00.txt,1
2013-12-23 12:17:00,61.14,63.48,57.88,67.04,70.22,61.6,DCC-NOISE-001003-2013-12-23T00-02-00.txt,0
2013-03-20 11:20:00,67.99,72.81,62.11,70.96,75.03,65.36,DCC-NOISE-001003-2013-03-20T00-00-00.txt,1
2013-04-22 15:30:00,64.92,71.87,56.6,70.71,75.73,62.51,DCC-NOISE-001003-2013-04-22T00-00-00.txt,1
2013-12-23 23:22:00,65.46,69.19,57.85,74.65,80.22,62.93,DCC-NOISE-001003-2013-12-23T00-02-00.txt,1
2013-10-20 19:52:00,57.34,60.44,53.03,60.26,62.83,56.6,DCC-NOISE-001003-2013-10-20T00-00-00.txt,0
2013-04-14 19:10:00,63.64,66.99,58.58,73.79,80.68,63.37,DCC-NOISE-001003-2013-04-14T00-00-00.txt,1
2013-05-04 17:20:00,59.05,61.64,55.14,64.31,69.28,58.79,DCC-NOISE-001003-2013-05-04T00-00-00.txt,0
2013-12-14 12:05:00,66.91,70.66,61.77,76.27,83.14,64.99,DCC-NOISE-001003-2013-12-14T00-00-00.txt,1
2013-02-24 16:20:00,57.47,61.3,50.84,59.52,63.14,53.99,DCC-NOISE-001003-2013-02-24T00-00-00.txt,0
2013-12-23 04:27:00,48.26,54.07,42.57,51.16,55.89,46.58,DCC-NOISE-001003-2013-12-23T00-02-00.txt,0
2013-12-24 16:40:00,61.19,63.41,57.91,63.29,65.02,60.26,DCC-NOISE-001003-2013-12-24T00-00-00.txt,0
2013-04-29 09:10:00,61.28,64.5,57.64,65.71,68.43,62.3,DCC-NOISE-001003-2013-04-29T00-00-00.txt,0
2013-08-28 15:30:00,66.84,70.71,61.71,72.49,75.41,67.14,DCC-NOISE-001003-2013-08-28T00-00-00.txt,1
2013-04-11 13:55:00,58.52,61.32,53.15,62.38,65.0,57.05,DCC-NOISE-001003-2013-04-11T00-00-00.txt,0
2013-03-14 16:40:00,60.37,63.4,55.43,64.7,68.55,59.17,DCC-NOISE-001003-2013-03-14T00-00-00.txt,0
2013-01-07 11:50:00,60.71,63.3,57.24,64.02,66.62,60.78,DCC-NOISE-001003-2013-01-07T00-00-00.txt,0
2013-12-28 23:15:00,63.55,69.49,55.4,66.29,71.19,59.87,DCC-NOISE-001003-2013-12-28T00-00-00.txt,1
2013-03-13 17:00:00,64.59,63.18,55.01,66.01,66.0,58.66,DCC-NOISE-001003-2013-03-13T00-00-00.txt,1
2013-12-27 09:37:00,63.64,66.5,57.04,72.46,78.79,60.69,DCC-NOISE-001003-2013-12-27T00-02-00.txt,1
2013-12-04 15:07:00,60.62,62.41,57.99,63.71,65.61,61.21,DCC-NOISE-001003-2013-12-04T00-00-00.txt,0
2013-11-19 12:16:00,71.5,76.57,58.63,75.17,79.18,63.95,DCC-NOISE-001003-2013-11-19T00-00-00.txt,1
2013-12-14 15:05:00,65.82,68.17,62.76,74.01,79.82,65.51,DCC-NOISE-001003-2013-12-14T00-00-00.txt,1
2013-12-14 15:00:00,64.9,66.36,62.38,70.7,75.42,65.22,DCC-NOISE-001003-2013-12-14T00-00-00.txt,1
2013-12-27 10:07:00,64.22,66.37,60.26,70.69,75.4,62.74,DCC-NOISE-001003-2013-12-27T00-02-00.txt,1
2013-02-03 11:55:00,60.67,63.61,56.36,64.88,68.38,60.12,DCC-NOISE-001014-2013-02-03T00-00-00.txt,0
2013-12-05 08:42:00,67.34,71.47,60.39,76.98,82.78,65.98,DCC-NOISE-001003-2013-12-05T00-00-00.txt,1
2013-02-01 13:15:00,64.32,65.88,58.1,68.47,73.7,62.5,DCC-NOISE-001014-2013-02-01T00-00-00.txt,1
2013-05-04 11:55:00,60.75,62.82,56.3,67.43,72.23,61.42,DCC-NOISE-001003-2013-05-04T00-00-00.txt,0
2013-12-27 15:27:00,64.79,67.17,60.95,70.33,75.77,63.56,DCC-NOISE-001003-2013-12-27T00-02-00.txt,1
2013-08-11 10:55:00,54.45,57.2,50.18,58.32,61.83,53.46,DCC-NOISE-001003-2013-08-11T00-00-00.txt,0
2013-04-16 12:25:00,64.64,68.93,56.96,75.34,82.75,62.84,DCC-NOISE-001003-2013-04-16T00-00-00.txt,1
2013-01-18 06:51:00,63.74,72.11,52.41,69.15,77.19,57.27,DCC-NOISE-001003-2013-01-18T00-00-00.txt,1
2013-01-31 11:25:00,63.41,67.33,55.46,66.6,70.58,59.98,DCC-NOISE-001014-2013-01-31T00-00-00.txt,1
2013-02-13 08:40:00,61.4,64.72,57.05,63.96,66.77,60.85,DCC-NOISE-001014-2013-02-13T00-00-00.txt,0
2013-03-23 16:30:00,64.05,66.24,54.81,64.65,67.18,57.04,DCC-NOISE-001003-2013-03-23T00-00-00.txt,1
2013-07-14 11:35:00,53.96,58.04,47.45,58.82,62.45,52.69,DCC-NOISE-001003-2013-07-14T00-00-00.txt,0
2013-04-03 11:25:00,63.74,66.96,59.08,65.07,67.54,62.03,DCC-NOISE-001003-2013-04-03T00-00-00.txt,1
2013-04-17 22:40:00,63.21,67.53,56.59,73.07,79.3,61.84,DCC-NOISE-001003-2013-04-17T00-00-00.txt,1
2013-12-14 15:25:00,66.17,69.0,62.54,74.19,79.47,65.82,DCC-NOISE-001003-2013-12-14T00-00-00.txt,1
2013-12-30 09:30:00,62.69,64.53,60.1,64.15,66.72,61.01,DCC-NOISE-001003-2013-12-30T00-00-00.txt,0
2013-01-20 07:12:00,49.55,55.94,38.42,50.97,56.52,42.12,DCC-NOISE-001003-2013-01-20T00-00-00.txt,0
2013-01-30 14:20:00,64.16,66.03,58.47,70.67,76.62,63.23,DCC-NOISE-001014-2013-01-30T00-00-00.txt,1
2013-05-13 13:45:00,66.19,70.68,58.72,73.68,80.78,62.2,DCC-NOISE-001003-2013-05-13T00-00-00.txt,1
2013-04-03 13:30:00,62.89,66.59,57.17,64.61,67.16,59.87,DCC-NOISE-001003-2013-04-03T00-00-00.txt,0
2013-07-29 14:20:00,64.1,62.6,52.71,66.28,68.27,57.45,DCC-NOISE-001003-2013-07-29T00-00-00.txt,1
2013-05-29 11:00:00,56.92,60.04,50.95,61.78,65.14,55.85,DCC-NOISE-001003-2013-05-29T00-00-00.txt,0
2013-01-30 16:10:00,63.19,63.48,56.11,65.15,66.73,59.9,DCC-NOISE-001014-2013-01-30T00-00-00.txt,1
2013-08-15 09:25:00,63.35,68.86,55.89,67.91,71.31,59.98,DCC-NOISE-001003-2013-08-15T00-00-00.txt,1
2013-07-23 17:35:00,56.63,59.68,51.85,60.27,63.28,55.08,DCC-NOISE-001003-2013-07-23T00-00-00.txt,0
2013-12-27 03:02:00,64.65,69.85,55.0,74.74,81.7,60.79,DCC-NOISE-001003-2013-12-27T00-02-00.txt,1
2013-01-08 12:35:00,73.44,74.9,71.33,72.15,73.48,70.11,DCC-NOISE-001003-2013-01-08T00-00-00.txt,1
2013-04-23 17:05:00,71.96,73.7,68.92,70.97,72.53,68.33,DCC-NOISE-001003-2013-04-23T00-00-00.txt,1
2013-04-25 15:15:00,72.43,74.48,69.63,71.25,73.06,68.61,DCC-NOISE-001003-2013-04-25T00-15-00.txt,1
2013-12-05 12:12:00,64.91,68.62,59.87,71.92,78.44,64.0,DCC-NOISE-001003-2013-12-05T00-00-00.txt,1
2013-02-25 20:50:00,57.33,61.3,50.99,59.48,63.39,53.41,DCC-NOISE-001003-2013-02-25T00-00-00.txt,0
2013-05-30 09:00:00,63.72,67.71,58.38,69.89,73.01,64.26,DCC-NOISE-001003-2013-05-30T00-00-00.txt,1
2013-11-21 05:46:00,51.91,55.74,47.87,55.8,58.58,51.55,DCC-NOISE-001003-2013-11-21T00-00-00.txt,0
2013-11-02 17:22:00,63.65,66.58,59.26,68.94,73.88,61.6,DCC-NOISE-001003-2013-11-02T00-00-00.txt,1
2013-04-14 00:40:00,56.89,61.16,50.11,64.43,70.61,54.72,DCC-NOISE-001003-2013-04-14T00-00-00.txt,0
2013-04-14 12:15:00,62.81,65.81,58.14,72.18,79.07,62.4,DCC-NOISE-001003-2013-04-14T00-00-00.txt,0
2013-04-14 19:20:00,64.08,67.07,58.47,74.47,81.03,63.62,DCC-NOISE-001003-2013-04-14T00-00-00.txt,1
2013-04-16 11:55:00,68.3,74.23,59.98,79.06,86.95,65.46,DCC-NOISE-001003-2013-04-16T00-00-00.txt,1
2013-03-19 15:25:00,65.63,70.38,59.64,69.41,74.39,62.82,DCC-NOISE-001003-2013-03-19T00-00-00.txt,1
2013-04-23 11:20:00,62.41,65.12,58.63,69.34,72.73,64.86,DCC-NOISE-001003-2013-04-23T00-00-00.txt,0
2013-12-23 14:52:00,63.35,64.65,61.36,65.64,67.6,62.62,DCC-NOISE-001003-2013-12-23T00-02-00.txt,1
2013-05-24 04:55:00,57.37,57.2,45.44,57.52,57.58,49.1,DCC-NOISE-001003-2013-05-24T00-00-00.txt,0
2013-02-08 16:35:00,61.0,63.26,56.89,64.12,66.31,60.41,DCC-NOISE-001014-2013-02-08T00-00-00.txt,0
2013-04-29 08:10:00,60.26,62.53,56.91,65.0,68.38,61.19,DCC-NOISE-001003-2013-04-29T00-00-00.txt,0
2013-12-21 13:28:00,63.59,64.88,61.64,65.1,66.91,62.34,DCC-NOISE-001003-2013-12-21T00-03-00.txt,1
2013-11-27 13:16:00,60.19,62.36,56.56,62.24,64.74,58.75,DCC-NOISE-001003-2013-11-27T00-00-00.txt,0
2013-01-25 19:00:00,64.31,66.73,59.88,66.46,69.79,61.18,DCC-NOISE-001014-2013-01-25T00-00-00.txt,1
2013-02-19 08:05:00,60.98,63.4,56.87,64.54,67.14,60.77,DCC-NOISE-001003-2013-02-19T00-00-00.txt,0
2013-12-20 19:00:00,63.76,66.92,58.84,72.97,78.95,63.48,DCC-NOISE-001003-2013-12-20T00-00-00.txt,1
2013-12-14 11:40:00,68.14,72.01,61.98,77.3,83.73,66.03,DCC-NOISE-001003-2013-12-14T00-00-00.txt,1
2013-10-18 11:57:00,61.51,63.98,58.08,63.3,65.61,59.57,DCC-NOISE-001003-2013-10-18T00-00-00.txt,0
2013-12-15 20:02:00,58.46,62.13,52.06,62.26,65.42,55.93,DCC-NOISE-001003-2013-12-15T00-02-00.txt,0
2013-03-09 14:30:00,61.89,63.92,57.55,63.1,65.32,58.73,DCC-NOISE-001003-2013-03-09T00-00-00.txt,0
2013-11-02 12:32:00,60.36,62.75,56.51,64.24,66.82,59.87,DCC-NOISE-001003-2013-11-02T00-00-00.txt,0
2013-12-27 05:52:00,63.58,67.93,56.04,72.11,78.0,61.73,DCC-NOISE-001003-2013-12-27T00-02-00.txt,1
2013-12-14 13:20:00,65.85,69.1,61.23,73.72,80.22,64.88,DCC-NOISE-001003-2013-12-14T00-00-00.txt,1
2013-12-05 09:27:00,66.2,70.66,61.18,75.91,82.88,65.79,DCC-NOISE-001003-2013-12-05T00-00-00.txt,1
2013-04-17 11:00:00,60.8,64.0,55.71,69.05,75.3,60.8,DCC-NOISE-001003-2013-04-17T00-00-00.txt,0
2013-01-13 16:56:00,59.24,62.01,54.75,61.24,63.75,57.26,DCC-NOISE-001003-2013-01-13T00-00-00.txt,0
2013-03-19 15:30:00,66.3,68.44,60.62,69.83,72.63,64.7,DCC-NOISE-001003-2013-03-19T00-00-00.txt,1
2013-10-06 00:05:00,53.67,57.83,47.72,56.14,59.69,50.78,DCC-NOISE-001003-2013-10-06T00-00-00.txt,0
2013-01-31 19:30:00,63.11,65.53,58.39,71.2,78.38,61.84,DCC-NOISE-001014-2013-01-31T00-00-00.txt,1
2013-12-20 14:30:00,62.02,64.85,57.82,70.16,75.24,62.15,DCC-NOISE-001003-2013-12-20T00-00-00.txt,0
2013-12-21 15:23:00,63.41,65.8,59.84,65.17,67.17,62.4,DCC-NOISE-001003-2013-12-21T00-03-00.txt,1
2013-04-28 14:55:00,69.4,73.71,59.41,69.32,73.22,61.31,DCC-NOISE-001003-2013-04-28T00-00-00.txt,1
2013-12-14 15:30:00,65.94,68.01,61.16,73.75,78.93,64.88,DCC-NOISE-001003-2013-12-14T00-00-00.txt,1
2013-12-05 07:02:00,68.16,73.43,59.62,79.0,85.82,65.91,DCC-NOISE-001003-2013-12-05T00-00-00.txt,1
2013-05-04 11:15:00,61.47,62.12,54.67,66.39,69.4,58.52,DCC-NOISE-001003-2013-05-04T00-00-00.txt,0
2013-09-07 03:45:00,53.18,59.08,44.19,54.76,60.49,47.57,DCC-NOISE-001003-2013-09-07T00-00-00.txt,0
2013-10-31 15:46:00,61.68,63.39,57.76,66.34,71.02,61.59,DCC-NOISE-001003-2013-10-31T00-00-00.txt,0
2013-02-11 12:05:00,59.78,63.09,52.99,63.91,67.14,57.22,DCC-NOISE-001014-2013-02-11T00-00-00.txt,0
2013-12-10 14:30:00,62.99,64.2,60.74,65.65,68.62,61.92,DCC-NOISE-001003-2013-12-10T00-00-00.txt,0
2013-03-23 16:55:00,61.0,64.34,54.78,62.83,66.1,56.6,DCC-NOISE-001003-2013-03-23T00-00-00.txt,0
2013-10-11 01:31:00,52.12,57.5,43.52,54.18,59.16,47.01,DCC-NOISE-001003-2013-10-11T00-00-00.txt,0
2013-07-10 17:00:00,54.61,58.04,47.05,58.88,61.51,52.48,DCC-NOISE-001003-2013-07-10T00-00-00.txt,0
2013-05-20 10:40:00,64.37,67.77,58.87,70.11,73.69,64.33,DCC-NOISE-001003-2013-05-20T00-00-00.txt,1
2013-08-29 10:10:00,65.9,68.93,56.37,69.73,72.05,63.35,DCC-NOISE-001003-2013-08-29T00-00-00.txt,1
2013-12-27 13:57:00,63.57,65.33,60.86,66.07,68.42,62.87,DCC-NOISE-001003-2013-12-27T00-02-00.txt,1
2013-06-29 23:20:00,54.43,57.68,48.73,56.82,59.8,51.43,DCC-NOISE-001003-2013-06-29T00-00-00.txt,0
2013-12-20 08:45:00,59.97,62.03,57.13,64.2,66.2,61.22,DCC-NOISE-001003-2013-12-20T00-00-00.txt,0
2013-01-31 14:25:00,63.22,64.74,59.5,70.65,76.48,62.66,DCC-NOISE-001014-2013-01-31T00-00-00.txt,1
2013-12-23 10:07:00,63.42,66.3,58.98,70.21,75.07,64.21,DCC-NOISE-001003-2013-12-23T00-02-00.txt,1
2013-06-25 05:45:00,52.65,58.42,44.86,54.72,59.32,49.02,DCC-NOISE-001003-2013-06-25T00-00-00.txt,0
2013-12-05 07:37:00,66.51,71.39,59.34,76.1,82.75,65.1,DCC-NOISE-001003-2013-12-05T00-00-00.txt,1
2013-12-27 17:22:00,65.86,69.87,58.3,70.58,74.7,62.3,DCC-NOISE-001003-2013-12-27T00-02-00.txt,1
2013-12-18 15:50:00,63.47,66.57,59.66,71.72,77.05,63.64,DCC-NOISE-001003-2013-12-18T00-00-00.txt,1
2013-02-04 14:15:00,63.85,64.29,58.53,70.91,76.79,62.66,DCC-NOISE-001014-2013-02-04T00-00-00.txt,1
2013-02-04 19:05:00,63.34,66.22,59.14,72.68,79.38,63.74,DCC-NOISE-001014-2013-02-04T00-00-00.txt,1
2013-08-02 11:05:00,66.91,71.66,60.99,73.17,77.38,67.51,DCC-NOISE-001003-2013-08-02T00-00-00.txt,1
2013-09-17 17:50:00,58.36,62.2,51.85,60.84,64.12,55.8,DCC-NOISE-001003-2013-09-17T00-00-00.txt,0
2013-05-28 11:35:00,63.71,71.13,55.05,65.21,71.78,58.41,DCC-NOISE-001003-2013-05-28T00-00-00.txt,1
2013-12-27 04:22:00,63.2,67.07,56.07,72.52,79.09,61.0,DCC-NOISE-001003-2013-12-27T00-02-00.txt,1
2013-04-19 16:20:00,55.25,58.95,46.37,60.94,64.91,53.44,DCC-NOISE-001003-2013-04-19T00-00-00.txt,0
2013-12-03 13:52:00,63.08,64.75,59.84,64.28,66.01,61.49,DCC-NOISE-001003-2013-12-03T00-00-00.txt,1
2013-12-31 16:12:00,60.31,63.21,56.11,63.6,66.96,59.4,DCC-NOISE-001003-2013-12-31T00-02-00.txt,0
2013-12-01 14:27:00,61.11,62.96,58.5,61.88,63.98,58.69,DCC-NOISE-001003-2013-12-01T00-00-00.txt,0
2013-03-22 12:55:00,63.08,65.55,58.12,65.14,67.53,60.11,DCC-NOISE-001003-2013-03-22T00-00-00.txt,1
2013-08-18 13:50:00,77.25,85.06,60.52,81.91,89.27,63.58,DCC-NOISE-001003-2013-08-18T00-00-00.txt,1
2013-05-09 09:20:00,60.85,63.06,56.47,67.78,73.05,61.39,DCC-NOISE-001003-2013-05-09T00-00-00.txt,0
2013-02-10 15:40:00,63.5,65.88,57.38,64.68,67.08,58.5,DCC-NOISE-001014-2013-02-10T00-00-00.txt,1
2013-08-29 11:00:00,68.9,72.66,62.79,74.38,77.73,68.22,DCC-NOISE-001003-2013-08-29T00-00-00.txt,1
2013-01-16 18:46:00,59.33,62.78,52.99,61.66,65.17,56.47,DCC-NOISE-001003-2013-01-16T00-00-00.txt,0
2013-12-10 12:40:00,61.0,63.2,57.28,63.49,65.88,59.32,DCC-NOISE-001003-2013-12-10T00-00-00.txt,0
2013-07-19 03:35:00,43.76,51.9,36.0,47.47,54.91,41.19,DCC-NOISE-001003-2013-07-19T00-00-00.txt,0
2013-11-19 14:26:00,66.06,70.49,55.26,68.53,72.67,59.13,DCC-NOISE-001003-2013-11-19T00-00-00.txt,1
2013-01-18 08:36:00,60.72,64.2,55.85,64.46,67.77,59.99,DCC-NOISE-001003-2013-01-18T00-00-00.txt,0
2013-05-09 17:40:00,63.09,64.97,58.82,68.89,74.4,62.71,DCC-NOISE-001003-2013-05-09T00-00-00.txt,1
2013-11-30 15:27:00,60.56,62.81,57.16,62.52,64.33,59.62,DCC-NOISE-001003-2013-11-30T00-00-00.txt,0
2013-08-29 11:25:00,65.08,67.68,61.02,70.95,72.93,67.61,DCC-NOISE-001003-2013-08-29T00-00-00.txt,1
2013-10-10 02:06:00,47.99,52.96,42.69,50.43,54.06,46.68,DCC-NOISE-001003-2013-10-10T00-00-00.txt,0
2013-11-30 10:12:00,59.88,63.0,55.73,62.34,64.89,58.42,DCC-NOISE-001003-2013-11-30T00-00-00.txt,0
2013-03-22 14:50:00,64.15,67.11,59.76,67.51,70.08,62.76,DCC-NOISE-001003-2013-03-22T00-00-00.txt,1
2013-12-27 06:17:00,63.29,66.37,58.71,70.91,74.93,63.56,DCC-NOISE-001003-2013-12-27T00-02-00.txt,1
2013-12-27 13:47:00,63.94,65.92,60.48,68.95,73.38,62.43,DCC-NOISE-001003-2013-12-27T00-02-00.txt,1
2013-01-08 10:15:00,71.11,76.28,56.01,70.93,74.98,60.1,DCC-NOISE-001003-2013-01-08T00-00-00.txt,1
2013-03-21 22:40:00,60.51,64.47,54.83,63.69,66.99,58.46,DCC-NOISE-001003-2013-03-21T00-00-00.txt,0
2013-02-19 12:00:00,69.06,70.7,66.59,68.69,70.2,65.91,DCC-NOISE-001003-2013-02-19T00-00-00.txt,1
2013-06-17 08:25:00,60.29,63.99,53.63,62.68,66.26,56.88,DCC-NOISE-001003-2013-06-17T00-00-00.txt,0
2013-01-28 14:05:00,61.27,63.6,56.76,67.92,71.67,61.31,DCC-NOISE-001014-2013-01-28T00-00-00.txt,0
2013-11-16 09:22:00,58.16,60.95,54.55,60.96,63.42,57.17,DCC-NOISE-001003-2013-11-16T00-00-00.txt,0
2013-08-18 13:30:00,66.32,72.57,57.4,69.29,75.45,61.22,DCC-NOISE-001003-2013-08-18T00-00-00.txt,1
2013-02-14 11:45:00,63.73,66.07,55.94,67.75,73.85,59.84,DCC-NOISE-001014-2013-02-14T00-00-00.txt,1
2013-12-15 13:52:00,61.76,63.63,58.32,67.14,70.55,61.51,DCC-NOISE-001003-2013-12-15T00-02-00.txt,0
2013-03-07 05:00:00,52.0,58.02,41.34,53.28,58.87,44.2,DCC-NOISE-001003-2013-03-07T00-00-00.txt,0
2013-12-19 18:03:00,60.78,63.68,56.23,64.24,66.46,59.89,DCC-NOISE-001003-2013-12-19T00-03-00.txt,0
2013-03-21 14:50:00,62.14,64.35,57.53,66.34,68.85,61.07,DCC-NOISE-001003-2013-03-21T00-00-00.txt,0
2013-03-15 12:20:00,63.21,65.61,56.57,67.31,69.35,59.88,DCC-NOISE-001003-2013-03-15T00-00-00.txt,1
2013-01-31 11:05:00,64.26,66.57,56.94,66.61,69.65,60.97,DCC-NOISE-001014-2013-01-31T00-00-00.txt,1
2013-12-05 10:17:00,67.42,73.21,60.03,78.04,85.23,65.1,DCC-NOISE-001003-2013-12-05T00-00-00.txt,1
2013-04-18 15:45:00,65.16,70.78,58.06,75.85,83.31,64.52,DCC-NOISE-001003-2013-04-18T00-00-00.txt,1
2013-03-30 10:30:00,60.71,63.32,55.67,62.85,65.56,57.88,DCC-NOISE-001003-2013-03-30T00-00-00.txt,0
2013-07-03 06:20:00,53.75,56.97,50.05,58.41,62.28,53.43,DCC-NOISE-001003-2013-07-03T00-00-00.txt,0
2013-08-15 08:50:00,64.73,68.59,55.3,69.56,72.37,64.7,DCC-NOISE-001003-2013-08-15T00-00-00.txt,1
2013-05-13 10:00:00,63.62,66.06,59.92,69.33,71.9,65.25,DCC-NOISE-001003-2013-05-13T00-00-00.txt,1
2013-04-18 01:20:00,64.23,67.83,57.54,72.39,76.89,62.66,DCC-NOISE-001003-2013-04-18T00-00-00.txt,1
2013-11-16 21:42:00,56.81,59.89,52.11,60.12,63.55,55.69,DCC-NOISE-001003-2013-11-16T00-00-00.txt,0
2013-01-23 16:20:00,59.59,62.88,54.7,63.94,67.47,58.45,DCC-NOISE-001014-2013-01-23T12-25-00.txt,0
2013-04-29 11:30:00,66.12,69.49,59.93,71.77,77.85,65.33,DCC-NOISE-001003-2013-04-29T00-00-00.txt,1
2013-12-27 07:12:00,60.91,64.04,55.47,70.43,76.5,60.88,DCC-NOISE-001003-2013-12-27T00-02-00.txt,0
2013-10-31 15:36:00,63.16,66.03,59.81,70.79,74.83,66.23,DCC-NOISE-001003-2013-10-31T00-00-00.txt,1
2013-02-06 10:45:00,69.25,71.28,66.46,68.67,70.37,66.15,DCC-NOISE-001014-2013-02-06T00-00-00.txt,1
2013-12-27 15:42:00,63.14,65.35,59.48,68.0,71.95,61.84,DCC-NOISE-001003-2013-12-27T00-02-00.txt,1
2013-12-13 10:07:00,60.93,63.53,56.54,65.19,69.25,59.43,DCC-NOISE-001003-2013-12-13T00-02-00.txt,0
2013-12-27 13:22:00,64.35,66.36,60.58,69.93,74.71,63.88,DCC-NOISE-001003-2013-12-27T00-02-00.txt,1
2013-12-22 19:40:00,59.6,62.27,55.72,61.49,63.7,58.24,DCC-NOISE-001003-2013-12-22T00-00-00.txt,0
2013-12-20 18:35:00,63.42,66.3,59.51,70.3,75.79,63.28,DCC-NOISE-001003-2013-12-20T00-00-00.txt,1
2013-03-20 12:40:00,65.79,72.28,54.43,70.24,76.74,59.56,DCC-NOISE-001003-2013-03-20T00-00-00.txt,1
2013-03-11 16:10:00,64.36,64.69,58.94,65.62,67.03,60.08,DCC-NOISE-001003-2013-03-11T00-00-00.txt,1
2013-01-18 13:06:00,61.77,64.77,56.3,64.43,67.07,59.57,DCC-NOISE-001003-2013-01-18T00-00-00.txt,0
2013-01-23 18:05:00,58.57,61.4,53.04,62.45,65.19,58.11,DCC-NOISE-001014-2013-01-23T12-25-00.txt,0
2013-05-09 02:45:00,51.51,56.7,44.41,59.61,65.32,48.99,DCC-NOISE-001003-2013-05-09T00-00-00.txt,0
2013-07-15 20:30:00,54.02,58.77,45.38,58.06,63.39,50.3,DCC-NOISE-001003-2013-07-15T00-00-00.txt,0
2013-12-20 17:20:00,63.66,66.67,59.45,72.39,77.6,63.99,DCC-NOISE-001003-2013-12-20T00-00-00.txt,1
2013-02-02 15:55:00,58.19,61.61,52.67,62.03,66.77,56.41,DCC-NOISE-001014-2013-02-02T00-00-00.txt,0
2013-12-18 16:45:00,68.47,73.08,61.47,74.46,79.76,65.85,DCC-NOISE-001003-2013-12-18T00-00-00.txt,1
2013-02-10 18:35:00,60.52,63.62,56.11,63.26,65.84,59.07,DCC-NOISE-001014-2013-02-10T00-00-00.txt,0
2013-12-14 13:10:00,68.74,73.24,63.41,78.36,84.94,66.38,DCC-NOISE-001003-2013-12-14T00-00-00.txt,1
2013-10-30 09:56:00,59.03,61.46,55.73,62.58,64.98,59.64,DCC-NOISE-001003-2013-10-30T00-00-00.txt,0
2013-04-12 09:30:00,60.31,63.18,55.56,62.64,65.57,58.28,DCC-NOISE-001003-2013-04-12T00-00-00.txt,0
2013-12-19 10:48:00,60.45,63.12,56.56,64.66,67.44,60.13,DCC-NOISE-001003-2013-12-19T00-03-00.txt,0
2013-04-18 13:40:00,64.65,69.63,58.72,74.72,81.26,64.13,DCC-NOISE-001003-2013-04-18T00-00-00.txt,1
2013-02-03 15:55:00,60.48,62.72,56.07,67.45,72.44,59.07,DCC-NOISE-001014-2013-02-03T00-00-00.txt,0
2013-03-21 12:25:00,66.69,68.36,63.31,70.19,71.94,66.68,DCC-NOISE-001003-2013-03-21T00-00-00.txt,1
2013-11-11 10:31:00,59.57,61.97,55.8,62.9,65.51,58.9,DCC-NOISE-001003-2013-11-11T00-00-00.txt,0
2013-08-10 15:15:00,54.67,58.27,49.48,59.16,62.4,53.77,DCC-NOISE-001003-2013-08-10T00-00-00.txt,0
2013-12-27 04:27:00,63.65,67.64,57.19,72.03,77.49,62.53,DCC-NOISE-001003-2013-12-27T00-02-00.txt,1
2013-12-20 18:55:00,63.28,65.43,59.95,69.23,74.1,63.61,DCC-NOISE-001003-2013-12-20T00-00-00.txt,1
2013-12-06 09:11:00,65.21,68.66,60.07,67.92,70.7,63.23,DCC-NOISE-001003-2013-12-06T00-00-00.txt,1
2013-10-31 13:26:00,59.46,61.57,56.48,64.21,68.09,60.31,DCC-NOISE-001003-2013-10-31T00-00-00.txt,0
2013-03-14 14:05:00,60.85,63.36,57.35,64.31,66.62,60.76,DCC-NOISE-001003-2013-03-14T00-00-00.txt,0
2013-01-25 20:30:00,60.84,63.51,55.94,63.11,65.44,59.06,DCC-NOISE-001014-2013-01-25T00-00-00.txt,0
2013-01-17 20:21:00,63.64,69.29,54.42,68.38,75.12,58.18,DCC-NOISE-001003-2013-01-17T00-00-00.txt,1
2013-11-20 18:26:00,60.21,62.26,55.88,64.79,68.15,59.7,DCC-NOISE-001003-2013-11-20T00-00-00.txt,0
2013-02-05 17:50:00,60.76,62.53,58.16,63.87,65.5,61.29,DCC-NOISE-001014-2013-02-05T00-00-00.txt,0
2013-04-11 18:15:00,64.13,67.11,57.07,65.48,68.09,58.58,DCC-NOISE-001003-2013-04-11T00-00-00.txt,1
2013-05-24 23:15:00,53.19,56.86,47.08,55.78,59.12,50.46,DCC-NOISE-001003-2013-05-24T00-00-00.txt,0
2013-03-27 14:05:00,64.95,68.55,56.02,65.35,67.93,58.92,DCC-NOISE-001003-2013-03-27T00-00-00.txt,1
2013-05-13 09:10:00,65.16,67.63,60.87,70.34,73.98,65.58,DCC-NOISE-001003-2013-05-13T00-00-00.txt,1
2013-01-31 19:25:00,63.28,64.79,60.85,67.28,70.17,63.07,DCC-NOISE-001014-2013-01-31T00-00-00.txt,1
2013-09-04 04:35:00,47.19,51.78,42.54,50.19,54.16,46.86,DCC-NOISE-001003-2013-09-04T00-00-00.txt,0
2013-12-14 15:10:00,66.68,70.03,62.73,75.41,82.51,65.69,DCC-NOISE-001003-2013-12-14T00-00-00.txt,1
2013-01-30 10:30:00,67.01,73.37,58.43,76.44,82.53,63.62,DCC-NOISE-001014-2013-01-30T00-00-00.txt,1
2013-08-18 14:35:00,68.94,75.17,61.18,71.0,76.55,63.71,DCC-NOISE-001003-2013-08-18T00-00-00.txt,1
2013-10-31 12:01:00,70.15,74.11,59.44,72.36,75.58,63.95,DCC-NOISE-001003-2013-10-31T00-00-00.txt,1
2013-03-01 16:15:00,58.09,61.06,51.92,62.06,64.93,56.68,DCC-NOISE-001003-2013-03-01T11-05-00.txt,0
2013-10-04 10:57:00,65.11,72.26,57.61,72.19,78.4,65.74,DCC-NOISE-001003-2013-10-04T00-00-00.txt,1
2013-01-25 14:45:00,67.26,72.54,58.6,77.94,85.76,63.99,DCC-NOISE-001014-2013-01-25T00-00-00.txt,1
2013-05-08 17:15:00,61.58,64.23,56.14,65.21,68.2,59.05,DCC-NOISE-001003-2013-05-08T00-00-00.txt,0
2013-07-04 18:00:00,57.03,59.21,54.03,60.9,63.31,57.78,DCC-NOISE-001003-2013-07-04T00-00-00.txt,0
2013-10-12 20:21:00,55.64,59.56,48.67,58.19,61.88,51.96,DCC-NOISE-001003-2013-10-12T00-00-00.txt,0
2013-02-01 12:10:00,64.05,66.79,57.45,68.39,72.2,62.27,DCC-NOISE-001014-2013-02-01T00-00-00.txt,1
2013-02-26 11:00:00,74.15,79.81,64.04,79.77,85.44,69.07,DCC-NOISE-001003-2013-02-26T00-00-00.txt,1
2013-12-22 15:30:00,63.62,65.61,59.95,65.03,66.82,62.38,DCC-NOISE-001003-2013-12-22T00-00-00.txt,1
2013-03-16 21:00:00,58.72,61.62,53.6,61.59,64.08,56.49,DCC-NOISE-001003-2013-03-16T00-00-00.txt,0
2013-08-18 17:15:00,89.16,93.62,76.1,92.05,96.57,82.87,DCC-NOISE-001003-2013-08-18T00-00-00.txt,1
2013-04-25 15:20:00,71.82,73.58,69.16,70.87,72.58,68.47,DCC-NOISE-001003-2013-04-25T00-15-00.txt,1
2013-11-03 09:37:00,57.84,61.64,52.32,60.54,63.73,55.74,DCC-NOISE-001003-2013-11-03T00-00-00.txt,0
2013-10-26 10:41:00,56.03,58.84,52.51,59.57,62.35,56.35,DCC-NOISE-001003-2013-10-26T00-00-00.txt,0
2013-03-26 12:40:00,60.03,62.17,55.96,63.02,65.8,58.51,DCC-NOISE-001003-2013-03-26T00-00-00.txt,0
2013-01-09 05:15:00,50.21,54.44,46.24,54.1,56.18,51.23,DCC-NOISE-001003-2013-01-09T00-00-00.txt,0
2013-12-24 12:55:00,63.63,66.21,59.94,71.06,75.87,64.45,DCC-NOISE-001003-2013-12-24T00-00-00.txt,1
2013-05-28 11:20:00,65.91,68.46,55.75,67.27,69.71,58.56,DCC-NOISE-001003-2013-05-28T00-00-00.txt,1
2013-12-07 11:37:00,62.03,64.22,58.75,63.33,65.66,59.72,DCC-NOISE-001003-2013-12-07T00-02-00.txt,0
2013-12-30 08:25:00,61.1,64.86,54.53,63.69,68.0,57.25,DCC-NOISE-001003-2013-12-30T00-00-00.txt,0
2013-12-02 19:47:00,57.97,61.02,52.05,60.8,63.52,56.13,DCC-NOISE-001003-2013-12-02T00-00-00.txt,0
2013-11-09 19:11:00,58.22,60.67,55.04,60.89,62.95,57.98,DCC-NOISE-001003-2013-11-09T00-00-00.txt,0
2013-01-19 18:31:00,57.67,61.38,50.98,59.83,62.64,54.09,DCC-NOISE-001003-2013-01-19T00-00-00.txt,0
2013-12-05 07:42:00,66.51,70.52,60.1,76.18,82.23,64.49,DCC-NOISE-001003-2013-12-05T00-00-00.txt,1
2013-03-21 20:15:00,61.75,64.82,56.38,65.16,68.13,60.5,DCC-NOISE-001003-2013-03-21T00-00-00.txt,0
2013-01-08 09:30:00,60.44,63.29,56.27,63.24,65.89,59.43,DCC-NOISE-001003-2013-01-08T00-00-00.txt,0
2013-08-19 10:00:00,61.85,68.1,54.02,64.63,69.67,58.86,DCC-NOISE-001003-2013-08-19T00-00-00.txt,0
2013-12-21 17:18:00,66.09,68.96,57.53,66.58,68.98,60.37,DCC-NOISE-001003-2013-12-21T00-03-00.txt,1
2013-12-27 15:07:00,66.24,69.07,61.2,72.78,78.3,63.55,DCC-NOISE-001003-2013-12-27T00-02-00.txt,1
2013-09-10 11:05:00,56.62,59.68,52.15,60.42,63.32,56.16,DCC-NOISE-001003-2013-09-10T00-00-00.txt,0
2013-05-08 07:55:00,58.64,61.82,53.75,62.29,65.8,57.65,DCC-NOISE-001003-2013-05-08T00-00-00.txt,0
2013-02-16 18:15:00,61.88,68.57,51.74,62.86,67.66,56.14,DCC-NOISE-001014-2013-02-16T00-00-00.txt,0
2013-05-13 17:40:00,64.06,67.47,59.66,65.86,69.57,61.81,DCC-NOISE-001003-2013-05-13T00-00-00.txt,1
2013-04-18 13:25:00,65.94,71.34,58.95,76.57,83.55,64.81,DCC-NOISE-001003-2013-04-18T00-00-00.txt,1
2013-12-14 11:05:00,65.16,68.26,60.34,73.76,79.84,65.05,DCC-NOISE-001003-2013-12-14T00-00-00.txt,1
2013-12-10 14:40:00,61.68,63.75,58.77,63.4,65.53,60.67,DCC-NOISE-001003-2013-12-10T00-00-00.txt,0
2013-05-13 09:40:00,74.99,81.6,64.29,80.42,86.51,70.45,DCC-NOISE-001003-2013-05-13T00-00-00.txt,1
2013-03-17 11:10:00,61.12,63.73,57.04,63.49,67.42,58.55,DCC-NOISE-001003-2013-03-17T00-00-00.txt,0
2013-02-08 09:10:00,60.94,63.08,58.22,65.4,67.46,62.72,DCC-NOISE-001014-2013-02-08T00-00-00.txt,0
2013-12-07 14:17:00,62.62,64.27,58.26,63.58,65.0,60.87,DCC-NOISE-001003-2013-12-07T00-02-00.txt,0
2013-11-30 06:32:00,54.67,58.77,50.75,57.15,60.37,54.2,DCC-NOISE-001003-2013-11-30T00-00-00.txt,0
2013-05-21 10:55:00,63.19,67.11,55.22,67.82,72.24,59.13,DCC-NOISE-001003-2013-05-21T00-00-00.txt,1
2013-01-25 18:05:00,63.32,65.76,58.08,64.89,66.82,60.49,DCC-NOISE-001014-2013-01-25T00-00-00.txt,1
2013-04-09 11:50:00,65.44,69.28,59.55,71.97,76.11,66.64,DCC-NOISE-001003-2013-04-09T00-00-00.txt,1
2013-01-28 12:50:00,68.62,72.05,61.38,81.54,87.39,67.98,DCC-NOISE-001014-2013-01-28T00-00-00.txt,1
2013-01-16 13:31:00,60.32,63.27,55.84,62.43,65.4,57.38,DCC-NOISE-001003-2013-01-16T00-00-00.txt,0
2013-09-01 14:00:00,58.08,60.56,54.6,61.16,63.68,57.16,DCC-NOISE-001003-2013-09-01T00-00-00.txt,0
2013-05-20 03:25:00,46.24,51.36,40.07,49.36,53.7,44.29,DCC-NOISE-001003-2013-05-20T00-00-00.txt,0
2013-11-26 14:21:00,67.11,71.89,61.04,73.21,77.87,66.77,DCC-NOISE-001003-2013-11-26T00-00-00.txt,1
2013-12-20 18:05:00,63.93,66.75,57.72,70.16,75.52,62.26,DCC-NOISE-001003-2013-12-20T00-00-00.txt,1
2013-04-11 12:55:00,60.26,63.2,55.82,62.17,64.82,57.85,DCC-NOISE-001003-2013-04-11T00-00-00.txt,0
2013-12-31 13:57:00,64.04,66.45,60.87,66.51,69.21,63.03,DCC-NOISE-001003-2013-12-31T00-02-00.txt,1
2013-04-18 01:55:00,63.63,67.97,56.73,72.99,78.13,62.07,DCC-NOISE-001003-2013-04-18T00-00-00.txt,1
2013-02-07 14:55:00,63.2,65.86,59.18,66.44,68.96,62.92,DCC-NOISE-001014-2013-02-07T00-00-00.txt,1
2013-09-19 08:55:00,60.93,62.62,58.64,64.36,66.3,61.75,DCC-NOISE-001003-2013-09-19T00-00-00.txt,0
2013-12-26 21:30:00,64.16,67.76,56.01,73.09,80.02,62.46,DCC-NOISE-001003-2013-12-26T00-00-00.txt,1
2013-01-30 12:40:00,68.06,71.66,61.88,79.42,86.01,66.49,DCC-NOISE-001014-2013-01-30T00-00-00.txt,1
2013-04-21 06:30:00,54.71,59.49,46.76,59.65,66.32,50.08,DCC-NOISE-001003-2013-04-21T00-00-00.txt,0
2013-02-05 18:35:00,61.27,63.53,58.34,65.13,67.21,62.3,DCC-NOISE-001014-2013-02-05T00-00-00.txt,0
2013-12-31 13:07:00,63.37,65.04,60.62,68.97,74.1,63.21,DCC-NOISE-001003-2013-12-31T00-02-00.txt,1
2013-09-19 14:25:00,58.18,60.47,54.82,62.47,64.51,59.2,DCC-NOISE-001003-2013-09-19T00-00-00.txt,0
2013-03-09 17:45:00,60.57,63.73,54.75,63.09,65.43,58.18,DCC-NOISE-001003-2013-03-09T00-00-00.txt,0
2013-12-15 15:07:00,65.14,66.62,62.89,65.77,67.4,63.15,DCC-NOISE-001003-2013-12-15T00-02-00.txt,1
2013-07-18 21:15:00,54.2,58.31,47.53,58.06,61.03,52.62,DCC-NOISE-001003-2013-07-18T00-00-00.txt,0
2013-05-05 15:05:00,68.44,71.65,52.08,67.68,70.44,56.57,DCC-NOISE-001003-2013-05-05T00-00-00.txt,1
2013-03-28 11:15:00,63.61,65.45,59.93,65.55,70.04,60.56,DCC-NOISE-001003-2013-03-28T00-00-00.txt,1
2013-05-10 16:45:00,63.27,64.99,57.26,68.67,74.61,62.49,DCC-NOISE-001003-2013-05-10T00-00-00.txt,1
2013-03-22 02:25:00,64.18,68.34,56.1,74.79,80.72,63.9,DCC-NOISE-001003-2013-03-22T00-00-00.txt,1
2013-11-10 19:21:00,60.22,62.96,55.64,61.77,64.28,57.12,DCC-NOISE-001003-2013-11-10T00-00-00.txt,0
2013-03-22 18:35:00,60.94,63.54,57.14,65.4,67.66,61.18,DCC-NOISE-001003-2013-03-22T00-00-00.txt,0
2013-12-30 14:55:00,63.03,64.68,59.63,63.85,65.48,60.66,DCC-NOISE-001003-2013-12-30T00-00-00.txt,0
2013-03-11 12:00:00,61.2,63.3,57.95,63.77,66.0,60.16,DCC-NOISE-001003-2013-03-11T00-00-00.txt,0
2013-11-19 10:51:00,60.29,63.51,55.43,64.06,66.77,59.69,DCC-NOISE-001003-2013-11-19T00-00-00.txt,0
2013-10-31 14:21:00,66.98,70.65,62.57,74.52,77.21,69.08,DCC-NOISE-001003-2013-10-31T00-00-00.txt,1
2013-10-31 18:11:00,65.3,70.55,57.93,67.22,71.46,60.68,DCC-NOISE-001003-2013-10-31T00-00-00.txt,1
2013-02-01 07:35:00,61.67,64.57,56.99,65.41,68.57,60.62,DCC-NOISE-001014-2013-02-01T00-00-00.txt,0
2013-12-27 15:12:00,64.5,66.92,60.4,70.55,75.6,63.36,DCC-NOISE-001003-2013-12-27T00-02-00.txt,1
2013-12-26 19:40:00,63.68,68.21,57.28,71.33,76.75,63.32,DCC-NOISE-001003-2013-12-26T00-00-00.txt,1
2013-09-20 22:05:00,55.48,59.31,48.39,59.1,62.9,52.26,DCC-NOISE-001003-2013-09-20T00-00-00.txt,0
2013-12-27 06:47:00,64.07,68.43,57.29,72.71,79.85,62.47,DCC-NOISE-001003-2013-12-27T00-02-00.txt,1
2013-12-14 13:45:00,67.96,71.66,63.95,76.45,83.01,66.85,DCC-NOISE-001003-2013-12-14T00-00-00.txt,1
2013-08-15 10:30:00,55.67,58.52,51.27,59.73,62.44,55.74,DCC-NOISE-001003-2013-08-15T00-00-00.txt,0
2013-02-08 13:50:00,58.79,61.79,54.49,62.78,64.99,59.65,DCC-NOISE-001014-2013-02-08T00-00-00.txt,0
2013-08-07 10:15:00,54.33,58.31,48.13,60.03,64.29,54.33,DCC-NOISE-001003-2013-08-07T00-00-00.txt,0
2013-08-15 06:50:00,57.01,60.74,53.03,60.35,63.06,56.96,DCC-NOISE-001003-2013-08-15T00-00-00.txt,0
2013-10-16 11:47:00,63.08,65.79,58.44,63.71,66.23,59.44,DCC-NOISE-001003-2013-10-16T00-00-00.txt,1
2013-09-02 12:00:00,60.17,64.29,54.1,63.96,67.01,59.13,DCC-NOISE-001003-2013-09-02T00-00-00.txt,0
2013-09-19 09:10:00,60.46,62.55,56.98,64.1,65.9,60.18,DCC-NOISE-001003-2013-09-19T00-00-00.txt,0
2013-04-14 10:50:00,63.27,67.41,56.29,73.71,80.7,61.12,DCC-NOISE-001003-2013-04-14T00-00-00.txt,1
2013-08-12 09:10:00,73.1,80.16,62.77,78.79,85.64,69.25,DCC-NOISE-001003-2013-08-12T00-00-00.txt,1
2013-01-30 11:45:00,69.42,72.9,62.79,80.24,87.3,67.87,DCC-NOISE-001014-2013-01-30T00-00-00.txt,1
2013-05-04 22:15:00,55.53,58.82,51.39,58.52,61.36,54.39,DCC-NOISE-001003-2013-05-04T00-00-00.txt,0
2013-12-20 13:20:00,64.51,66.26,62.08,69.28,73.99,63.78,DCC-NOISE-001003-2013-12-20T00-00-00.txt,1
2013-03-22 10:20:00,64.16,66.38,59.48,71.51,76.58,63.53,DCC-NOISE-001003-2013-03-22T00-00-00.txt,1
2013-11-20 20:21:00,58.95,61.37,55.18,61.88,63.89,58.44,DCC-NOISE-001003-2013-11-20T00-00-00.txt,0
2013-12-14 09:55:00,64.04,67.09,58.62,72.51,77.54,63.67,DCC-NOISE-001003-2013-12-14T00-00-00.txt,1
2013-08-18 15:30:00,84.47,90.77,62.95,88.53,94.02,65.45,DCC-NOISE-001003-2013-08-18T00-00-00.txt,1
2013-03-17 10:40:00,61.48,64.89,55.99,62.63,65.68,57.48,DCC-NOISE-001003-2013-03-17T00-00-00.txt,0
2013-12-16 05:15:00,52.74,57.76,48.55,55.7,59.93,50.31,DCC-NOISE-001003-2013-12-16T00-00-00.txt,0
2013-02-04 15:30:00,63.22,66.01,58.21,72.26,78.46,63.02,DCC-NOISE-001014-2013-02-04T00-00-00.txt,1
2013-02-08 07:50:00,61.94,64.35,59.41,65.22,67.83,62.89,DCC-NOISE-001014-2013-02-08T00-00-00.txt,0
2013-05-06 13:25:00,65.73,71.51,50.4,65.7,70.48,55.18,DCC-NOISE-001003-2013-05-06T00-00-00.txt,1
2013-12-04 09:52:00,63.51,65.27,60.99,65.51,67.04,63.47,DCC-NOISE-001003-2013-12-04T00-00-00.txt,1
2013-08-19 07:10:00,59.07,61.67,55.48,63.58,66.3,60.36,DCC-NOISE-001003-2013-08-19T00-00-00.txt,0
2013-03-14 07:15:00,61.42,64.73,56.36,65.83,70.65,60.16,DCC-NOISE-001003-2013-03-14T00-00-00.txt,0
2013-01-28 11:15:00,63.79,66.61,58.26,73.79,80.18,63.46,DCC-NOISE-001014-2013-01-28T00-00-00.txt,1
2013-12-14 14:00:00,69.2,74.48,62.15,79.36,86.26,66.8,DCC-NOISE-001003-2013-12-14T00-00-00.txt,1
2013-10-08 22:46:00,52.47,57.3,45.6,55.69,59.23,50.11,DCC-NOISE-001003-2013-10-08T00-00-00.txt,0
2013-12-27 08:37:00,63.91,66.65,58.58,72.17,77.66,62.88,DCC-NOISE-001003-2013-12-27T00-02-00.txt,1
2013-12-27 11:37:00,65.09,69.03,59.96,73.41,81.0,63.97,DCC-NOISE-001003-2013-12-27T00-02-00.txt,1
2013-02-08 16:30:00,67.33,71.73,57.01,69.58,74.31,61.2,DCC-NOISE-001014-2013-02-08T00-00-00.txt,1
2013-10-19 13:57:00,61.78,63.93,58.17,63.65,65.63,59.82,DCC-NOISE-001003-2013-10-19T00-00-00.txt,0
2013-05-28 01:50:00,48.45,55.19,41.54,51.11,56.75,46.14,DCC-NOISE-001003-2013-05-28T00-00-00.txt,0
2013-09-04 10:35:00,54.95,58.79,48.76,60.18,63.68,55.24,DCC-NOISE-001003-2013-09-04T00-00-00.txt,0
2013-04-03 12:35:00,63.66,66.97,58.82,64.83,67.05,60.61,DCC-NOISE-001003-2013-04-03T00-00-00.txt,1
2013-12-31 13:37:00,64.96,66.92,61.37,71.57,76.06,64.1,DCC-NOISE-001003-2013-12-31T00-02-00.txt,1
2013-03-19 13:00:00,65.36,67.73,58.68,69.69,73.08,62.77,DCC-NOISE-001003-2013-03-19T00-00-00.txt,1
2013-04-29 11:55:00,64.44,66.19,60.77,72.39,76.78,66.28,DCC-NOISE-001003-2013-04-29T00-00-00.txt,1
2013-03-21 13:20:00,65.57,67.84,62.91,68.61,70.54,65.85,DCC-NOISE-001003-2013-03-21T00-00-00.txt,1
2013-03-20 15:10:00,67.58,70.13,64.45,71.01,75.08,67.41,DCC-NOISE-001003-2013-03-20T00-00-00.txt,1
2013-02-28 07:40:00,59.13,62.49,54.41,63.11,66.67,57.85,DCC-NOISE-001003-2013-02-28T00-00-00.txt,0
2013-12-03 06:07:00,52.04,56.27,47.99,55.59,59.12,51.89,DCC-NOISE-001003-2013-12-03T00-00-00.txt,0
2013-10-16 11:52:00,63.23,65.82,59.54,64.14,66.53,60.84,DCC-NOISE-001003-2013-10-16T00-00-00.txt,1
2013-06-11 15:10:00,62.17,64.32,58.56,69.06,71.84,65.44,DCC-NOISE-001003-2013-06-11T00-00-00.txt,0
2013-08-31 09:20:00,56.2,59.26,51.22,59.08,61.49,54.53,DCC-NOISE-001003-2013-08-31T00-00-00.txt,0
2013-04-03 19:25:00,58.33,62.51,50.36,60.95,63.84,55.65,DCC-NOISE-001003-2013-04-03T00-00-00.txt,0
2013-12-27 11:27:00,63.59,64.88,58.17,70.79,75.13,61.25,DCC-NOISE-001003-2013-12-27T00-02-00.txt,1
2013-05-29 22:00:00,53.96,56.89,49.35,58.37,61.62,53.02,DCC-NOISE-001003-2013-05-29T00-00-00.txt,0
2013-02-14 20:10:00,60.41,62.87,56.06,63.41,65.74,59.47,DCC-NOISE-001014-2013-02-14T00-00-00.txt,0
2013-04-22 16:45:00,66.08,64.3,57.17,68.23,71.18,60.4,DCC-NOISE-001003-2013-04-22T00-00-00.txt,1
2013-02-01 12:55:00,60.33,62.25,57.78,65.89,68.98,62.11,DCC-NOISE-001014-2013-02-01T00-00-00.txt,0
2013-12-30 13:15:00,63.6,65.36,60.53,65.99,69.24,61.92,DCC-NOISE-001003-2013-12-30T00-00-00.txt,1
2013-03-19 13:15:00,60.47,62.89,56.2,62.49,64.53,58.85,DCC-NOISE-001003-2013-03-19T00-00-00.txt,0
2013-04-18 09:10:00,61.08,63.9,56.19,68.82,74.41,61.13,DCC-NOISE-001003-2013-04-18T00-00-00.txt,0
2013-11-12 09:16:00,60.66,62.88,57.15,64.25,65.98,61.53,DCC-NOISE-001003-2013-11-12T00-00-00.txt,0
2013-03-25 14:35:00,65.98,70.34,55.48,72.02,76.56,59.59,DCC-NOISE-001003-2013-03-25T00-00-00.txt,1
2013-04-23 10:35:00,69.65,73.02,57.48,74.52,78.24,61.87,DCC-NOISE-001003-2013-04-23T00-00-00.txt,1
2013-11-26 14:36:00,65.38,67.2,62.72,72.58,74.72,68.92,DCC-NOISE-001003-2013-11-26T00-00-00.txt,1
2013-05-11 13:15:00,59.67,61.72,54.87,64.29,67.67,59.38,DCC-NOISE-001003-2013-05-11T00-00-00.txt,0
2013-06-20 07:15:00,67.27,74.1,47.59,66.42,72.62,53.35,DCC-NOISE-001003-2013-06-20T00-00-00.txt,1
2013-12-27 18:37:00,67.06,72.9,59.29,76.8,84.07,63.98,DCC-NOISE-001003-2013-12-27T00-02-00.txt,1
2013-11-28 11:31:00,61.02,62.99,57.48,64.07,66.7,60.19,DCC-NOISE-001003-2013-11-28T00-00-00.txt,0
2013-08-02 10:50:00,64.95,71.6,57.49,71.28,77.74,63.79,DCC-NOISE-001003-2013-08-02T00-00-00.txt,1
2013-01-15 15:11:00,58.14,61.79,51.61,61.34,64.83,54.68,DCC-NOISE-001003-2013-01-15T00-00-00.txt,0
2013-11-16 11:22:00,60.21,63.67,55.25,64.31,69.41,58.89,DCC-NOISE-001003-2013-11-16T00-00-00.txt,0
2013-02-23 14:20:00,64.35,65.52,62.46,65.41,66.75,63.48,DCC-NOISE-001003-2013-02-23T00-00-00.txt,1
2013-12-03 03:37:00,43.59,44.39,42.49,47.68,48.52,46.56,DCC-NOISE-001003-2013-12-03T00-00-00.txt,0
2013-12-27 12:42:00,63.29,65.52,59.9,67.47,71.45,62.52,DCC-NOISE-001003-2013-12-27T00-02-00.txt,1
2013-10-07 10:36:00,56.88,59.33,52.73,61.16,63.24,57.74,DCC-NOISE-001003-2013-10-07T00-00-00.txt,0
2013-12-09 14:17:00,60.22,62.21,55.74,62.49,64.4,58.61,DCC-NOISE-001003-2013-12-09T00-02-00.txt,0
2013-01-23 05:37:00,52.37,58.44,42.26,55.94,61.33,46.85,DCC-NOISE-001003-2013-01-23T00-00-00.txt,0
2013-04-19 08:50:00,59.28,62.36,54.78,63.48,66.4,59.98,DCC-NOISE-001003-2013-04-19T00-00-00.txt,0
2013-03-22 11:30:00,63.9,65.98,59.34,66.62,68.56,61.91,DCC-NOISE-001003-2013-03-22T00-00-00.txt,1
2013-03-22 13:40:00,63.19,65.99,57.9,64.96,67.32,60.87,DCC-NOISE-001003-2013-03-22T00-00-00.txt,1
2013-10-31 14:16:00,70.41,74.72,63.93,74.24,77.15,69.69,DCC-NOISE-001003-2013-10-31T00-00-00.txt,1
2013-08-18 16:30:00,80.05,85.48,67.95,84.99,89.33,69.4,DCC-NOISE-001003-2013-08-18T00-00-00.txt,1
2013-01-27 13:50:00,65.71,68.55,61.98,74.13,80.11,65.3,DCC-NOISE-001014-2013-01-27T00-00-00.txt,1
2013-06-08 10:10:00,56.38,59.01,46.37,59.66,63.35,51.65,DCC-NOISE-001003-2013-06-08T00-00-00.txt,0
2013-12-07 12:32:00,62.05,63.83,59.04,62.82,64.7,59.61,DCC-NOISE-001003-2013-12-07T00-02-00.txt,0
2013-08-18 16:05:00,80.14,85.22,65.59,81.93,86.73,67.26,DCC-NOISE-001003-2013-08-18T00-00-00.txt,1
2013-04-13 16:10:00,64.94,65.34,52.41,66.03,68.0,56.46,DCC-NOISE-001003-2013-04-13T00-00-00.txt,1
2013-03-10 14:25:00,60.98,64.91,55.0,66.72,72.48,58.98,DCC-NOISE-001003-2013-03-10T00-00-00.txt,0
2013-12-20 19:20:00,63.5,65.4,59.89,70.65,75.33,64.16,DCC-NOISE-001003-2013-12-20T00-00-00.txt,1
2013-04-22 11:45:00,59.87,63.04,55.52,64.64,67.89,59.88,DCC-NOISE-001003-2013-04-22T00-00-00.txt,0
2013-01-29 11:50:00,69.25,71.15,66.62,70.31,73.04,66.86,DCC-NOISE-001014-2013-01-29T00-00-00.txt,1
2013-04-03 15:00:00,66.68,69.81,62.32,66.71,69.25,62.92,DCC-NOISE-001003-2013-04-03T00-00-00.txt,1
2013-05-23 07:10:00,62.33,62.31,54.83,64.39,65.55,58.62,DCC-NOISE-001003-2013-05-23T00-00-00.txt,0
2013-07-28 02:25:00,52.12,57.15,43.49,54.65,59.15,46.88,DCC-NOISE-001003-2013-07-28T00-00-00.txt,0
2013-06-24 23:20:00,51.95,55.7,44.03,55.7,59.97,48.43,DCC-NOISE-001003-2013-06-24T00-00-00.txt,0
2013-03-25 16:00:00,62.66,64.65,59.35,65.21,68.16,61.71,DCC-NOISE-001003-2013-03-25T00-00-00.txt,0
2013-11-08 16:21:00,60.2,62.44,55.8,62.63,64.37,59.63,DCC-NOISE-001003-2013-11-08T00-00-00.txt,0
2013-01-08 10:30:00,73.73,75.67,70.78,72.56,74.43,69.78,DCC-NOISE-001003-2013-01-08T00-00-00.txt,1
2013-08-30 10:35:00,63.68,69.89,55.3,65.89,69.97,61.09,DCC-NOISE-001003-2013-08-30T00-00-00.txt,1
2013-03-11 20:50:00,56.12,59.62,49.9,59.08,62.62,53.04,DCC-NOISE-001003-2013-03-11T00-00-00.txt,0
2013-02-16 23:35:00,53.96,58.4,46.99,57.09,61.33,51.11,DCC-NOISE-001014-2013-02-16T00-00-00.txt,0
2013-12-21 12:43:00,63.1,64.38,60.93,64.06,65.65,61.43,DCC-NOISE-001003-2013-12-21T00-03-00.txt,1
2013-11-02 17:12:00,63.69,65.59,60.02,68.37,70.89,63.22,DCC-NOISE-001003-2013-11-02T00-00-00.txt,1
2013-02-05 13:20:00,61.86,64.23,57.59,69.87,73.97,62.57,DCC-NOISE-001014-2013-02-05T00-00-00.txt,0
2013-04-03 12:45:00,64.21,67.17,59.08,65.07,67.46,60.75,DCC-NOISE-001003-2013-04-03T00-00-00.txt,1
2013-12-20 18:45:00,63.63,65.87,60.54,69.71,73.46,63.96,DCC-NOISE-001003-2013-12-20T00-00-00.txt,1
2013-09-23 18:50:00,55.61,58.97,48.4,58.99,61.56,52.99,DCC-NOISE-001003-2013-09-23T00-00-00.txt,0
2013-10-31 14:01:00,71.82,75.44,68.29,79.56,81.74,76.27,DCC-NOISE-001003-2013-10-31T00-00-00.txt,1
2013-04-03 14:50:00,63.23,66.64,57.28,65.42,68.63,60.25,DCC-NOISE-001003-2013-04-03T00-00-00.txt,1
2013-10-14 00:20:00,64.12,69.22,52.23,66.96,72.46,58.3,DCC-NOISE-001003-2013-10-14T00-00-00.txt,1
2013-08-29 14:05:00,60.17,64.19,54.65,67.4,71.22,62.47,DCC-NOISE-001003-2013-08-29T00-00-00.txt,0
2013-06-13 08:20:00,62.21,65.21,58.32,65.12,67.1,61.28,DCC-NOISE-001003-2013-06-13T00-00-00.txt,0
2013-05-09 16:50:00,63.17,66.24,59.04,66.66,69.68,61.91,DCC-NOISE-001003-2013-05-09T00-00-00.txt,1
2013-04-18 00:35:00,63.97,68.19,56.21,72.74,78.84,61.93,DCC-NOISE-001003-2013-04-18T00-00-00.txt,1
2013-05-09 14:45:00,61.36,64.14,57.87,65.23,67.67,61.95,DCC-NOISE-001003-2013-05-09T00-00-00.txt,0
2013-12-27 05:17:00,65.25,70.22,56.59,75.19,81.87,62.43,DCC-NOISE-001003-2013-12-27T00-02-00.txt,1
2013-10-22 18:56:00,56.3,59.39,51.9,60.08,62.39,56.71,DCC-NOISE-001003-2013-10-22T00-00-00.txt,0
2013-12-22 12:15:00,63.14,65.0,60.82,64.64,66.67,62.15,DCC-NOISE-001003-2013-12-22T00-00-00.txt,1
2013-12-14 11:00:00,65.54,69.15,61.37,73.84,79.94,65.09,DCC-NOISE-001003-2013-12-14T00-00-00.txt,1
2013-11-20 17:11:00,60.74,62.51,56.83,65.4,67.55,61.47,DCC-NOISE-001003-2013-11-20T00-00-00.txt,0
2013-12-31 14:27:00,65.91,67.14,64.35,66.18,67.5,64.41,DCC-NOISE-001003-2013-12-31T00-02-00.txt,1
2013-12-24 10:40:00,62.75,65.5,58.51,71.46,76.83,62.99,DCC-NOISE-001003-2013-12-24T00-00-00.txt,0
2013-10-04 10:47:00,64.15,69.73,56.67,70.08,77.01,59.92,DCC-NOISE-001003-2013-10-04T00-00-00.txt,1
2013-12-14 17:00:00,61.32,63.47,57.33,67.17,72.48,60.64,DCC-NOISE-001003-2013-12-14T00-00-00.txt,0
2013-02-14 08:50:00,63.23,65.04,59.57,66.93,69.53,63.11,DCC-NOISE-001014-2013-02-14T00-00-00.txt,1
2013-09-20 10:45:00,63.24,66.07,59.05,68.31,70.55,64.3,DCC-NOISE-001003-2013-09-20T00-00-00.txt,1
2013-11-18 12:12:00,64.03,68.53,55.22,65.23,68.0,60.08,DCC-NOISE-001003-2013-11-18T00-00-00.txt,1
2013-05-05 19:35:00,70.65,72.12,68.29,69.62,71.15,67.13,DCC-NOISE-001003-2013-05-05T00-00-00.txt,1
2013-11-11 15:06:00,59.6,62.1,56.09,63.2,65.47,59.99,DCC-NOISE-001003-2013-11-11T00-00-00.txt,0
2013-04-09 21:15:00,56.19,60.16,49.28,58.94,61.62,53.52,DCC-NOISE-001003-2013-04-09T00-00-00.txt,0
2013-12-14 12:40:00,68.04,71.52,63.02,76.72,83.77,66.23,DCC-NOISE-001003-2013-12-14T00-00-00.txt,1
2013-08-18 14:10:00,80.94,85.64,64.61,85.63,89.41,68.46,DCC-NOISE-001003-2013-08-18T00-00-00.txt,1
2013-04-17 13:50:00,61.3,63.13,57.93,69.14,73.77,62.23,DCC-NOISE-001003-2013-04-17T00-00-00.txt,0
2013-10-31 11:46:00,72.6,75.18,68.52,75.09,77.14,71.76,DCC-NOISE-001003-2013-10-31T00-00-00.txt,1
2013-03-22 05:10:00,58.42,63.1,49.44,69.59,75.57,56.7,DCC-NOISE-001003-2013-03-22T00-00-00.txt,0
2013-03-21 13:30:00,67.61,72.33,64.03,71.35,75.85,67.0,DCC-NOISE-001003-2013-03-21T00-00-00.txt,1
2013-05-01 11:10:00,63.33,66.77,59.67,69.48,72.83,65.25,DCC-NOISE-001003-2013-05-01T00-00-00.txt,1
2013-10-31 11:36:00,63.11,65.48,59.44,69.43,71.1,66.58,DCC-NOISE-001003-2013-10-31T00-00-00.txt,1
2013-09-15 17:05:00,59.18,61.19,55.11,62.67,65.31,57.65,DCC-NOISE-001003-2013-09-15T00-00-00.txt,0
2013-12-14 10:25:00,65.34,68.57,60.81,74.39,81.17,64.81,DCC-NOISE-001003-2013-12-14T00-00-00.txt,1
2013-04-18 13:35:00,65.39,70.77,58.23,74.85,82.69,63.04,DCC-NOISE-001003-2013-04-18T00-00-00.txt,1
2013-01-17 21:21:00,63.14,69.81,51.25,68.26,75.36,56.78,DCC-NOISE-001003-2013-01-17T00-00-00.txt,1
2013-08-06 05:20:00,51.96,57.04,44.53,54.04,58.68,47.88,DCC-NOISE-001003-2013-08-06T00-00-00.txt,0
2013-04-29 13:50:00,71.18,74.03,61.64,71.26,73.63,64.62,DCC-NOISE-001003-2013-04-29T00-00-00.txt,1
2013-10-26 01:51:00,51.98,57.28,45.46,53.75,58.7,48.26,DCC-NOISE-001003-2013-10-26T00-00-00.txt,0
2013-08-18 16:00:00,74.13,80.92,61.62,76.55,83.07,63.6,DCC-NOISE-001003-2013-08-18T00-00-00.txt,1
2013-08-31 09:50:00,56.66,59.32,52.56,60.58,62.8,55.81,DCC-NOISE-001003-2013-08-31T00-00-00.txt,0
2013-12-10 15:10:00,61.33,63.06,58.54,65.61,69.39,61.22,DCC-NOISE-001003-2013-12-10T00-00-00.txt,0
2013-02-01 13:10:00,64.49,66.36,58.03,68.46,73.25,62.79,DCC-NOISE-001014-2013-02-01T00-00-00.txt,1
2013-10-31 15:11:00,65.65,68.93,60.78,71.54,74.01,67.69,DCC-NOISE-001003-2013-10-31T00-00-00.txt,1
2013-03-19 10:00:00,64.54,71.08,53.52,68.21,73.04,57.95,DCC-NOISE-001003-2013-03-19T00-00-00.txt,1
2013-12-04 15:12:00,62.01,63.59,59.7,63.39,65.1,61.33,DCC-NOISE-001003-2013-12-04T00-00-00.txt,0
2013-02-20 23:05:00,53.14,58.45,44.82,57.22,62.31,49.95,DCC-NOISE-001003-2013-02-20T00-00-00.txt,0
2013-11-10 22:31:00,54.37,59.47,47.65,56.7,61.29,50.11,DCC-NOISE-001003-2013-11-10T00-00-00.txt,0
2013-05-01 10:55:00,70.71,76.61,58.95,76.26,81.58,63.08,DCC-NOISE-001003-2013-05-01T00-00-00.txt,1
2013-06-18 22:35:00,65.2,69.75,52.87,64.32,68.46,55.51,DCC-NOISE-001003-2013-06-18T00-00-00.txt,1
2013-12-07 06:07:00,52.67,58.12,45.99,54.97,59.64,49.66,DCC-NOISE-001003-2013-12-07T00-02-00.txt,0
2013-10-16 11:12:00,63.23,66.32,58.82,64.33,66.93,59.75,DCC-NOISE-001003-2013-10-16T00-00-00.txt,1
2013-12-24 13:00:00,64.06,66.87,59.9,72.01,76.74,63.97,DCC-NOISE-001003-2013-12-24T00-00-00.txt,1
2013-01-11 03:18:00,51.62,58.15,43.21,53.84,58.75,48.61,DCC-NOISE-001003-2013-01-11T00-00-00.txt,0
2013-06-13 17:10:00,57.75,59.57,54.92,61.83,63.89,58.61,DCC-NOISE-001003-2013-06-13T00-00-00.txt,0
2013-04-14 19:35:00,63.3,67.29,57.31,72.65,79.7,61.48,DCC-NOISE-001003-2013-04-14T00-00-00.txt,1
2013-04-29 12:05:00,66.06,68.36,61.91,71.87,74.31,67.21,DCC-NOISE-001003-2013-04-29T00-00-00.txt,1
2013-07-17 13:55:00,52.98,55.92,47.69,58.19,60.87,53.38,DCC-NOISE-001003-2013-07-17T00-00-00.txt,0
2013-04-23 17:10:00,72.38,74.17,69.4,71.41,72.98,68.71,DCC-NOISE-001003-2013-04-23T00-00-00.txt,1
2013-11-18 08:32:00,60.63,62.96,58.19,64.4,66.78,61.97,DCC-NOISE-001003-2013-11-18T00-00-00.txt,0
2013-01-18 12:16:00,63.09,65.73,57.73,66.24,68.93,61.31,DCC-NOISE-001003-2013-01-18T00-00-00.txt,1
2013-10-08 03:36:00,50.4,54.14,44.61,53.33,56.63,47.83,DCC-NOISE-001003-2013-10-08T00-00-00.txt,0
2013-09-16 13:15:00,60.2,62.66,56.4,63.79,66.08,59.88,DCC-NOISE-001003-2013-09-16T00-00-00.txt,0
2013-05-10 16:50:00,63.13,67.12,58.93,68.53,71.06,62.26,DCC-NOISE-001003-2013-05-10T00-00-00.txt,1
2013-12-31 11:52:00,60.69,62.59,56.53,64.16,66.01,60.33,DCC-NOISE-001003-2013-12-31T00-02-00.txt,0
2013-02-11 09:50:00,60.17,64.6,54.02,63.31,67.02,58.46,DCC-NOISE-001014-2013-02-11T00-00-00.txt,0
2013-12-14 12:20:00,66.03,68.73,60.49,74.93,81.16,65.84,DCC-NOISE-001003-2013-12-14T00-00-00.txt,1
2013-01-18 03:01:00,69.42,79.44,47.48,74.61,84.0,55.53,DCC-NOISE-001003-2013-01-18T00-00-00.txt,1
2013-01-13 14:56:00,64.84,68.12,59.03,66.97,70.29,61.5,DCC-NOISE-001003-2013-01-13T00-00-00.txt,1
2013-01-10 22:00:00,58.18,61.04,54.32,60.41,62.68,57.35,DCC-NOISE-001003-2013-01-10T00-00-00.txt,0
2013-04-18 13:10:00,64.41,69.51,58.58,74.09,81.34,62.54,DCC-NOISE-001003-2013-04-18T00-00-00.txt,1
2013-09-19 13:45:00,59.28,61.27,55.25,63.56,65.9,58.69,DCC-NOISE-001003-2013-09-19T00-00-00.txt,0
2013-12-14 12:10:00,65.68,68.78,60.21,73.8,79.91,64.04,DCC-NOISE-001003-2013-12-14T00-00-00.txt,1
2013-01-06 22:00:00,61.22,65.17,48.89,61.89,64.83,52.46,DCC-NOISE-001003-2013-01-06T00-00-00.txt,0
2013-03-13 19:20:00,60.43,63.2,56.35,62.96,65.07,59.63,DCC-NOISE-001003-2013-03-13T00-00-00.txt,0
2013-09-03 11:20:00,73.04,79.68,62.61,78.45,84.88,68.62,DCC-NOISE-001003-2013-09-03T00-00-00.txt,1
2013-12-27 02:57:00,63.39,68.61,55.68,74.4,81.27,61.46,DCC-NOISE-001003-2013-12-27T00-02-00.txt,1
2013-05-15 18:05:00,64.53,65.42,56.67,66.31,68.07,59.3,DCC-NOISE-001003-2013-05-15T00-00-00.txt,1
2013-04-14 20:15:00,60.58,63.66,55.69,67.79,72.69,59.49,DCC-NOISE-001003-2013-04-14T00-00-00.txt,0
2013-12-14 12:50:00,66.05,68.91,61.92,73.36,79.25,65.51,DCC-NOISE-001003-2013-12-14T00-00-00.txt,1
2013-08-18 15:25:00,84.19,89.37,62.94,88.84,92.65,66.02,DCC-NOISE-001003-2013-08-18T00-00-00.txt,1
2013-02-05 12:35:00,62.52,65.17,58.12,70.15,76.13,61.89,DCC-NOISE-001014-2013-02-05T00-00-00.txt,0
